"GDP and main components  (output, expenditure and income) [namq_10_gdp]",,,,,,,,,,,,,,,,,,,,,,,,,,,,,,,,,,,,,,,,,,,,,,,,,,,,,,,,,,,,,,,,,,,,,,
,,,,,,,,,,,,,,,,,,,,,,,,,,,,,,,,,,,,,,,,,,,,,,,,,,,,,,,,,,,,,,,,,,,,,,
Last update,23.09.16,,,,,,,,,,,,,,,,,,,,,,,,,,,,,,,,,,,,,,,,,,,,,,,,,,,,,,,,,,,,,,,,,,,,,
Extracted on,26.09.16,,,,,,,,,,,,,,,,,,,,,,,,,,,,,,,,,,,,,,,,,,,,,,,,,,,,,,,,,,,,,,,,,,,,,
Source of data,Eurostat,,,,,,,,,,,,,,,,,,,,,,,,,,,,,,,,,,,,,,,,,,,,,,,,,,,,,,,,,,,,,,,,,,,,,
,,,,,,,,,,,,,,,,,,,,,,,,,,,,,,,,,,,,,,,,,,,,,,,,,,,,,,,,,,,,,,,,,,,,,,
UNIT,"Current prices, million euro",,,,,,,,,,,,,,,,,,,,,,,,,,,,,,,,,,,,,,,,,,,,,,,,,,,,,,,,,,,,,,,,,,,,,
S_ADJ,Unadjusted data (i.e. neither seasonally adjusted nor calendar adjusted data),,,,,,,,,,,,,,,,,,,,,,,,,,,,,,,,,,,,,,,,,,,,,,,,,,,,,,,,,,,,,,,,,,,,,
NA_ITEM,Gross domestic product at market prices,,,,,,,,,,,,,,,,,,,,,,,,,,,,,,,,,,,,,,,,,,,,,,,,,,,,,,,,,,,,,,,,,,,,,
,,,,,,,,,,,,,,,,,,,,,,,,,,,,,,,,,,,,,,,,,,,,,,,,,,,,,,,,,,,,,,,,,,,,,,
GEO/TIME,1999Q1,1999Q2,1999Q3,1999Q4,2000Q1,2000Q2,2000Q3,2000Q4,2001Q1,2001Q2,2001Q3,2001Q4,2002Q1,2002Q2,2002Q3,2002Q4,2003Q1,2003Q2,2003Q3,2003Q4,2004Q1,2004Q2,2004Q3,2004Q4,2005Q1,2005Q2,2005Q3,2005Q4,2006Q1,2006Q2,2006Q3,2006Q4,2007Q1,2007Q2,2007Q3,2007Q4,2008Q1,2008Q2,2008Q3,2008Q4,2009Q1,2009Q2,2009Q3,2009Q4,2010Q1,2010Q2,2010Q3,2010Q4,2011Q1,2011Q2,2011Q3,2011Q4,2012Q1,2012Q2,2012Q3,2012Q4,2013Q1,2013Q2,2013Q3,2013Q4,2014Q1,2014Q2,2014Q3,2014Q4,2015Q1,2015Q2,2015Q3,2015Q4,2016Q1,2016Q2
Estonia,"1,221.1","1,390.5","1,365.1","1,402.1","1,390.9","1,575.3","1,542.7","1,661.9","1,569.6","1,797.4","1,751.8","1,857.6","1,753.4","1,999.2","1,961.6","2,059.6","1,998.5","2,228.8","2,194.2","2,287.3","2,297.3","2,377.4","2,478.9","2,554.1","2,515.2","2,833.1","2,893.1","3,020.9","3,020.4","3,355.5","3,478.7","3,667.1","3,684.3","4,069.3","4,144.0","4,348.8","3,875.4","4,365.2","4,193.9","4,082.8","3,448.7","3,611.9","3,477.3","3,607.9","3,305.3","3,679.1","3,771.2","3,960.9","3,798.2","4,212.0","4,255.1","4,402.3","4,112.7","4,559.9","4,566.8","4,695.4","4,378.4","4,767.4","4,808.0","4,936.3","4,578.1","4,989.5","4,973.7","5,217.0","4,698.6","5,125.8","5,103.1","5,324.2","4,835.0","5,263.7"
Latvia,"1,527.6","1,760.1","1,804.9","1,963.3","1,847.2","2,163.8","2,236.5","2,381.4","2,004.5","2,429.5","2,374.8","2,560.1","2,294.7","2,622.0","2,540.1","2,683.5","2,348.8","2,601.7","2,721.1","2,785.3","2,537.7","2,904.7","3,063.6","3,154.2","2,865.2","3,296.1","3,611.7","3,937.9","3,604.9","4,145.7","4,544.1","4,938.3","4,834.1","5,588.8","6,011.2","6,209.8","5,724.5","6,241.5","6,328.6","6,023.8","4,692.9","4,790.1","4,607.0","4,640.2","4,008.5","4,372.5","4,582.9","4,807.3","4,372.9","4,971.3","5,265.0","5,537.0","4,865.4","5,449.7","5,741.2","5,936.7","5,062.5","5,643.2","5,952.4","6,123.4","5,289.7","5,821.0","6,130.3","6,315.4","5,412.8","6,050.1","6,386.1","6,445.2","5,482.7","6,271.9"
Lithuania,"2,176.0","2,700.7","2,715.1","2,725.0","2,656.8","3,124.2","3,267.4","3,504.8","2,996.0","3,542.5","3,543.1","3,619.2","3,311.3","3,833.0","3,988.9","4,042.9","3,710.3","4,132.3","4,334.4","4,491.7","3,931.7","4,504.6","4,760.8","5,040.3","4,391.1","5,176.2","5,576.4","5,858.6","5,040.5","5,887.0","6,456.9","6,694.8","6,030.8","7,176.1","7,834.3","7,999.4","7,167.3","8,483.3","8,741.7","8,303.9","6,395.7","7,065.6","6,825.0","6,648.5","6,285.9","7,122.5","7,336.9","7,282.3","6,906.7","7,974.2","8,348.7","8,033.5","7,480.3","8,318.0","8,959.7","8,576.7","7,695.1","8,772.3","9,515.5","8,979.3","8,184.9","9,204.6","9,777.3","9,277.5","8,253.2","9,366.8","9,979.1","9,524.6","8,489.6","9,611.3"
,,,,,,,,,,,,,,,,,,,,,,,,,,,,,,,,,,,,,,,,,,,,,,,,,,,,,,,,,,,,,,,,,,,,,,
Special value:,,,,,,,,,,,,,,,,,,,,,,,,,,,,,,,,,,,,,,,,,,,,,,,,,,,,,,,,,,,,,,,,,,,,,,
:,not available,,,,,,,,,,,,,,,,,,,,,,,,,,,,,,,,,,,,,,,,,,,,,,,,,,,,,,,,,,,,,,,,,,,,,
,,,,,,,,,,,,,,,,,,,,,,,,,,,,,,,,,,,,,,,,,,,,,,,,,,,,,,,,,,,,,,,,,,,,,,
UNIT,"Current prices, million euro",,,,,,,,,,,,,,,,,,,,,,,,,,,,,,,,,,,,,,,,,,,,,,,,,,,,,,,,,,,,,,,,,,,,,
S_ADJ,Unadjusted data (i.e. neither seasonally adjusted nor calendar adjusted data),,,,,,,,,,,,,,,,,,,,,,,,,,,,,,,,,,,,,,,,,,,,,,,,,,,,,,,,,,,,,,,,,,,,,
NA_ITEM,Wages and salaries,,,,,,,,,,,,,,,,,,,,,,,,,,,,,,,,,,,,,,,,,,,,,,,,,,,,,,,,,,,,,,,,,,,,,
,,,,,,,,,,,,,,,,,,,,,,,,,,,,,,,,,,,,,,,,,,,,,,,,,,,,,,,,,,,,,,,,,,,,,,
GEO/TIME,1999Q1,1999Q2,1999Q3,1999Q4,2000Q1,2000Q2,2000Q3,2000Q4,2001Q1,2001Q2,2001Q3,2001Q4,2002Q1,2002Q2,2002Q3,2002Q4,2003Q1,2003Q2,2003Q3,2003Q4,2004Q1,2004Q2,2004Q3,2004Q4,2005Q1,2005Q2,2005Q3,2005Q4,2006Q1,2006Q2,2006Q3,2006Q4,2007Q1,2007Q2,2007Q3,2007Q4,2008Q1,2008Q2,2008Q3,2008Q4,2009Q1,2009Q2,2009Q3,2009Q4,2010Q1,2010Q2,2010Q3,2010Q4,2011Q1,2011Q2,2011Q3,2011Q4,2012Q1,2012Q2,2012Q3,2012Q4,2013Q1,2013Q2,2013Q3,2013Q4,2014Q1,2014Q2,2014Q3,2014Q4,2015Q1,2015Q2,2015Q3,2015Q4,2016Q1,2016Q2
Estonia,429.0,497.6,442.5,514.9,481.4,554.0,498.1,580.7,539.7,622.8,556.6,640.8,587.3,679.7,617.0,715.8,663.7,761.8,696.2,797.1,745.9,829.7,775.5,882.9,839.7,945.4,903.0,"1,042.9",994.9,"1,119.7","1,085.3","1,280.0","1,259.7","1,410.7","1,346.6","1,543.1","1,501.0","1,619.7","1,503.5","1,563.2","1,371.9","1,373.1","1,245.0","1,275.4","1,237.1","1,322.1","1,253.0","1,342.7","1,300.3","1,406.1","1,357.8","1,481.6","1,429.1","1,539.0","1,455.1","1,594.9","1,485.6","1,604.7","1,554.6","1,693.3","1,552.7","1,685.3","1,615.1","1,756.2","1,707.4","1,827.6","1,773.7","1,912.5","1,830.9","1,945.1"
Latvia,540.5,601.1,612.3,648.8,633.7,708.7,726.1,770.7,700.9,769.5,788.5,809.2,760.2,798.1,778.1,811.9,769.5,817.1,837.1,865.1,839.0,928.2,941.2,975.6,"1,039.8","1,130.9","1,186.3","1,274.7","1,297.9","1,444.6","1,537.9","1,707.4","1,847.7","2,075.4","2,190.1","2,356.4","2,364.2","2,512.5","2,543.6","2,481.8","1,999.0","1,914.3","1,724.3","1,596.2","1,466.7","1,598.5","1,581.4","1,673.1","1,476.0","1,687.0","1,645.7","1,767.1","1,647.4","1,834.7","1,832.9","1,942.7","1,767.0","1,976.8","1,956.7","2,054.3","1,929.9","2,115.0","2,102.0","2,203.7","2,058.3","2,292.8","2,275.2","2,390.6","2,191.0","2,419.9"
Lithuania,768.7,946.1,875.2,920.8,841.2,994.0,946.8,"1,058.6",924.7,"1,097.6",994.0,"1,065.4","1,062.4","1,177.5","1,139.0","1,245.1","1,158.1","1,347.7","1,289.4","1,374.3","1,258.9","1,502.5","1,456.7","1,615.3","1,444.8","1,713.5","1,705.5","1,893.4","1,695.9","1,988.0","2,104.0","2,346.4","1,971.8","2,377.2","2,490.2","2,824.8","2,385.9","2,844.5","2,943.3","3,014.7","2,260.3","2,445.0","2,326.2","2,288.9","2,142.5","2,312.1","2,255.6","2,340.9","2,211.3","2,454.3","2,428.3","2,597.6","2,412.9","2,598.1","2,547.7","2,699.3","2,520.9","2,764.6","2,724.2","2,823.9","2,587.6","2,970.5","2,867.4","2,976.4","2,693.4","3,126.3","3,046.8","3,138.3","2,900.7","3,365.1"
,,,,,,,,,,,,,,,,,,,,,,,,,,,,,,,,,,,,,,,,,,,,,,,,,,,,,,,,,,,,,,,,,,,,,,
Special value:,,,,,,,,,,,,,,,,,,,,,,,,,,,,,,,,,,,,,,,,,,,,,,,,,,,,,,,,,,,,,,,,,,,,,,
:,not available,,,,,,,,,,,,,,,,,,,,,,,,,,,,,,,,,,,,,,,,,,,,,,,,,,,,,,,,,,,,,,,,,,,,,
,,,,,,,,,,,,,,,,,,,,,,,,,,,,,,,,,,,,,,,,,,,,,,,,,,,,,,,,,,,,,,,,,,,,,,
UNIT,"Current prices, million euro",,,,,,,,,,,,,,,,,,,,,,,,,,,,,,,,,,,,,,,,,,,,,,,,,,,,,,,,,,,,,,,,,,,,,
S_ADJ,"Seasonally adjusted data, not calendar adjusted data",,,,,,,,,,,,,,,,,,,,,,,,,,,,,,,,,,,,,,,,,,,,,,,,,,,,,,,,,,,,,,,,,,,,,
NA_ITEM,Gross domestic product at market prices,,,,,,,,,,,,,,,,,,,,,,,,,,,,,,,,,,,,,,,,,,,,,,,,,,,,,,,,,,,,,,,,,,,,,
,,,,,,,,,,,,,,,,,,,,,,,,,,,,,,,,,,,,,,,,,,,,,,,,,,,,,,,,,,,,,,,,,,,,,,
GEO/TIME,1999Q1,1999Q2,1999Q3,1999Q4,2000Q1,2000Q2,2000Q3,2000Q4,2001Q1,2001Q2,2001Q3,2001Q4,2002Q1,2002Q2,2002Q3,2002Q4,2003Q1,2003Q2,2003Q3,2003Q4,2004Q1,2004Q2,2004Q3,2004Q4,2005Q1,2005Q2,2005Q3,2005Q4,2006Q1,2006Q2,2006Q3,2006Q4,2007Q1,2007Q2,2007Q3,2007Q4,2008Q1,2008Q2,2008Q3,2008Q4,2009Q1,2009Q2,2009Q3,2009Q4,2010Q1,2010Q2,2010Q3,2010Q4,2011Q1,2011Q2,2011Q3,2011Q4,2012Q1,2012Q2,2012Q3,2012Q4,2013Q1,2013Q2,2013Q3,2013Q4,2014Q1,2014Q2,2014Q3,2014Q4,2015Q1,2015Q2,2015Q3,2015Q4,2016Q1,2016Q2
Estonia,:,:,:,:,:,:,:,:,:,:,:,:,:,:,:,:,:,:,:,:,:,:,:,:,:,:,:,:,:,:,:,:,:,:,:,:,:,:,:,:,:,:,:,:,:,:,:,:,:,:,:,:,:,:,:,:,:,:,:,:,:,:,:,:,:,:,:,:,:,:
Latvia,:,:,:,:,:,:,:,:,:,:,:,:,:,:,:,:,:,:,:,:,:,:,:,:,:,:,:,:,:,:,:,:,:,:,:,:,:,:,:,:,:,:,:,:,:,:,:,:,:,:,:,:,:,:,:,:,:,:,:,:,:,:,:,:,:,:,:,:,:,:
Lithuania,:,:,:,:,:,:,:,:,:,:,:,:,:,:,:,:,:,:,:,:,:,:,:,:,:,:,:,:,:,:,:,:,:,:,:,:,:,:,:,:,:,:,:,:,:,:,:,:,:,:,:,:,:,:,:,:,:,:,:,:,:,:,:,:,:,:,:,:,:,:
,,,,,,,,,,,,,,,,,,,,,,,,,,,,,,,,,,,,,,,,,,,,,,,,,,,,,,,,,,,,,,,,,,,,,,
Special value:,,,,,,,,,,,,,,,,,,,,,,,,,,,,,,,,,,,,,,,,,,,,,,,,,,,,,,,,,,,,,,,,,,,,,,
:,not available,,,,,,,,,,,,,,,,,,,,,,,,,,,,,,,,,,,,,,,,,,,,,,,,,,,,,,,,,,,,,,,,,,,,,
,,,,,,,,,,,,,,,,,,,,,,,,,,,,,,,,,,,,,,,,,,,,,,,,,,,,,,,,,,,,,,,,,,,,,,
UNIT,"Current prices, million euro",,,,,,,,,,,,,,,,,,,,,,,,,,,,,,,,,,,,,,,,,,,,,,,,,,,,,,,,,,,,,,,,,,,,,
S_ADJ,"Seasonally adjusted data, not calendar adjusted data",,,,,,,,,,,,,,,,,,,,,,,,,,,,,,,,,,,,,,,,,,,,,,,,,,,,,,,,,,,,,,,,,,,,,
NA_ITEM,Wages and salaries,,,,,,,,,,,,,,,,,,,,,,,,,,,,,,,,,,,,,,,,,,,,,,,,,,,,,,,,,,,,,,,,,,,,,
,,,,,,,,,,,,,,,,,,,,,,,,,,,,,,,,,,,,,,,,,,,,,,,,,,,,,,,,,,,,,,,,,,,,,,
GEO/TIME,1999Q1,1999Q2,1999Q3,1999Q4,2000Q1,2000Q2,2000Q3,2000Q4,2001Q1,2001Q2,2001Q3,2001Q4,2002Q1,2002Q2,2002Q3,2002Q4,2003Q1,2003Q2,2003Q3,2003Q4,2004Q1,2004Q2,2004Q3,2004Q4,2005Q1,2005Q2,2005Q3,2005Q4,2006Q1,2006Q2,2006Q3,2006Q4,2007Q1,2007Q2,2007Q3,2007Q4,2008Q1,2008Q2,2008Q3,2008Q4,2009Q1,2009Q2,2009Q3,2009Q4,2010Q1,2010Q2,2010Q3,2010Q4,2011Q1,2011Q2,2011Q3,2011Q4,2012Q1,2012Q2,2012Q3,2012Q4,2013Q1,2013Q2,2013Q3,2013Q4,2014Q1,2014Q2,2014Q3,2014Q4,2015Q1,2015Q2,2015Q3,2015Q4,2016Q1,2016Q2
Estonia,:,:,:,:,:,:,:,:,:,:,:,:,:,:,:,:,:,:,:,:,:,:,:,:,:,:,:,:,:,:,:,:,:,:,:,:,:,:,:,:,:,:,:,:,:,:,:,:,:,:,:,:,:,:,:,:,:,:,:,:,:,:,:,:,:,:,:,:,:,:
Latvia,:,:,:,:,:,:,:,:,:,:,:,:,:,:,:,:,:,:,:,:,:,:,:,:,:,:,:,:,:,:,:,:,:,:,:,:,:,:,:,:,:,:,:,:,:,:,:,:,:,:,:,:,:,:,:,:,:,:,:,:,:,:,:,:,:,:,:,:,:,:
Lithuania,:,:,:,:,:,:,:,:,:,:,:,:,:,:,:,:,:,:,:,:,:,:,:,:,:,:,:,:,:,:,:,:,:,:,:,:,:,:,:,:,:,:,:,:,:,:,:,:,:,:,:,:,:,:,:,:,:,:,:,:,:,:,:,:,:,:,:,:,:,:
,,,,,,,,,,,,,,,,,,,,,,,,,,,,,,,,,,,,,,,,,,,,,,,,,,,,,,,,,,,,,,,,,,,,,,
Special value:,,,,,,,,,,,,,,,,,,,,,,,,,,,,,,,,,,,,,,,,,,,,,,,,,,,,,,,,,,,,,,,,,,,,,,
:,not available,,,,,,,,,,,,,,,,,,,,,,,,,,,,,,,,,,,,,,,,,,,,,,,,,,,,,,,,,,,,,,,,,,,,,
,,,,,,,,,,,,,,,,,,,,,,,,,,,,,,,,,,,,,,,,,,,,,,,,,,,,,,,,,,,,,,,,,,,,,,
UNIT,"Current prices, million euro",,,,,,,,,,,,,,,,,,,,,,,,,,,,,,,,,,,,,,,,,,,,,,,,,,,,,,,,,,,,,,,,,,,,,
S_ADJ,"Calendar adjusted data, not seasonally adjusted data",,,,,,,,,,,,,,,,,,,,,,,,,,,,,,,,,,,,,,,,,,,,,,,,,,,,,,,,,,,,,,,,,,,,,
NA_ITEM,Gross domestic product at market prices,,,,,,,,,,,,,,,,,,,,,,,,,,,,,,,,,,,,,,,,,,,,,,,,,,,,,,,,,,,,,,,,,,,,,
,,,,,,,,,,,,,,,,,,,,,,,,,,,,,,,,,,,,,,,,,,,,,,,,,,,,,,,,,,,,,,,,,,,,,,
GEO/TIME,1999Q1,1999Q2,1999Q3,1999Q4,2000Q1,2000Q2,2000Q3,2000Q4,2001Q1,2001Q2,2001Q3,2001Q4,2002Q1,2002Q2,2002Q3,2002Q4,2003Q1,2003Q2,2003Q3,2003Q4,2004Q1,2004Q2,2004Q3,2004Q4,2005Q1,2005Q2,2005Q3,2005Q4,2006Q1,2006Q2,2006Q3,2006Q4,2007Q1,2007Q2,2007Q3,2007Q4,2008Q1,2008Q2,2008Q3,2008Q4,2009Q1,2009Q2,2009Q3,2009Q4,2010Q1,2010Q2,2010Q3,2010Q4,2011Q1,2011Q2,2011Q3,2011Q4,2012Q1,2012Q2,2012Q3,2012Q4,2013Q1,2013Q2,2013Q3,2013Q4,2014Q1,2014Q2,2014Q3,2014Q4,2015Q1,2015Q2,2015Q3,2015Q4,2016Q1,2016Q2
Estonia,:,:,:,:,:,:,:,:,:,:,:,:,:,:,:,:,:,:,:,:,:,:,:,:,:,:,:,:,:,:,:,:,:,:,:,:,:,:,:,:,:,:,:,:,:,:,:,:,:,:,:,:,:,:,:,:,:,:,:,:,:,:,:,:,:,:,:,:,:,:
Latvia,"1,532.4","1,763.0","1,802.6","1,953.1","1,821.6","2,167.4","2,243.8","2,379.9","2,001.6","2,422.5","2,382.5","2,558.5","2,312.3","2,606.0","2,536.8","2,694.0","2,356.1","2,609.4","2,717.6","2,796.1","2,513.9","2,913.3","3,059.6","3,137.9","2,887.1","3,276.0","3,607.0","3,935.3","3,583.5","4,158.0","4,558.8","4,935.1","4,827.1","5,579.9","6,030.7","6,221.9","5,722.5","6,211.4","6,320.4","6,055.1","4,707.5","4,826.1","4,601.0","4,643.2","4,020.9","4,385.5","4,577.0","4,788.6","4,366.6","4,986.0","5,258.1","5,515.6","4,797.9","5,441.1","5,759.9","5,948.2","5,101.3","5,616.1","5,944.7","6,155.2","5,306.1","5,845.8","6,122.4","6,348.2","5,429.6","6,095.5","6,377.8","6,449.4","5,480.7","6,233.6"
Lithuania,"2,184.4","2,695.7","2,712.8","2,721.9","2,632.6","3,118.0","3,272.8","3,512.4","2,997.1","3,534.7","3,548.6","3,621.3","3,319.3","3,831.6","3,985.7","4,045.1","3,718.2","4,130.6","4,330.7","4,485.3","3,906.8","4,502.8","4,756.4","5,033.5","4,409.0","5,163.8","5,578.5","5,861.8","5,032.4","5,884.5","6,471.6","6,711.2","6,031.9","7,172.9","7,849.3","8,004.8","7,119.3","8,479.6","8,732.2","8,290.0","6,427.1","7,078.1","6,817.6","6,637.8","6,315.0","7,119.6","7,328.1","7,270.9","6,924.9","7,971.0","8,352.0","8,038.6","7,407.1","8,317.0","8,964.6","8,578.2","7,717.5","8,776.6","9,512.5","8,980.8","8,209.2","9,209.3","9,774.1","9,273.0","8,283.6","9,370.8","9,975.8","9,521.4","8,457.6","9,592.6"
,,,,,,,,,,,,,,,,,,,,,,,,,,,,,,,,,,,,,,,,,,,,,,,,,,,,,,,,,,,,,,,,,,,,,,
Special value:,,,,,,,,,,,,,,,,,,,,,,,,,,,,,,,,,,,,,,,,,,,,,,,,,,,,,,,,,,,,,,,,,,,,,,
:,not available,,,,,,,,,,,,,,,,,,,,,,,,,,,,,,,,,,,,,,,,,,,,,,,,,,,,,,,,,,,,,,,,,,,,,
,,,,,,,,,,,,,,,,,,,,,,,,,,,,,,,,,,,,,,,,,,,,,,,,,,,,,,,,,,,,,,,,,,,,,,
UNIT,"Current prices, million euro",,,,,,,,,,,,,,,,,,,,,,,,,,,,,,,,,,,,,,,,,,,,,,,,,,,,,,,,,,,,,,,,,,,,,
S_ADJ,"Calendar adjusted data, not seasonally adjusted data",,,,,,,,,,,,,,,,,,,,,,,,,,,,,,,,,,,,,,,,,,,,,,,,,,,,,,,,,,,,,,,,,,,,,
NA_ITEM,Wages and salaries,,,,,,,,,,,,,,,,,,,,,,,,,,,,,,,,,,,,,,,,,,,,,,,,,,,,,,,,,,,,,,,,,,,,,
,,,,,,,,,,,,,,,,,,,,,,,,,,,,,,,,,,,,,,,,,,,,,,,,,,,,,,,,,,,,,,,,,,,,,,
GEO/TIME,1999Q1,1999Q2,1999Q3,1999Q4,2000Q1,2000Q2,2000Q3,2000Q4,2001Q1,2001Q2,2001Q3,2001Q4,2002Q1,2002Q2,2002Q3,2002Q4,2003Q1,2003Q2,2003Q3,2003Q4,2004Q1,2004Q2,2004Q3,2004Q4,2005Q1,2005Q2,2005Q3,2005Q4,2006Q1,2006Q2,2006Q3,2006Q4,2007Q1,2007Q2,2007Q3,2007Q4,2008Q1,2008Q2,2008Q3,2008Q4,2009Q1,2009Q2,2009Q3,2009Q4,2010Q1,2010Q2,2010Q3,2010Q4,2011Q1,2011Q2,2011Q3,2011Q4,2012Q1,2012Q2,2012Q3,2012Q4,2013Q1,2013Q2,2013Q3,2013Q4,2014Q1,2014Q2,2014Q3,2014Q4,2015Q1,2015Q2,2015Q3,2015Q4,2016Q1,2016Q2
Estonia,:,:,:,:,:,:,:,:,:,:,:,:,:,:,:,:,:,:,:,:,:,:,:,:,:,:,:,:,:,:,:,:,:,:,:,:,:,:,:,:,:,:,:,:,:,:,:,:,:,:,:,:,:,:,:,:,:,:,:,:,:,:,:,:,:,:,:,:,:,:
Latvia,540.5,601.1,612.3,648.8,633.7,708.7,726.1,770.7,700.9,769.5,788.5,809.2,760.2,798.1,778.1,811.9,769.5,817.1,837.1,865.1,839.0,928.2,941.2,975.6,"1,039.8","1,130.9","1,186.3","1,274.7","1,297.9","1,444.6","1,537.9","1,707.4","1,847.7","2,075.4","2,190.1","2,356.4","2,364.2","2,512.5","2,543.6","2,481.8","1,999.0","1,914.3","1,724.3","1,596.2","1,466.7","1,598.5","1,581.4","1,673.1","1,476.0","1,687.0","1,645.7","1,767.1","1,647.4","1,834.7","1,832.9","1,942.7","1,767.0","1,976.8","1,956.7","2,054.3","1,929.9","2,115.0","2,102.0","2,203.7","2,058.3","2,292.8","2,275.2","2,390.6","2,191.0","2,419.9"
Lithuania,:,:,:,:,:,:,:,:,:,:,:,:,:,:,:,:,:,:,:,:,:,:,:,:,:,:,:,:,:,:,:,:,:,:,:,:,:,:,:,:,:,:,:,:,:,:,:,:,:,:,:,:,:,:,:,:,:,:,:,:,:,:,:,:,:,:,:,:,:,:
,,,,,,,,,,,,,,,,,,,,,,,,,,,,,,,,,,,,,,,,,,,,,,,,,,,,,,,,,,,,,,,,,,,,,,
Special value:,,,,,,,,,,,,,,,,,,,,,,,,,,,,,,,,,,,,,,,,,,,,,,,,,,,,,,,,,,,,,,,,,,,,,,
:,not available,,,,,,,,,,,,,,,,,,,,,,,,,,,,,,,,,,,,,,,,,,,,,,,,,,,,,,,,,,,,,,,,,,,,,
,,,,,,,,,,,,,,,,,,,,,,,,,,,,,,,,,,,,,,,,,,,,,,,,,,,,,,,,,,,,,,,,,,,,,,
UNIT,"Current prices, million euro",,,,,,,,,,,,,,,,,,,,,,,,,,,,,,,,,,,,,,,,,,,,,,,,,,,,,,,,,,,,,,,,,,,,,
S_ADJ,Seasonally and calendar adjusted data,,,,,,,,,,,,,,,,,,,,,,,,,,,,,,,,,,,,,,,,,,,,,,,,,,,,,,,,,,,,,,,,,,,,,
NA_ITEM,Gross domestic product at market prices,,,,,,,,,,,,,,,,,,,,,,,,,,,,,,,,,,,,,,,,,,,,,,,,,,,,,,,,,,,,,,,,,,,,,
,,,,,,,,,,,,,,,,,,,,,,,,,,,,,,,,,,,,,,,,,,,,,,,,,,,,,,,,,,,,,,,,,,,,,,
GEO/TIME,1999Q1,1999Q2,1999Q3,1999Q4,2000Q1,2000Q2,2000Q3,2000Q4,2001Q1,2001Q2,2001Q3,2001Q4,2002Q1,2002Q2,2002Q3,2002Q4,2003Q1,2003Q2,2003Q3,2003Q4,2004Q1,2004Q2,2004Q3,2004Q4,2005Q1,2005Q2,2005Q3,2005Q4,2006Q1,2006Q2,2006Q3,2006Q4,2007Q1,2007Q2,2007Q3,2007Q4,2008Q1,2008Q2,2008Q3,2008Q4,2009Q1,2009Q2,2009Q3,2009Q4,2010Q1,2010Q2,2010Q3,2010Q4,2011Q1,2011Q2,2011Q3,2011Q4,2012Q1,2012Q2,2012Q3,2012Q4,2013Q1,2013Q2,2013Q3,2013Q4,2014Q1,2014Q2,2014Q3,2014Q4,2015Q1,2015Q2,2015Q3,2015Q4,2016Q1,2016Q2
Estonia,"1,290.8","1,331.5","1,360.3","1,393.4","1,468.5","1,510.8","1,543.6","1,643.7","1,656.1","1,727.7","1,755.9","1,833.0","1,845.5","1,929.4","1,965.1","2,032.7","2,094.3","2,163.1","2,192.7","2,260.2","2,398.6","2,319.1","2,469.7","2,522.7","2,630.0","2,766.4","2,877.7","2,977.1","3,169.0","3,279.1","3,454.6","3,600.8","3,886.8","3,975.5","4,111.8","4,245.0","4,118.1","4,263.8","4,158.1","3,968.0","3,673.5","3,534.3","3,448.4","3,502.7","3,516.5","3,604.0","3,739.2","3,849.4","4,035.4","4,127.9","4,218.2","4,278.9","4,369.4","4,471.2","4,527.1","4,558.9","4,651.8","4,680.9","4,768.1","4,782.0","4,867.3","4,902.5","4,939.0","5,039.3","5,000.3","5,038.5","5,071.6","5,136.2","5,146.1","5,175.3"
Latvia,"1,667.9","1,741.9","1,782.8","1,865.8","1,984.3","2,109.6","2,204.6","2,280.3","2,200.9","2,352.9","2,371.4","2,439.5","2,515.3","2,532.7","2,524.3","2,580.4","2,563.8","2,557.0","2,659.5","2,692.7","2,729.7","2,883.9","2,971.5","3,019.3","3,112.4","3,297.7","3,530.1","3,776.5","3,783.5","4,140.8","4,487.1","4,834.1","5,160.8","5,520.7","5,824.8","6,048.6","6,199.8","6,203.3","6,060.8","5,814.4","5,099.9","4,841.5","4,452.1","4,457.9","4,374.8","4,383.8","4,452.4","4,579.4","4,777.8","4,914.1","5,057.7","5,244.8","5,349.1","5,448.6","5,525.7","5,590.3","5,636.5","5,671.7","5,732.7","5,775.1","5,834.9","5,884.4","5,923.2","5,987.4","6,019.9","6,062.3","6,100.4","6,122.4","6,155.4","6,190.3"
Lithuania,"2,424.3","2,642.0","2,602.6","2,628.6","2,891.1","3,066.6","3,162.4","3,389.0","3,285.3","3,493.0","3,428.4","3,484.3","3,640.2","3,799.6","3,848.9","3,890.4","4,098.3","4,102.1","4,185.3","4,279.2","4,323.5","4,485.9","4,599.2","4,790.9","4,928.4","5,154.9","5,371.6","5,558.1","5,628.1","5,834.9","6,239.2","6,397.5","6,797.3","7,093.8","7,491.4","7,676.4","7,993.3","8,348.5","8,292.2","7,987.1","7,063.9","6,893.4","6,547.0","6,456.3","6,873.2","6,943.3","7,007.9","7,209.2","7,544.9","7,851.9","7,894.9","7,994.8","8,161.5","8,243.3","8,334.3","8,527.8","8,518.1","8,744.1","8,810.3","8,915.0","9,080.8","9,146.8","9,091.4","9,146.6","9,165.7","9,301.5","9,300.5","9,384.1","9,317.0","9,482.0"
,,,,,,,,,,,,,,,,,,,,,,,,,,,,,,,,,,,,,,,,,,,,,,,,,,,,,,,,,,,,,,,,,,,,,,
Special value:,,,,,,,,,,,,,,,,,,,,,,,,,,,,,,,,,,,,,,,,,,,,,,,,,,,,,,,,,,,,,,,,,,,,,,
:,not available,,,,,,,,,,,,,,,,,,,,,,,,,,,,,,,,,,,,,,,,,,,,,,,,,,,,,,,,,,,,,,,,,,,,,
,,,,,,,,,,,,,,,,,,,,,,,,,,,,,,,,,,,,,,,,,,,,,,,,,,,,,,,,,,,,,,,,,,,,,,
UNIT,"Current prices, million euro",,,,,,,,,,,,,,,,,,,,,,,,,,,,,,,,,,,,,,,,,,,,,,,,,,,,,,,,,,,,,,,,,,,,,
S_ADJ,Seasonally and calendar adjusted data,,,,,,,,,,,,,,,,,,,,,,,,,,,,,,,,,,,,,,,,,,,,,,,,,,,,,,,,,,,,,,,,,,,,,
NA_ITEM,Wages and salaries,,,,,,,,,,,,,,,,,,,,,,,,,,,,,,,,,,,,,,,,,,,,,,,,,,,,,,,,,,,,,,,,,,,,,
,,,,,,,,,,,,,,,,,,,,,,,,,,,,,,,,,,,,,,,,,,,,,,,,,,,,,,,,,,,,,,,,,,,,,,
GEO/TIME,1999Q1,1999Q2,1999Q3,1999Q4,2000Q1,2000Q2,2000Q3,2000Q4,2001Q1,2001Q2,2001Q3,2001Q4,2002Q1,2002Q2,2002Q3,2002Q4,2003Q1,2003Q2,2003Q3,2003Q4,2004Q1,2004Q2,2004Q3,2004Q4,2005Q1,2005Q2,2005Q3,2005Q4,2006Q1,2006Q2,2006Q3,2006Q4,2007Q1,2007Q2,2007Q3,2007Q4,2008Q1,2008Q2,2008Q3,2008Q4,2009Q1,2009Q2,2009Q3,2009Q4,2010Q1,2010Q2,2010Q3,2010Q4,2011Q1,2011Q2,2011Q3,2011Q4,2012Q1,2012Q2,2012Q3,2012Q4,2013Q1,2013Q2,2013Q3,2013Q4,2014Q1,2014Q2,2014Q3,2014Q4,2015Q1,2015Q2,2015Q3,2015Q4,2016Q1,2016Q2
Estonia,454.7,465.0,474.2,487.7,508.8,519.5,532.8,550.3,569.8,584.8,595.1,606.9,619.5,640.0,658.3,678.8,697.6,721.5,739.1,759.2,779.3,791.7,818.7,843.8,873.7,906.1,951.0,997.8,"1,033.0","1,076.2","1,140.5","1,227.4","1,304.2","1,360.3","1,409.4","1,486.0","1,548.5","1,568.8","1,564.4","1,512.7","1,409.9","1,336.5","1,287.6","1,240.5","1,267.8","1,289.5","1,293.8","1,304.8","1,335.8","1,369.8","1,403.6","1,434.7","1,473.9","1,496.0","1,507.8","1,538.1","1,537.3","1,558.8","1,611.0","1,631.8","1,606.2","1,640.8","1,668.5","1,698.9","1,758.1","1,787.2","1,825.7","1,855.2","1,881.6","1,904.5"
Latvia,566.6,594.2,607.8,632.6,662.4,701.4,721.5,752.1,730.7,762.0,784.5,790.6,790.5,789.4,775.8,795.1,798.0,806.8,835.9,849.3,867.6,916.1,940.8,959.3,"1,072.8","1,116.7","1,186.5","1,254.9","1,335.8","1,426.5","1,539.7","1,683.0","1,901.0","2,047.4","2,190.5","2,321.6","2,440.5","2,476.2","2,542.0","2,439.9","2,072.6","1,880.1","1,724.4","1,565.6","1,531.2","1,565.0","1,582.6","1,631.7","1,549.4","1,649.1","1,649.1","1,716.7","1,737.4","1,791.1","1,835.6","1,883.4","1,869.2","1,928.9","1,958.3","1,990.8","2,043.7","2,062.9","2,102.9","2,135.2","2,182.2","2,235.5","2,275.4","2,314.6","2,325.2","2,359.3"
Lithuania,848.2,899.0,878.7,879.1,905.5,949.4,960.9,"1,019.6",973.3,"1,046.7","1,021.3","1,037.6","1,115.0","1,139.3","1,149.3","1,219.4","1,244.9","1,278.8","1,307.7","1,336.1","1,385.4","1,431.5","1,481.0","1,536.2","1,598.6","1,655.1","1,716.7","1,787.0","1,870.4","1,991.4","2,065.6","2,208.5","2,212.9","2,342.3","2,470.9","2,640.0","2,666.2","2,786.0","2,888.6","2,842.9","2,462.2","2,343.2","2,312.7","2,203.2","2,268.0","2,242.6","2,261.3","2,276.5","2,332.2","2,388.5","2,452.1","2,520.7","2,545.7","2,535.5","2,555.9","2,611.3","2,672.6","2,688.8","2,719.2","2,754.5","2,783.4","2,850.6","2,865.6","2,905.5","2,919.8","2,996.0","3,023.2","3,067.8","3,128.2","3,214.3"
,,,,,,,,,,,,,,,,,,,,,,,,,,,,,,,,,,,,,,,,,,,,,,,,,,,,,,,,,,,,,,,,,,,,,,
Special value:,,,,,,,,,,,,,,,,,,,,,,,,,,,,,,,,,,,,,,,,,,,,,,,,,,,,,,,,,,,,,,,,,,,,,,
:,not available,,,,,,,,,,,,,,,,,,,,,,,,,,,,,,,,,,,,,,,,,,,,,,,,,,,,,,,,,,,,,,,,,,,,,
,,,,,,,,,,,,,,,,,,,,,,,,,,,,,,,,,,,,,,,,,,,,,,,,,,,,,,,,,,,,,,,,,,,,,,
UNIT,"Chain linked volumes (2010), million euro",,,,,,,,,,,,,,,,,,,,,,,,,,,,,,,,,,,,,,,,,,,,,,,,,,,,,,,,,,,,,,,,,,,,,
S_ADJ,Unadjusted data (i.e. neither seasonally adjusted nor calendar adjusted data),,,,,,,,,,,,,,,,,,,,,,,,,,,,,,,,,,,,,,,,,,,,,,,,,,,,,,,,,,,,,,,,,,,,,
NA_ITEM,Gross domestic product at market prices,,,,,,,,,,,,,,,,,,,,,,,,,,,,,,,,,,,,,,,,,,,,,,,,,,,,,,,,,,,,,,,,,,,,,
,,,,,,,,,,,,,,,,,,,,,,,,,,,,,,,,,,,,,,,,,,,,,,,,,,,,,,,,,,,,,,,,,,,,,,
GEO/TIME,1999Q1,1999Q2,1999Q3,1999Q4,2000Q1,2000Q2,2000Q3,2000Q4,2001Q1,2001Q2,2001Q3,2001Q4,2002Q1,2002Q2,2002Q3,2002Q4,2003Q1,2003Q2,2003Q3,2003Q4,2004Q1,2004Q2,2004Q3,2004Q4,2005Q1,2005Q2,2005Q3,2005Q4,2006Q1,2006Q2,2006Q3,2006Q4,2007Q1,2007Q2,2007Q3,2007Q4,2008Q1,2008Q2,2008Q3,2008Q4,2009Q1,2009Q2,2009Q3,2009Q4,2010Q1,2010Q2,2010Q3,2010Q4,2011Q1,2011Q2,2011Q3,2011Q4,2012Q1,2012Q2,2012Q3,2012Q4,2013Q1,2013Q2,2013Q3,2013Q4,2014Q1,2014Q2,2014Q3,2014Q4,2015Q1,2015Q2,2015Q3,2015Q4,2016Q1,2016Q2
Estonia,"2,238.4","2,483.9","2,413.5","2,507.1","2,455.5","2,757.5","2,653.1","2,795.9","2,632.2","2,921.3","2,832.7","2,950.5","2,717.9","3,108.4","3,052.7","3,146.7","2,975.7","3,301.2","3,260.9","3,379.7","3,280.8","3,409.8","3,457.0","3,583.0","3,403.5","3,815.9","3,817.1","3,981.2","3,791.9","4,181.0","4,191.0","4,396.4","4,187.8","4,566.6","4,468.8","4,620.1","3,981.8","4,464.1","4,351.7","4,078.7","3,489.9","3,702.1","3,511.8","3,687.6","3,369.2","3,760.9","3,678.8","3,907.5","3,661.4","4,045.7","4,005.4","4,122.1","3,848.0","4,249.2","4,145.9","4,273.5","3,949.9","4,260.2","4,179.7","4,360.6","4,024.2","4,390.5","4,278.3","4,530.2","4,074.3","4,472.0","4,357.8","4,567.8","4,136.3","4,506.2"
Latvia,"2,632.3","2,865.9","2,914.3","3,219.4","2,771.9","3,046.3","3,094.0","3,347.9","2,809.2","3,361.8","3,236.1","3,644.7","2,984.2","3,542.8","3,505.5","3,947.4","3,265.8","3,803.5","3,859.8","4,228.7","3,561.6","4,100.8","4,130.7","4,629.0","3,795.3","4,473.7","4,680.1","5,230.5","4,266.5","5,024.5","5,201.0","5,851.4","4,867.5","5,635.4","5,760.8","6,106.0","5,053.4","5,577.8","5,386.4","5,547.4","4,460.5","4,687.9","4,515.8","4,806.4","3,968.1","4,445.3","4,512.0","4,846.9","4,057.8","4,713.8","4,932.1","5,173.6","4,380.0","4,886.3","5,070.4","5,296.0","4,471.5","5,039.9","5,250.7","5,438.3","4,589.3","5,140.6","5,355.6","5,527.1","4,673.0","5,286.4","5,541.3","5,675.0","4,773.4","5,395.0"
Lithuania,"4,005.4","4,421.5","4,759.3","4,458.4","4,192.7","4,505.8","4,907.4","4,714.8","4,477.0","4,742.2","5,208.7","5,088.1","4,686.7","5,120.8","5,623.7","5,404.2","5,194.4","5,598.4","6,190.3","6,048.0","5,563.1","6,014.1","6,494.8","6,467.7","5,869.1","6,440.7","7,081.8","7,044.5","6,314.0","6,975.4","7,567.0","7,537.5","6,931.7","7,782.7","8,500.0","8,327.6","7,422.5","8,204.1","8,637.8","8,106.6","6,395.7","6,912.4","7,396.1","6,871.3","6,334.7","7,000.2","7,466.5","7,226.2","6,711.3","7,380.3","7,994.4","7,635.9","6,966.1","7,522.5","8,411.6","7,961.8","7,204.8","7,827.9","8,673.5","8,249.7","7,515.6","8,125.9","8,896.8","8,386.6","7,609.6","8,242.4","9,052.2","8,553.0","7,795.7","8,397.2"
,,,,,,,,,,,,,,,,,,,,,,,,,,,,,,,,,,,,,,,,,,,,,,,,,,,,,,,,,,,,,,,,,,,,,,
Special value:,,,,,,,,,,,,,,,,,,,,,,,,,,,,,,,,,,,,,,,,,,,,,,,,,,,,,,,,,,,,,,,,,,,,,,
:,not available,,,,,,,,,,,,,,,,,,,,,,,,,,,,,,,,,,,,,,,,,,,,,,,,,,,,,,,,,,,,,,,,,,,,,
,,,,,,,,,,,,,,,,,,,,,,,,,,,,,,,,,,,,,,,,,,,,,,,,,,,,,,,,,,,,,,,,,,,,,,
UNIT,"Chain linked volumes (2010), million euro",,,,,,,,,,,,,,,,,,,,,,,,,,,,,,,,,,,,,,,,,,,,,,,,,,,,,,,,,,,,,,,,,,,,,
S_ADJ,Unadjusted data (i.e. neither seasonally adjusted nor calendar adjusted data),,,,,,,,,,,,,,,,,,,,,,,,,,,,,,,,,,,,,,,,,,,,,,,,,,,,,,,,,,,,,,,,,,,,,
NA_ITEM,Wages and salaries,,,,,,,,,,,,,,,,,,,,,,,,,,,,,,,,,,,,,,,,,,,,,,,,,,,,,,,,,,,,,,,,,,,,,
,,,,,,,,,,,,,,,,,,,,,,,,,,,,,,,,,,,,,,,,,,,,,,,,,,,,,,,,,,,,,,,,,,,,,,
GEO/TIME,1999Q1,1999Q2,1999Q3,1999Q4,2000Q1,2000Q2,2000Q3,2000Q4,2001Q1,2001Q2,2001Q3,2001Q4,2002Q1,2002Q2,2002Q3,2002Q4,2003Q1,2003Q2,2003Q3,2003Q4,2004Q1,2004Q2,2004Q3,2004Q4,2005Q1,2005Q2,2005Q3,2005Q4,2006Q1,2006Q2,2006Q3,2006Q4,2007Q1,2007Q2,2007Q3,2007Q4,2008Q1,2008Q2,2008Q3,2008Q4,2009Q1,2009Q2,2009Q3,2009Q4,2010Q1,2010Q2,2010Q3,2010Q4,2011Q1,2011Q2,2011Q3,2011Q4,2012Q1,2012Q2,2012Q3,2012Q4,2013Q1,2013Q2,2013Q3,2013Q4,2014Q1,2014Q2,2014Q3,2014Q4,2015Q1,2015Q2,2015Q3,2015Q4,2016Q1,2016Q2
Estonia,:,:,:,:,:,:,:,:,:,:,:,:,:,:,:,:,:,:,:,:,:,:,:,:,:,:,:,:,:,:,:,:,:,:,:,:,:,:,:,:,:,:,:,:,:,:,:,:,:,:,:,:,:,:,:,:,:,:,:,:,:,:,:,:,:,:,:,:,:,:
Latvia,:,:,:,:,:,:,:,:,:,:,:,:,:,:,:,:,:,:,:,:,:,:,:,:,:,:,:,:,:,:,:,:,:,:,:,:,:,:,:,:,:,:,:,:,:,:,:,:,:,:,:,:,:,:,:,:,:,:,:,:,:,:,:,:,:,:,:,:,:,:
Lithuania,:,:,:,:,:,:,:,:,:,:,:,:,:,:,:,:,:,:,:,:,:,:,:,:,:,:,:,:,:,:,:,:,:,:,:,:,:,:,:,:,:,:,:,:,:,:,:,:,:,:,:,:,:,:,:,:,:,:,:,:,:,:,:,:,:,:,:,:,:,:
,,,,,,,,,,,,,,,,,,,,,,,,,,,,,,,,,,,,,,,,,,,,,,,,,,,,,,,,,,,,,,,,,,,,,,
Special value:,,,,,,,,,,,,,,,,,,,,,,,,,,,,,,,,,,,,,,,,,,,,,,,,,,,,,,,,,,,,,,,,,,,,,,
:,not available,,,,,,,,,,,,,,,,,,,,,,,,,,,,,,,,,,,,,,,,,,,,,,,,,,,,,,,,,,,,,,,,,,,,,
,,,,,,,,,,,,,,,,,,,,,,,,,,,,,,,,,,,,,,,,,,,,,,,,,,,,,,,,,,,,,,,,,,,,,,
UNIT,"Chain linked volumes (2010), million euro",,,,,,,,,,,,,,,,,,,,,,,,,,,,,,,,,,,,,,,,,,,,,,,,,,,,,,,,,,,,,,,,,,,,,
S_ADJ,"Seasonally adjusted data, not calendar adjusted data",,,,,,,,,,,,,,,,,,,,,,,,,,,,,,,,,,,,,,,,,,,,,,,,,,,,,,,,,,,,,,,,,,,,,
NA_ITEM,Gross domestic product at market prices,,,,,,,,,,,,,,,,,,,,,,,,,,,,,,,,,,,,,,,,,,,,,,,,,,,,,,,,,,,,,,,,,,,,,
,,,,,,,,,,,,,,,,,,,,,,,,,,,,,,,,,,,,,,,,,,,,,,,,,,,,,,,,,,,,,,,,,,,,,,
GEO/TIME,1999Q1,1999Q2,1999Q3,1999Q4,2000Q1,2000Q2,2000Q3,2000Q4,2001Q1,2001Q2,2001Q3,2001Q4,2002Q1,2002Q2,2002Q3,2002Q4,2003Q1,2003Q2,2003Q3,2003Q4,2004Q1,2004Q2,2004Q3,2004Q4,2005Q1,2005Q2,2005Q3,2005Q4,2006Q1,2006Q2,2006Q3,2006Q4,2007Q1,2007Q2,2007Q3,2007Q4,2008Q1,2008Q2,2008Q3,2008Q4,2009Q1,2009Q2,2009Q3,2009Q4,2010Q1,2010Q2,2010Q3,2010Q4,2011Q1,2011Q2,2011Q3,2011Q4,2012Q1,2012Q2,2012Q3,2012Q4,2013Q1,2013Q2,2013Q3,2013Q4,2014Q1,2014Q2,2014Q3,2014Q4,2015Q1,2015Q2,2015Q3,2015Q4,2016Q1,2016Q2
Estonia,:,:,:,:,:,:,:,:,:,:,:,:,:,:,:,:,:,:,:,:,:,:,:,:,:,:,:,:,:,:,:,:,:,:,:,:,:,:,:,:,:,:,:,:,:,:,:,:,:,:,:,:,:,:,:,:,:,:,:,:,:,:,:,:,:,:,:,:,:,:
Latvia,:,:,:,:,:,:,:,:,:,:,:,:,:,:,:,:,:,:,:,:,:,:,:,:,:,:,:,:,:,:,:,:,:,:,:,:,:,:,:,:,:,:,:,:,:,:,:,:,:,:,:,:,:,:,:,:,:,:,:,:,:,:,:,:,:,:,:,:,:,:
Lithuania,:,:,:,:,:,:,:,:,:,:,:,:,:,:,:,:,:,:,:,:,:,:,:,:,:,:,:,:,:,:,:,:,:,:,:,:,:,:,:,:,:,:,:,:,:,:,:,:,:,:,:,:,:,:,:,:,:,:,:,:,:,:,:,:,:,:,:,:,:,:
,,,,,,,,,,,,,,,,,,,,,,,,,,,,,,,,,,,,,,,,,,,,,,,,,,,,,,,,,,,,,,,,,,,,,,
Special value:,,,,,,,,,,,,,,,,,,,,,,,,,,,,,,,,,,,,,,,,,,,,,,,,,,,,,,,,,,,,,,,,,,,,,,
:,not available,,,,,,,,,,,,,,,,,,,,,,,,,,,,,,,,,,,,,,,,,,,,,,,,,,,,,,,,,,,,,,,,,,,,,
,,,,,,,,,,,,,,,,,,,,,,,,,,,,,,,,,,,,,,,,,,,,,,,,,,,,,,,,,,,,,,,,,,,,,,
UNIT,"Chain linked volumes (2010), million euro",,,,,,,,,,,,,,,,,,,,,,,,,,,,,,,,,,,,,,,,,,,,,,,,,,,,,,,,,,,,,,,,,,,,,
S_ADJ,"Seasonally adjusted data, not calendar adjusted data",,,,,,,,,,,,,,,,,,,,,,,,,,,,,,,,,,,,,,,,,,,,,,,,,,,,,,,,,,,,,,,,,,,,,
NA_ITEM,Wages and salaries,,,,,,,,,,,,,,,,,,,,,,,,,,,,,,,,,,,,,,,,,,,,,,,,,,,,,,,,,,,,,,,,,,,,,
,,,,,,,,,,,,,,,,,,,,,,,,,,,,,,,,,,,,,,,,,,,,,,,,,,,,,,,,,,,,,,,,,,,,,,
GEO/TIME,1999Q1,1999Q2,1999Q3,1999Q4,2000Q1,2000Q2,2000Q3,2000Q4,2001Q1,2001Q2,2001Q3,2001Q4,2002Q1,2002Q2,2002Q3,2002Q4,2003Q1,2003Q2,2003Q3,2003Q4,2004Q1,2004Q2,2004Q3,2004Q4,2005Q1,2005Q2,2005Q3,2005Q4,2006Q1,2006Q2,2006Q3,2006Q4,2007Q1,2007Q2,2007Q3,2007Q4,2008Q1,2008Q2,2008Q3,2008Q4,2009Q1,2009Q2,2009Q3,2009Q4,2010Q1,2010Q2,2010Q3,2010Q4,2011Q1,2011Q2,2011Q3,2011Q4,2012Q1,2012Q2,2012Q3,2012Q4,2013Q1,2013Q2,2013Q3,2013Q4,2014Q1,2014Q2,2014Q3,2014Q4,2015Q1,2015Q2,2015Q3,2015Q4,2016Q1,2016Q2
Estonia,:,:,:,:,:,:,:,:,:,:,:,:,:,:,:,:,:,:,:,:,:,:,:,:,:,:,:,:,:,:,:,:,:,:,:,:,:,:,:,:,:,:,:,:,:,:,:,:,:,:,:,:,:,:,:,:,:,:,:,:,:,:,:,:,:,:,:,:,:,:
Latvia,:,:,:,:,:,:,:,:,:,:,:,:,:,:,:,:,:,:,:,:,:,:,:,:,:,:,:,:,:,:,:,:,:,:,:,:,:,:,:,:,:,:,:,:,:,:,:,:,:,:,:,:,:,:,:,:,:,:,:,:,:,:,:,:,:,:,:,:,:,:
Lithuania,:,:,:,:,:,:,:,:,:,:,:,:,:,:,:,:,:,:,:,:,:,:,:,:,:,:,:,:,:,:,:,:,:,:,:,:,:,:,:,:,:,:,:,:,:,:,:,:,:,:,:,:,:,:,:,:,:,:,:,:,:,:,:,:,:,:,:,:,:,:
,,,,,,,,,,,,,,,,,,,,,,,,,,,,,,,,,,,,,,,,,,,,,,,,,,,,,,,,,,,,,,,,,,,,,,
Special value:,,,,,,,,,,,,,,,,,,,,,,,,,,,,,,,,,,,,,,,,,,,,,,,,,,,,,,,,,,,,,,,,,,,,,,
:,not available,,,,,,,,,,,,,,,,,,,,,,,,,,,,,,,,,,,,,,,,,,,,,,,,,,,,,,,,,,,,,,,,,,,,,
,,,,,,,,,,,,,,,,,,,,,,,,,,,,,,,,,,,,,,,,,,,,,,,,,,,,,,,,,,,,,,,,,,,,,,
UNIT,"Chain linked volumes (2010), million euro",,,,,,,,,,,,,,,,,,,,,,,,,,,,,,,,,,,,,,,,,,,,,,,,,,,,,,,,,,,,,,,,,,,,,
S_ADJ,"Calendar adjusted data, not seasonally adjusted data",,,,,,,,,,,,,,,,,,,,,,,,,,,,,,,,,,,,,,,,,,,,,,,,,,,,,,,,,,,,,,,,,,,,,
NA_ITEM,Gross domestic product at market prices,,,,,,,,,,,,,,,,,,,,,,,,,,,,,,,,,,,,,,,,,,,,,,,,,,,,,,,,,,,,,,,,,,,,,
,,,,,,,,,,,,,,,,,,,,,,,,,,,,,,,,,,,,,,,,,,,,,,,,,,,,,,,,,,,,,,,,,,,,,,
GEO/TIME,1999Q1,1999Q2,1999Q3,1999Q4,2000Q1,2000Q2,2000Q3,2000Q4,2001Q1,2001Q2,2001Q3,2001Q4,2002Q1,2002Q2,2002Q3,2002Q4,2003Q1,2003Q2,2003Q3,2003Q4,2004Q1,2004Q2,2004Q3,2004Q4,2005Q1,2005Q2,2005Q3,2005Q4,2006Q1,2006Q2,2006Q3,2006Q4,2007Q1,2007Q2,2007Q3,2007Q4,2008Q1,2008Q2,2008Q3,2008Q4,2009Q1,2009Q2,2009Q3,2009Q4,2010Q1,2010Q2,2010Q3,2010Q4,2011Q1,2011Q2,2011Q3,2011Q4,2012Q1,2012Q2,2012Q3,2012Q4,2013Q1,2013Q2,2013Q3,2013Q4,2014Q1,2014Q2,2014Q3,2014Q4,2015Q1,2015Q2,2015Q3,2015Q4,2016Q1,2016Q2
Estonia,:,:,:,:,:,:,:,:,:,:,:,:,:,:,:,:,:,:,:,:,:,:,:,:,:,:,:,:,:,:,:,:,:,:,:,:,:,:,:,:,:,:,:,:,:,:,:,:,:,:,:,:,:,:,:,:,:,:,:,:,:,:,:,:,:,:,:,:,:,:
Latvia,"2,644.3","2,870.1","2,910.9","3,204.7","2,723.1","3,050.8","3,102.9","3,346.0","2,810.7","3,353.2","3,245.4","3,642.6","3,009.9","3,523.7","3,501.5","3,961.0","3,280.7","3,813.4","3,855.4","4,243.3","3,512.9","4,111.5","4,126.0","4,607.9","3,828.0","4,449.6","4,674.7","5,227.5","4,251.7","5,037.6","5,216.0","5,848.1","4,870.1","5,627.5","5,777.3","6,116.5","5,024.3","5,554.0","5,380.2","5,572.9","4,480.8","4,719.1","4,510.6","4,809.2","3,986.2","4,456.9","4,506.8","4,830.3","4,059.9","4,726.2","4,926.5","5,155.9","4,302.8","4,879.4","5,085.0","5,305.2","4,509.9","5,018.5","5,244.7","5,463.3","4,610.2","5,160.0","5,349.4","5,552.5","4,694.3","5,321.5","5,535.0","5,678.2","4,746.0","5,365.9"
Lithuania,"4,023.1","4,405.4","4,749.0","4,448.7","4,155.2","4,489.4","4,926.6","4,733.2","4,469.4","4,724.9","5,229.1","5,092.5","4,693.0","5,117.6","5,611.6","5,408.9","5,201.4","5,595.0","6,176.9","6,034.9","5,547.0","6,010.4","6,480.7","6,453.7","5,894.9","6,417.2","7,087.9","7,050.6","6,284.2","6,971.2","7,596.7","7,567.0","6,920.0","7,778.0","8,533.3","8,334.8","7,400.9","8,199.1","8,619.0","8,089.0","6,423.8","6,929.2","7,380.0","6,856.4","6,362.5","6,996.0","7,450.3","7,210.5","6,720.4","7,375.8","8,001.3","7,642.6","7,005.1","7,524.4","8,397.4","7,958.8","7,196.5","7,819.6","8,681.7","8,246.6","7,507.0","8,117.4","8,905.2","8,394.5","7,590.8","8,233.8","9,060.8","8,561.1","7,801.9","8,413.6"
,,,,,,,,,,,,,,,,,,,,,,,,,,,,,,,,,,,,,,,,,,,,,,,,,,,,,,,,,,,,,,,,,,,,,,
Special value:,,,,,,,,,,,,,,,,,,,,,,,,,,,,,,,,,,,,,,,,,,,,,,,,,,,,,,,,,,,,,,,,,,,,,,
:,not available,,,,,,,,,,,,,,,,,,,,,,,,,,,,,,,,,,,,,,,,,,,,,,,,,,,,,,,,,,,,,,,,,,,,,
,,,,,,,,,,,,,,,,,,,,,,,,,,,,,,,,,,,,,,,,,,,,,,,,,,,,,,,,,,,,,,,,,,,,,,
UNIT,"Chain linked volumes (2010), million euro",,,,,,,,,,,,,,,,,,,,,,,,,,,,,,,,,,,,,,,,,,,,,,,,,,,,,,,,,,,,,,,,,,,,,
S_ADJ,"Calendar adjusted data, not seasonally adjusted data",,,,,,,,,,,,,,,,,,,,,,,,,,,,,,,,,,,,,,,,,,,,,,,,,,,,,,,,,,,,,,,,,,,,,
NA_ITEM,Wages and salaries,,,,,,,,,,,,,,,,,,,,,,,,,,,,,,,,,,,,,,,,,,,,,,,,,,,,,,,,,,,,,,,,,,,,,
,,,,,,,,,,,,,,,,,,,,,,,,,,,,,,,,,,,,,,,,,,,,,,,,,,,,,,,,,,,,,,,,,,,,,,
GEO/TIME,1999Q1,1999Q2,1999Q3,1999Q4,2000Q1,2000Q2,2000Q3,2000Q4,2001Q1,2001Q2,2001Q3,2001Q4,2002Q1,2002Q2,2002Q3,2002Q4,2003Q1,2003Q2,2003Q3,2003Q4,2004Q1,2004Q2,2004Q3,2004Q4,2005Q1,2005Q2,2005Q3,2005Q4,2006Q1,2006Q2,2006Q3,2006Q4,2007Q1,2007Q2,2007Q3,2007Q4,2008Q1,2008Q2,2008Q3,2008Q4,2009Q1,2009Q2,2009Q3,2009Q4,2010Q1,2010Q2,2010Q3,2010Q4,2011Q1,2011Q2,2011Q3,2011Q4,2012Q1,2012Q2,2012Q3,2012Q4,2013Q1,2013Q2,2013Q3,2013Q4,2014Q1,2014Q2,2014Q3,2014Q4,2015Q1,2015Q2,2015Q3,2015Q4,2016Q1,2016Q2
Estonia,:,:,:,:,:,:,:,:,:,:,:,:,:,:,:,:,:,:,:,:,:,:,:,:,:,:,:,:,:,:,:,:,:,:,:,:,:,:,:,:,:,:,:,:,:,:,:,:,:,:,:,:,:,:,:,:,:,:,:,:,:,:,:,:,:,:,:,:,:,:
Latvia,:,:,:,:,:,:,:,:,:,:,:,:,:,:,:,:,:,:,:,:,:,:,:,:,:,:,:,:,:,:,:,:,:,:,:,:,:,:,:,:,:,:,:,:,:,:,:,:,:,:,:,:,:,:,:,:,:,:,:,:,:,:,:,:,:,:,:,:,:,:
Lithuania,:,:,:,:,:,:,:,:,:,:,:,:,:,:,:,:,:,:,:,:,:,:,:,:,:,:,:,:,:,:,:,:,:,:,:,:,:,:,:,:,:,:,:,:,:,:,:,:,:,:,:,:,:,:,:,:,:,:,:,:,:,:,:,:,:,:,:,:,:,:
,,,,,,,,,,,,,,,,,,,,,,,,,,,,,,,,,,,,,,,,,,,,,,,,,,,,,,,,,,,,,,,,,,,,,,
Special value:,,,,,,,,,,,,,,,,,,,,,,,,,,,,,,,,,,,,,,,,,,,,,,,,,,,,,,,,,,,,,,,,,,,,,,
:,not available,,,,,,,,,,,,,,,,,,,,,,,,,,,,,,,,,,,,,,,,,,,,,,,,,,,,,,,,,,,,,,,,,,,,,
,,,,,,,,,,,,,,,,,,,,,,,,,,,,,,,,,,,,,,,,,,,,,,,,,,,,,,,,,,,,,,,,,,,,,,
UNIT,"Chain linked volumes (2010), million euro",,,,,,,,,,,,,,,,,,,,,,,,,,,,,,,,,,,,,,,,,,,,,,,,,,,,,,,,,,,,,,,,,,,,,
S_ADJ,Seasonally and calendar adjusted data,,,,,,,,,,,,,,,,,,,,,,,,,,,,,,,,,,,,,,,,,,,,,,,,,,,,,,,,,,,,,,,,,,,,,
NA_ITEM,Gross domestic product at market prices,,,,,,,,,,,,,,,,,,,,,,,,,,,,,,,,,,,,,,,,,,,,,,,,,,,,,,,,,,,,,,,,,,,,,
,,,,,,,,,,,,,,,,,,,,,,,,,,,,,,,,,,,,,,,,,,,,,,,,,,,,,,,,,,,,,,,,,,,,,,
GEO/TIME,1999Q1,1999Q2,1999Q3,1999Q4,2000Q1,2000Q2,2000Q3,2000Q4,2001Q1,2001Q2,2001Q3,2001Q4,2002Q1,2002Q2,2002Q3,2002Q4,2003Q1,2003Q2,2003Q3,2003Q4,2004Q1,2004Q2,2004Q3,2004Q4,2005Q1,2005Q2,2005Q3,2005Q4,2006Q1,2006Q2,2006Q3,2006Q4,2007Q1,2007Q2,2007Q3,2007Q4,2008Q1,2008Q2,2008Q3,2008Q4,2009Q1,2009Q2,2009Q3,2009Q4,2010Q1,2010Q2,2010Q3,2010Q4,2011Q1,2011Q2,2011Q3,2011Q4,2012Q1,2012Q2,2012Q3,2012Q4,2013Q1,2013Q2,2013Q3,2013Q4,2014Q1,2014Q2,2014Q3,2014Q4,2015Q1,2015Q2,2015Q3,2015Q4,2016Q1,2016Q2
Estonia,"2,386.2","2,399.1","2,427.8","2,474.4","2,575.0","2,643.2","2,672.4","2,746.1","2,774.2","2,820.8","2,830.9","2,896.0","2,896.6","2,999.1","3,036.5","3,084.1","3,153.0","3,199.6","3,281.9","3,280.2","3,438.0","3,331.1","3,484.9","3,488.1","3,604.9","3,700.2","3,813.4","3,879.2","4,013.5","4,067.9","4,210.6","4,274.5","4,426.3","4,440.1","4,428.9","4,466.1","4,295.3","4,396.5","4,287.6","3,891.8","3,709.4","3,652.5","3,536.3","3,574.9","3,562.5","3,661.3","3,691.7","3,796.5","3,872.2","3,924.5","4,006.4","4,019.5","4,084.5","4,119.6","4,147.6","4,149.0","4,181.5","4,159.0","4,198.6","4,219.4","4,254.7","4,293.0","4,287.4","4,368.6","4,320.7","4,381.3","4,359.3","4,407.0","4,387.0","4,407.7"
Latvia,"2,896.0","2,844.3","2,915.0","2,967.0","3,004.5","3,009.9","3,104.0","3,089.4","3,129.3","3,291.7","3,247.4","3,348.6","3,370.1","3,459.2","3,500.8","3,628.9","3,683.8","3,751.8","3,841.5","3,882.8","3,953.7","4,056.9","4,094.8","4,211.7","4,316.6","4,405.0","4,622.1","4,777.4","4,792.6","4,995.3","5,148.5","5,369.1","5,467.0","5,573.6","5,697.1","5,652.6","5,617.7","5,503.0","5,301.3","5,160.7","4,994.8","4,683.3","4,439.2","4,460.3","4,446.6","4,425.8","4,414.6","4,492.1","4,541.4","4,697.6","4,794.4","4,804.2","4,815.3","4,864.6","4,932.4","4,952.7","5,038.2","5,011.0","5,078.4","5,109.5","5,149.3","5,150.3","5,170.8","5,201.4","5,252.1","5,306.0","5,339.2","5,321.4","5,318.1","5,350.4"
Lithuania,"4,419.5","4,457.2","4,372.5","4,377.0","4,500.3","4,543.1","4,591.1","4,669.8","4,805.0","4,793.8","4,897.1","5,020.1","5,036.3","5,185.9","5,272.6","5,336.2","5,594.3","5,669.0","5,823.1","5,921.9","5,988.8","6,092.2","6,122.5","6,288.3","6,412.4","6,503.3","6,690.6","6,844.4","6,867.0","7,031.6","7,153.9","7,366.6","7,588.7","7,805.1","8,013.9","8,158.3","8,091.3","8,176.5","8,065.0","7,975.3","6,986.4","6,895.5","6,906.0","6,801.5","6,905.7","6,982.4","6,979.0","7,152.4","7,313.8","7,410.3","7,461.5","7,554.3","7,637.5","7,619.6","7,792.2","7,836.4","7,853.6","7,938.8","8,038.6","8,113.5","8,189.8","8,226.0","8,241.9","8,266.4","8,290.8","8,341.9","8,385.0","8,428.7","8,506.5","8,520.2"
,,,,,,,,,,,,,,,,,,,,,,,,,,,,,,,,,,,,,,,,,,,,,,,,,,,,,,,,,,,,,,,,,,,,,,
Special value:,,,,,,,,,,,,,,,,,,,,,,,,,,,,,,,,,,,,,,,,,,,,,,,,,,,,,,,,,,,,,,,,,,,,,,
:,not available,,,,,,,,,,,,,,,,,,,,,,,,,,,,,,,,,,,,,,,,,,,,,,,,,,,,,,,,,,,,,,,,,,,,,
,,,,,,,,,,,,,,,,,,,,,,,,,,,,,,,,,,,,,,,,,,,,,,,,,,,,,,,,,,,,,,,,,,,,,,
UNIT,"Chain linked volumes (2010), million euro",,,,,,,,,,,,,,,,,,,,,,,,,,,,,,,,,,,,,,,,,,,,,,,,,,,,,,,,,,,,,,,,,,,,,
S_ADJ,Seasonally and calendar adjusted data,,,,,,,,,,,,,,,,,,,,,,,,,,,,,,,,,,,,,,,,,,,,,,,,,,,,,,,,,,,,,,,,,,,,,
NA_ITEM,Wages and salaries,,,,,,,,,,,,,,,,,,,,,,,,,,,,,,,,,,,,,,,,,,,,,,,,,,,,,,,,,,,,,,,,,,,,,
,,,,,,,,,,,,,,,,,,,,,,,,,,,,,,,,,,,,,,,,,,,,,,,,,,,,,,,,,,,,,,,,,,,,,,
GEO/TIME,1999Q1,1999Q2,1999Q3,1999Q4,2000Q1,2000Q2,2000Q3,2000Q4,2001Q1,2001Q2,2001Q3,2001Q4,2002Q1,2002Q2,2002Q3,2002Q4,2003Q1,2003Q2,2003Q3,2003Q4,2004Q1,2004Q2,2004Q3,2004Q4,2005Q1,2005Q2,2005Q3,2005Q4,2006Q1,2006Q2,2006Q3,2006Q4,2007Q1,2007Q2,2007Q3,2007Q4,2008Q1,2008Q2,2008Q3,2008Q4,2009Q1,2009Q2,2009Q3,2009Q4,2010Q1,2010Q2,2010Q3,2010Q4,2011Q1,2011Q2,2011Q3,2011Q4,2012Q1,2012Q2,2012Q3,2012Q4,2013Q1,2013Q2,2013Q3,2013Q4,2014Q1,2014Q2,2014Q3,2014Q4,2015Q1,2015Q2,2015Q3,2015Q4,2016Q1,2016Q2
Estonia,:,:,:,:,:,:,:,:,:,:,:,:,:,:,:,:,:,:,:,:,:,:,:,:,:,:,:,:,:,:,:,:,:,:,:,:,:,:,:,:,:,:,:,:,:,:,:,:,:,:,:,:,:,:,:,:,:,:,:,:,:,:,:,:,:,:,:,:,:,:
Latvia,:,:,:,:,:,:,:,:,:,:,:,:,:,:,:,:,:,:,:,:,:,:,:,:,:,:,:,:,:,:,:,:,:,:,:,:,:,:,:,:,:,:,:,:,:,:,:,:,:,:,:,:,:,:,:,:,:,:,:,:,:,:,:,:,:,:,:,:,:,:
Lithuania,:,:,:,:,:,:,:,:,:,:,:,:,:,:,:,:,:,:,:,:,:,:,:,:,:,:,:,:,:,:,:,:,:,:,:,:,:,:,:,:,:,:,:,:,:,:,:,:,:,:,:,:,:,:,:,:,:,:,:,:,:,:,:,:,:,:,:,:,:,:
,,,,,,,,,,,,,,,,,,,,,,,,,,,,,,,,,,,,,,,,,,,,,,,,,,,,,,,,,,,,,,,,,,,,,,
Special value:,,,,,,,,,,,,,,,,,,,,,,,,,,,,,,,,,,,,,,,,,,,,,,,,,,,,,,,,,,,,,,,,,,,,,,
:,not available,,,,,,,,,,,,,,,,,,,,,,,,,,,,,,,,,,,,,,,,,,,,,,,,,,,,,,,,,,,,,,,,,,,,,
,,,,,,,,,,,,,,,,,,,,,,,,,,,,,,,,,,,,,,,,,,,,,,,,,,,,,,,,,,,,,,,,,,,,,,
UNIT,"Chain linked volumes, index 2010=100",,,,,,,,,,,,,,,,,,,,,,,,,,,,,,,,,,,,,,,,,,,,,,,,,,,,,,,,,,,,,,,,,,,,,
S_ADJ,Unadjusted data (i.e. neither seasonally adjusted nor calendar adjusted data),,,,,,,,,,,,,,,,,,,,,,,,,,,,,,,,,,,,,,,,,,,,,,,,,,,,,,,,,,,,,,,,,,,,,
NA_ITEM,Gross domestic product at market prices,,,,,,,,,,,,,,,,,,,,,,,,,,,,,,,,,,,,,,,,,,,,,,,,,,,,,,,,,,,,,,,,,,,,,
,,,,,,,,,,,,,,,,,,,,,,,,,,,,,,,,,,,,,,,,,,,,,,,,,,,,,,,,,,,,,,,,,,,,,,
GEO/TIME,1999Q1,1999Q2,1999Q3,1999Q4,2000Q1,2000Q2,2000Q3,2000Q4,2001Q1,2001Q2,2001Q3,2001Q4,2002Q1,2002Q2,2002Q3,2002Q4,2003Q1,2003Q2,2003Q3,2003Q4,2004Q1,2004Q2,2004Q3,2004Q4,2005Q1,2005Q2,2005Q3,2005Q4,2006Q1,2006Q2,2006Q3,2006Q4,2007Q1,2007Q2,2007Q3,2007Q4,2008Q1,2008Q2,2008Q3,2008Q4,2009Q1,2009Q2,2009Q3,2009Q4,2010Q1,2010Q2,2010Q3,2010Q4,2011Q1,2011Q2,2011Q3,2011Q4,2012Q1,2012Q2,2012Q3,2012Q4,2013Q1,2013Q2,2013Q3,2013Q4,2014Q1,2014Q2,2014Q3,2014Q4,2015Q1,2015Q2,2015Q3,2015Q4,2016Q1,2016Q2
Estonia,60.8,67.5,65.6,68.1,66.7,74.9,72.1,76.0,71.5,79.4,77.0,80.2,73.8,84.5,82.9,85.5,80.8,89.7,88.6,91.8,89.1,92.6,93.9,97.3,92.5,103.7,103.7,108.2,103.0,113.6,113.9,119.4,113.8,124.1,121.4,125.5,108.2,121.3,118.2,110.8,94.8,100.6,95.4,100.2,91.5,102.2,100.0,106.2,99.5,109.9,108.8,112.0,104.5,115.4,112.6,116.1,107.3,115.7,113.6,118.5,109.3,119.3,116.2,123.1,110.7,121.5,118.4,124.1,112.4,122.4
Latvia,59.2,64.5,65.6,72.4,62.4,68.5,69.6,75.3,63.2,75.6,72.8,82.0,67.1,79.7,78.9,88.8,73.5,85.6,86.8,95.1,80.1,92.2,92.9,104.1,85.4,100.6,105.3,117.7,96.0,113.0,117.0,131.6,109.5,126.8,129.6,137.3,113.7,125.5,121.2,124.8,100.3,105.4,101.6,108.1,89.3,100.0,101.5,109.0,91.3,106.0,110.9,116.4,98.5,109.9,114.1,119.1,100.6,113.4,118.1,122.3,103.2,115.6,120.5,124.3,105.1,118.9,124.6,127.7,107.4,121.4
Lithuania,57.1,63.1,67.9,63.6,59.8,64.3,70.0,67.3,63.9,67.6,74.3,72.6,66.9,73.0,80.2,77.1,74.1,79.9,88.3,86.3,79.4,85.8,92.6,92.3,83.7,91.9,101.0,100.5,90.1,99.5,107.9,107.5,98.9,111.0,121.2,118.8,105.9,117.0,123.2,115.6,91.2,98.6,105.5,98.0,90.4,99.9,106.5,103.1,95.7,105.3,114.0,108.9,99.4,107.3,120.0,113.6,102.8,111.7,123.7,117.7,107.2,115.9,126.9,119.6,108.5,117.6,129.1,122.0,111.2,119.8
,,,,,,,,,,,,,,,,,,,,,,,,,,,,,,,,,,,,,,,,,,,,,,,,,,,,,,,,,,,,,,,,,,,,,,
Special value:,,,,,,,,,,,,,,,,,,,,,,,,,,,,,,,,,,,,,,,,,,,,,,,,,,,,,,,,,,,,,,,,,,,,,,
:,not available,,,,,,,,,,,,,,,,,,,,,,,,,,,,,,,,,,,,,,,,,,,,,,,,,,,,,,,,,,,,,,,,,,,,,
,,,,,,,,,,,,,,,,,,,,,,,,,,,,,,,,,,,,,,,,,,,,,,,,,,,,,,,,,,,,,,,,,,,,,,
UNIT,"Chain linked volumes, index 2010=100",,,,,,,,,,,,,,,,,,,,,,,,,,,,,,,,,,,,,,,,,,,,,,,,,,,,,,,,,,,,,,,,,,,,,
S_ADJ,Unadjusted data (i.e. neither seasonally adjusted nor calendar adjusted data),,,,,,,,,,,,,,,,,,,,,,,,,,,,,,,,,,,,,,,,,,,,,,,,,,,,,,,,,,,,,,,,,,,,,
NA_ITEM,Wages and salaries,,,,,,,,,,,,,,,,,,,,,,,,,,,,,,,,,,,,,,,,,,,,,,,,,,,,,,,,,,,,,,,,,,,,,
,,,,,,,,,,,,,,,,,,,,,,,,,,,,,,,,,,,,,,,,,,,,,,,,,,,,,,,,,,,,,,,,,,,,,,
GEO/TIME,1999Q1,1999Q2,1999Q3,1999Q4,2000Q1,2000Q2,2000Q3,2000Q4,2001Q1,2001Q2,2001Q3,2001Q4,2002Q1,2002Q2,2002Q3,2002Q4,2003Q1,2003Q2,2003Q3,2003Q4,2004Q1,2004Q2,2004Q3,2004Q4,2005Q1,2005Q2,2005Q3,2005Q4,2006Q1,2006Q2,2006Q3,2006Q4,2007Q1,2007Q2,2007Q3,2007Q4,2008Q1,2008Q2,2008Q3,2008Q4,2009Q1,2009Q2,2009Q3,2009Q4,2010Q1,2010Q2,2010Q3,2010Q4,2011Q1,2011Q2,2011Q3,2011Q4,2012Q1,2012Q2,2012Q3,2012Q4,2013Q1,2013Q2,2013Q3,2013Q4,2014Q1,2014Q2,2014Q3,2014Q4,2015Q1,2015Q2,2015Q3,2015Q4,2016Q1,2016Q2
Estonia,:,:,:,:,:,:,:,:,:,:,:,:,:,:,:,:,:,:,:,:,:,:,:,:,:,:,:,:,:,:,:,:,:,:,:,:,:,:,:,:,:,:,:,:,:,:,:,:,:,:,:,:,:,:,:,:,:,:,:,:,:,:,:,:,:,:,:,:,:,:
Latvia,:,:,:,:,:,:,:,:,:,:,:,:,:,:,:,:,:,:,:,:,:,:,:,:,:,:,:,:,:,:,:,:,:,:,:,:,:,:,:,:,:,:,:,:,:,:,:,:,:,:,:,:,:,:,:,:,:,:,:,:,:,:,:,:,:,:,:,:,:,:
Lithuania,:,:,:,:,:,:,:,:,:,:,:,:,:,:,:,:,:,:,:,:,:,:,:,:,:,:,:,:,:,:,:,:,:,:,:,:,:,:,:,:,:,:,:,:,:,:,:,:,:,:,:,:,:,:,:,:,:,:,:,:,:,:,:,:,:,:,:,:,:,:
,,,,,,,,,,,,,,,,,,,,,,,,,,,,,,,,,,,,,,,,,,,,,,,,,,,,,,,,,,,,,,,,,,,,,,
Special value:,,,,,,,,,,,,,,,,,,,,,,,,,,,,,,,,,,,,,,,,,,,,,,,,,,,,,,,,,,,,,,,,,,,,,,
:,not available,,,,,,,,,,,,,,,,,,,,,,,,,,,,,,,,,,,,,,,,,,,,,,,,,,,,,,,,,,,,,,,,,,,,,
,,,,,,,,,,,,,,,,,,,,,,,,,,,,,,,,,,,,,,,,,,,,,,,,,,,,,,,,,,,,,,,,,,,,,,
UNIT,"Chain linked volumes, index 2010=100",,,,,,,,,,,,,,,,,,,,,,,,,,,,,,,,,,,,,,,,,,,,,,,,,,,,,,,,,,,,,,,,,,,,,
S_ADJ,"Seasonally adjusted data, not calendar adjusted data",,,,,,,,,,,,,,,,,,,,,,,,,,,,,,,,,,,,,,,,,,,,,,,,,,,,,,,,,,,,,,,,,,,,,
NA_ITEM,Gross domestic product at market prices,,,,,,,,,,,,,,,,,,,,,,,,,,,,,,,,,,,,,,,,,,,,,,,,,,,,,,,,,,,,,,,,,,,,,
,,,,,,,,,,,,,,,,,,,,,,,,,,,,,,,,,,,,,,,,,,,,,,,,,,,,,,,,,,,,,,,,,,,,,,
GEO/TIME,1999Q1,1999Q2,1999Q3,1999Q4,2000Q1,2000Q2,2000Q3,2000Q4,2001Q1,2001Q2,2001Q3,2001Q4,2002Q1,2002Q2,2002Q3,2002Q4,2003Q1,2003Q2,2003Q3,2003Q4,2004Q1,2004Q2,2004Q3,2004Q4,2005Q1,2005Q2,2005Q3,2005Q4,2006Q1,2006Q2,2006Q3,2006Q4,2007Q1,2007Q2,2007Q3,2007Q4,2008Q1,2008Q2,2008Q3,2008Q4,2009Q1,2009Q2,2009Q3,2009Q4,2010Q1,2010Q2,2010Q3,2010Q4,2011Q1,2011Q2,2011Q3,2011Q4,2012Q1,2012Q2,2012Q3,2012Q4,2013Q1,2013Q2,2013Q3,2013Q4,2014Q1,2014Q2,2014Q3,2014Q4,2015Q1,2015Q2,2015Q3,2015Q4,2016Q1,2016Q2
Estonia,:,:,:,:,:,:,:,:,:,:,:,:,:,:,:,:,:,:,:,:,:,:,:,:,:,:,:,:,:,:,:,:,:,:,:,:,:,:,:,:,:,:,:,:,:,:,:,:,:,:,:,:,:,:,:,:,:,:,:,:,:,:,:,:,:,:,:,:,:,:
Latvia,:,:,:,:,:,:,:,:,:,:,:,:,:,:,:,:,:,:,:,:,:,:,:,:,:,:,:,:,:,:,:,:,:,:,:,:,:,:,:,:,:,:,:,:,:,:,:,:,:,:,:,:,:,:,:,:,:,:,:,:,:,:,:,:,:,:,:,:,:,:
Lithuania,:,:,:,:,:,:,:,:,:,:,:,:,:,:,:,:,:,:,:,:,:,:,:,:,:,:,:,:,:,:,:,:,:,:,:,:,:,:,:,:,:,:,:,:,:,:,:,:,:,:,:,:,:,:,:,:,:,:,:,:,:,:,:,:,:,:,:,:,:,:
,,,,,,,,,,,,,,,,,,,,,,,,,,,,,,,,,,,,,,,,,,,,,,,,,,,,,,,,,,,,,,,,,,,,,,
Special value:,,,,,,,,,,,,,,,,,,,,,,,,,,,,,,,,,,,,,,,,,,,,,,,,,,,,,,,,,,,,,,,,,,,,,,
:,not available,,,,,,,,,,,,,,,,,,,,,,,,,,,,,,,,,,,,,,,,,,,,,,,,,,,,,,,,,,,,,,,,,,,,,
,,,,,,,,,,,,,,,,,,,,,,,,,,,,,,,,,,,,,,,,,,,,,,,,,,,,,,,,,,,,,,,,,,,,,,
UNIT,"Chain linked volumes, index 2010=100",,,,,,,,,,,,,,,,,,,,,,,,,,,,,,,,,,,,,,,,,,,,,,,,,,,,,,,,,,,,,,,,,,,,,
S_ADJ,"Seasonally adjusted data, not calendar adjusted data",,,,,,,,,,,,,,,,,,,,,,,,,,,,,,,,,,,,,,,,,,,,,,,,,,,,,,,,,,,,,,,,,,,,,
NA_ITEM,Wages and salaries,,,,,,,,,,,,,,,,,,,,,,,,,,,,,,,,,,,,,,,,,,,,,,,,,,,,,,,,,,,,,,,,,,,,,
,,,,,,,,,,,,,,,,,,,,,,,,,,,,,,,,,,,,,,,,,,,,,,,,,,,,,,,,,,,,,,,,,,,,,,
GEO/TIME,1999Q1,1999Q2,1999Q3,1999Q4,2000Q1,2000Q2,2000Q3,2000Q4,2001Q1,2001Q2,2001Q3,2001Q4,2002Q1,2002Q2,2002Q3,2002Q4,2003Q1,2003Q2,2003Q3,2003Q4,2004Q1,2004Q2,2004Q3,2004Q4,2005Q1,2005Q2,2005Q3,2005Q4,2006Q1,2006Q2,2006Q3,2006Q4,2007Q1,2007Q2,2007Q3,2007Q4,2008Q1,2008Q2,2008Q3,2008Q4,2009Q1,2009Q2,2009Q3,2009Q4,2010Q1,2010Q2,2010Q3,2010Q4,2011Q1,2011Q2,2011Q3,2011Q4,2012Q1,2012Q2,2012Q3,2012Q4,2013Q1,2013Q2,2013Q3,2013Q4,2014Q1,2014Q2,2014Q3,2014Q4,2015Q1,2015Q2,2015Q3,2015Q4,2016Q1,2016Q2
Estonia,:,:,:,:,:,:,:,:,:,:,:,:,:,:,:,:,:,:,:,:,:,:,:,:,:,:,:,:,:,:,:,:,:,:,:,:,:,:,:,:,:,:,:,:,:,:,:,:,:,:,:,:,:,:,:,:,:,:,:,:,:,:,:,:,:,:,:,:,:,:
Latvia,:,:,:,:,:,:,:,:,:,:,:,:,:,:,:,:,:,:,:,:,:,:,:,:,:,:,:,:,:,:,:,:,:,:,:,:,:,:,:,:,:,:,:,:,:,:,:,:,:,:,:,:,:,:,:,:,:,:,:,:,:,:,:,:,:,:,:,:,:,:
Lithuania,:,:,:,:,:,:,:,:,:,:,:,:,:,:,:,:,:,:,:,:,:,:,:,:,:,:,:,:,:,:,:,:,:,:,:,:,:,:,:,:,:,:,:,:,:,:,:,:,:,:,:,:,:,:,:,:,:,:,:,:,:,:,:,:,:,:,:,:,:,:
,,,,,,,,,,,,,,,,,,,,,,,,,,,,,,,,,,,,,,,,,,,,,,,,,,,,,,,,,,,,,,,,,,,,,,
Special value:,,,,,,,,,,,,,,,,,,,,,,,,,,,,,,,,,,,,,,,,,,,,,,,,,,,,,,,,,,,,,,,,,,,,,,
:,not available,,,,,,,,,,,,,,,,,,,,,,,,,,,,,,,,,,,,,,,,,,,,,,,,,,,,,,,,,,,,,,,,,,,,,
,,,,,,,,,,,,,,,,,,,,,,,,,,,,,,,,,,,,,,,,,,,,,,,,,,,,,,,,,,,,,,,,,,,,,,
UNIT,"Chain linked volumes, index 2010=100",,,,,,,,,,,,,,,,,,,,,,,,,,,,,,,,,,,,,,,,,,,,,,,,,,,,,,,,,,,,,,,,,,,,,
S_ADJ,"Calendar adjusted data, not seasonally adjusted data",,,,,,,,,,,,,,,,,,,,,,,,,,,,,,,,,,,,,,,,,,,,,,,,,,,,,,,,,,,,,,,,,,,,,
NA_ITEM,Gross domestic product at market prices,,,,,,,,,,,,,,,,,,,,,,,,,,,,,,,,,,,,,,,,,,,,,,,,,,,,,,,,,,,,,,,,,,,,,
,,,,,,,,,,,,,,,,,,,,,,,,,,,,,,,,,,,,,,,,,,,,,,,,,,,,,,,,,,,,,,,,,,,,,,
GEO/TIME,1999Q1,1999Q2,1999Q3,1999Q4,2000Q1,2000Q2,2000Q3,2000Q4,2001Q1,2001Q2,2001Q3,2001Q4,2002Q1,2002Q2,2002Q3,2002Q4,2003Q1,2003Q2,2003Q3,2003Q4,2004Q1,2004Q2,2004Q3,2004Q4,2005Q1,2005Q2,2005Q3,2005Q4,2006Q1,2006Q2,2006Q3,2006Q4,2007Q1,2007Q2,2007Q3,2007Q4,2008Q1,2008Q2,2008Q3,2008Q4,2009Q1,2009Q2,2009Q3,2009Q4,2010Q1,2010Q2,2010Q3,2010Q4,2011Q1,2011Q2,2011Q3,2011Q4,2012Q1,2012Q2,2012Q3,2012Q4,2013Q1,2013Q2,2013Q3,2013Q4,2014Q1,2014Q2,2014Q3,2014Q4,2015Q1,2015Q2,2015Q3,2015Q4,2016Q1,2016Q2
Estonia,:,:,:,:,:,:,:,:,:,:,:,:,:,:,:,:,:,:,:,:,:,:,:,:,:,:,:,:,:,:,:,:,:,:,:,:,:,:,:,:,:,:,:,:,:,:,:,:,:,:,:,:,:,:,:,:,:,:,:,:,:,:,:,:,:,:,:,:,:,:
Latvia,59.5,64.5,65.5,72.1,61.2,68.6,69.8,75.2,63.2,75.4,73.0,81.9,67.7,79.2,78.7,89.1,73.8,85.7,86.7,95.4,79.0,92.4,92.8,103.6,86.1,100.0,105.1,117.5,95.6,113.3,117.3,131.5,109.5,126.5,129.9,137.5,113.0,124.9,121.0,125.3,100.7,106.1,101.4,108.1,89.6,100.2,101.3,108.6,91.3,106.3,110.8,115.9,96.7,109.7,114.3,119.3,101.4,112.8,117.9,122.8,103.7,116.0,120.3,124.8,105.5,119.7,124.5,127.7,106.7,120.6
Lithuania,57.4,62.9,67.8,63.5,59.3,64.1,70.3,67.5,63.8,67.4,74.6,72.7,67.0,73.0,80.1,77.2,74.2,79.8,88.1,86.1,79.1,85.8,92.5,92.1,84.1,91.6,101.1,100.6,89.7,99.5,108.4,108.0,98.7,111.0,121.8,118.9,105.6,117.0,123.0,115.4,91.7,98.9,105.3,97.8,90.8,99.8,106.3,102.9,95.9,105.2,114.2,109.0,100.0,107.4,119.8,113.6,102.7,111.6,123.9,117.7,107.1,115.8,127.1,119.8,108.3,117.5,129.3,122.2,111.3,120.1
,,,,,,,,,,,,,,,,,,,,,,,,,,,,,,,,,,,,,,,,,,,,,,,,,,,,,,,,,,,,,,,,,,,,,,
Special value:,,,,,,,,,,,,,,,,,,,,,,,,,,,,,,,,,,,,,,,,,,,,,,,,,,,,,,,,,,,,,,,,,,,,,,
:,not available,,,,,,,,,,,,,,,,,,,,,,,,,,,,,,,,,,,,,,,,,,,,,,,,,,,,,,,,,,,,,,,,,,,,,
,,,,,,,,,,,,,,,,,,,,,,,,,,,,,,,,,,,,,,,,,,,,,,,,,,,,,,,,,,,,,,,,,,,,,,
UNIT,"Chain linked volumes, index 2010=100",,,,,,,,,,,,,,,,,,,,,,,,,,,,,,,,,,,,,,,,,,,,,,,,,,,,,,,,,,,,,,,,,,,,,
S_ADJ,"Calendar adjusted data, not seasonally adjusted data",,,,,,,,,,,,,,,,,,,,,,,,,,,,,,,,,,,,,,,,,,,,,,,,,,,,,,,,,,,,,,,,,,,,,
NA_ITEM,Wages and salaries,,,,,,,,,,,,,,,,,,,,,,,,,,,,,,,,,,,,,,,,,,,,,,,,,,,,,,,,,,,,,,,,,,,,,
,,,,,,,,,,,,,,,,,,,,,,,,,,,,,,,,,,,,,,,,,,,,,,,,,,,,,,,,,,,,,,,,,,,,,,
GEO/TIME,1999Q1,1999Q2,1999Q3,1999Q4,2000Q1,2000Q2,2000Q3,2000Q4,2001Q1,2001Q2,2001Q3,2001Q4,2002Q1,2002Q2,2002Q3,2002Q4,2003Q1,2003Q2,2003Q3,2003Q4,2004Q1,2004Q2,2004Q3,2004Q4,2005Q1,2005Q2,2005Q3,2005Q4,2006Q1,2006Q2,2006Q3,2006Q4,2007Q1,2007Q2,2007Q3,2007Q4,2008Q1,2008Q2,2008Q3,2008Q4,2009Q1,2009Q2,2009Q3,2009Q4,2010Q1,2010Q2,2010Q3,2010Q4,2011Q1,2011Q2,2011Q3,2011Q4,2012Q1,2012Q2,2012Q3,2012Q4,2013Q1,2013Q2,2013Q3,2013Q4,2014Q1,2014Q2,2014Q3,2014Q4,2015Q1,2015Q2,2015Q3,2015Q4,2016Q1,2016Q2
Estonia,:,:,:,:,:,:,:,:,:,:,:,:,:,:,:,:,:,:,:,:,:,:,:,:,:,:,:,:,:,:,:,:,:,:,:,:,:,:,:,:,:,:,:,:,:,:,:,:,:,:,:,:,:,:,:,:,:,:,:,:,:,:,:,:,:,:,:,:,:,:
Latvia,:,:,:,:,:,:,:,:,:,:,:,:,:,:,:,:,:,:,:,:,:,:,:,:,:,:,:,:,:,:,:,:,:,:,:,:,:,:,:,:,:,:,:,:,:,:,:,:,:,:,:,:,:,:,:,:,:,:,:,:,:,:,:,:,:,:,:,:,:,:
Lithuania,:,:,:,:,:,:,:,:,:,:,:,:,:,:,:,:,:,:,:,:,:,:,:,:,:,:,:,:,:,:,:,:,:,:,:,:,:,:,:,:,:,:,:,:,:,:,:,:,:,:,:,:,:,:,:,:,:,:,:,:,:,:,:,:,:,:,:,:,:,:
,,,,,,,,,,,,,,,,,,,,,,,,,,,,,,,,,,,,,,,,,,,,,,,,,,,,,,,,,,,,,,,,,,,,,,
Special value:,,,,,,,,,,,,,,,,,,,,,,,,,,,,,,,,,,,,,,,,,,,,,,,,,,,,,,,,,,,,,,,,,,,,,,
:,not available,,,,,,,,,,,,,,,,,,,,,,,,,,,,,,,,,,,,,,,,,,,,,,,,,,,,,,,,,,,,,,,,,,,,,
,,,,,,,,,,,,,,,,,,,,,,,,,,,,,,,,,,,,,,,,,,,,,,,,,,,,,,,,,,,,,,,,,,,,,,
UNIT,"Chain linked volumes, index 2010=100",,,,,,,,,,,,,,,,,,,,,,,,,,,,,,,,,,,,,,,,,,,,,,,,,,,,,,,,,,,,,,,,,,,,,
S_ADJ,Seasonally and calendar adjusted data,,,,,,,,,,,,,,,,,,,,,,,,,,,,,,,,,,,,,,,,,,,,,,,,,,,,,,,,,,,,,,,,,,,,,
NA_ITEM,Gross domestic product at market prices,,,,,,,,,,,,,,,,,,,,,,,,,,,,,,,,,,,,,,,,,,,,,,,,,,,,,,,,,,,,,,,,,,,,,
,,,,,,,,,,,,,,,,,,,,,,,,,,,,,,,,,,,,,,,,,,,,,,,,,,,,,,,,,,,,,,,,,,,,,,
GEO/TIME,1999Q1,1999Q2,1999Q3,1999Q4,2000Q1,2000Q2,2000Q3,2000Q4,2001Q1,2001Q2,2001Q3,2001Q4,2002Q1,2002Q2,2002Q3,2002Q4,2003Q1,2003Q2,2003Q3,2003Q4,2004Q1,2004Q2,2004Q3,2004Q4,2005Q1,2005Q2,2005Q3,2005Q4,2006Q1,2006Q2,2006Q3,2006Q4,2007Q1,2007Q2,2007Q3,2007Q4,2008Q1,2008Q2,2008Q3,2008Q4,2009Q1,2009Q2,2009Q3,2009Q4,2010Q1,2010Q2,2010Q3,2010Q4,2011Q1,2011Q2,2011Q3,2011Q4,2012Q1,2012Q2,2012Q3,2012Q4,2013Q1,2013Q2,2013Q3,2013Q4,2014Q1,2014Q2,2014Q3,2014Q4,2015Q1,2015Q2,2015Q3,2015Q4,2016Q1,2016Q2
Estonia,64.9,65.2,66.0,67.3,70.0,71.9,72.6,74.6,75.4,76.7,77.0,78.7,78.7,81.5,82.5,83.8,85.7,87.0,89.2,89.2,93.5,90.6,94.7,94.8,98.0,100.6,103.7,105.5,109.1,110.6,114.5,116.2,120.3,120.7,120.4,121.4,116.8,119.5,116.6,105.8,100.8,99.3,96.1,97.2,96.8,99.5,100.4,103.2,105.3,106.7,108.9,109.3,111.0,112.0,112.7,112.8,113.7,113.1,114.1,114.7,115.7,116.7,116.5,118.8,117.5,119.1,118.5,119.8,119.3,119.8
Latvia,65.2,64.0,65.6,66.8,67.6,67.7,69.8,69.5,70.4,74.1,73.1,75.3,75.8,77.8,78.8,81.6,82.9,84.4,86.4,87.4,88.9,91.3,92.1,94.8,97.1,99.1,104.0,107.5,107.8,112.4,115.8,120.8,123.0,125.4,128.2,127.2,126.4,123.8,119.3,116.1,112.4,105.4,99.9,100.3,100.0,99.6,99.3,101.1,102.2,105.7,107.9,108.1,108.3,109.4,111.0,111.4,113.3,112.7,114.3,115.0,115.8,115.9,116.3,117.0,118.2,119.4,120.1,119.7,119.6,120.4
Lithuania,63.1,63.6,62.4,62.5,64.2,64.9,65.5,66.7,68.6,68.4,69.9,71.7,71.9,74.0,75.3,76.2,79.9,80.9,83.1,84.5,85.5,87.0,87.4,89.8,91.5,92.8,95.5,97.7,98.0,100.4,102.1,105.2,108.3,111.4,114.4,116.5,115.5,116.7,115.1,113.8,99.7,98.4,98.6,97.1,98.6,99.7,99.6,102.1,104.4,105.8,106.5,107.8,109.0,108.8,111.2,111.9,112.1,113.3,114.7,115.8,116.9,117.4,117.6,118.0,118.3,119.1,119.7,120.3,121.4,121.6
,,,,,,,,,,,,,,,,,,,,,,,,,,,,,,,,,,,,,,,,,,,,,,,,,,,,,,,,,,,,,,,,,,,,,,
Special value:,,,,,,,,,,,,,,,,,,,,,,,,,,,,,,,,,,,,,,,,,,,,,,,,,,,,,,,,,,,,,,,,,,,,,,
:,not available,,,,,,,,,,,,,,,,,,,,,,,,,,,,,,,,,,,,,,,,,,,,,,,,,,,,,,,,,,,,,,,,,,,,,
,,,,,,,,,,,,,,,,,,,,,,,,,,,,,,,,,,,,,,,,,,,,,,,,,,,,,,,,,,,,,,,,,,,,,,
UNIT,"Chain linked volumes, index 2010=100",,,,,,,,,,,,,,,,,,,,,,,,,,,,,,,,,,,,,,,,,,,,,,,,,,,,,,,,,,,,,,,,,,,,,
S_ADJ,Seasonally and calendar adjusted data,,,,,,,,,,,,,,,,,,,,,,,,,,,,,,,,,,,,,,,,,,,,,,,,,,,,,,,,,,,,,,,,,,,,,
NA_ITEM,Wages and salaries,,,,,,,,,,,,,,,,,,,,,,,,,,,,,,,,,,,,,,,,,,,,,,,,,,,,,,,,,,,,,,,,,,,,,
,,,,,,,,,,,,,,,,,,,,,,,,,,,,,,,,,,,,,,,,,,,,,,,,,,,,,,,,,,,,,,,,,,,,,,
GEO/TIME,1999Q1,1999Q2,1999Q3,1999Q4,2000Q1,2000Q2,2000Q3,2000Q4,2001Q1,2001Q2,2001Q3,2001Q4,2002Q1,2002Q2,2002Q3,2002Q4,2003Q1,2003Q2,2003Q3,2003Q4,2004Q1,2004Q2,2004Q3,2004Q4,2005Q1,2005Q2,2005Q3,2005Q4,2006Q1,2006Q2,2006Q3,2006Q4,2007Q1,2007Q2,2007Q3,2007Q4,2008Q1,2008Q2,2008Q3,2008Q4,2009Q1,2009Q2,2009Q3,2009Q4,2010Q1,2010Q2,2010Q3,2010Q4,2011Q1,2011Q2,2011Q3,2011Q4,2012Q1,2012Q2,2012Q3,2012Q4,2013Q1,2013Q2,2013Q3,2013Q4,2014Q1,2014Q2,2014Q3,2014Q4,2015Q1,2015Q2,2015Q3,2015Q4,2016Q1,2016Q2
Estonia,:,:,:,:,:,:,:,:,:,:,:,:,:,:,:,:,:,:,:,:,:,:,:,:,:,:,:,:,:,:,:,:,:,:,:,:,:,:,:,:,:,:,:,:,:,:,:,:,:,:,:,:,:,:,:,:,:,:,:,:,:,:,:,:,:,:,:,:,:,:
Latvia,:,:,:,:,:,:,:,:,:,:,:,:,:,:,:,:,:,:,:,:,:,:,:,:,:,:,:,:,:,:,:,:,:,:,:,:,:,:,:,:,:,:,:,:,:,:,:,:,:,:,:,:,:,:,:,:,:,:,:,:,:,:,:,:,:,:,:,:,:,:
Lithuania,:,:,:,:,:,:,:,:,:,:,:,:,:,:,:,:,:,:,:,:,:,:,:,:,:,:,:,:,:,:,:,:,:,:,:,:,:,:,:,:,:,:,:,:,:,:,:,:,:,:,:,:,:,:,:,:,:,:,:,:,:,:,:,:,:,:,:,:,:,:
,,,,,,,,,,,,,,,,,,,,,,,,,,,,,,,,,,,,,,,,,,,,,,,,,,,,,,,,,,,,,,,,,,,,,,
Special value:,,,,,,,,,,,,,,,,,,,,,,,,,,,,,,,,,,,,,,,,,,,,,,,,,,,,,,,,,,,,,,,,,,,,,,
:,not available,,,,,,,,,,,,,,,,,,,,,,,,,,,,,,,,,,,,,,,,,,,,,,,,,,,,,,,,,,,,,,,,,,,,,
