Sentiment indicators - monthly data [ei_bssi_m_r2],,,,,,,,,,,,,,,,,,,,,,,,,,,,,,,,,,,,,,,,,,,,,,,,,,,,,,,,,,,,,,,,,,,,,,,,,,,,,,,,,,,,,,,,,,,,,,,,,,,,,,,,,,,,,,,,,,,,,,,,,,,,,,,,,,,,,,,,,,,,,,,,,,,,,,,,,,,,,,,,,,,,,,,,,,,,,,,,,,,,,,,,,,,,,,,,,,,,,,,,
,,,,,,,,,,,,,,,,,,,,,,,,,,,,,,,,,,,,,,,,,,,,,,,,,,,,,,,,,,,,,,,,,,,,,,,,,,,,,,,,,,,,,,,,,,,,,,,,,,,,,,,,,,,,,,,,,,,,,,,,,,,,,,,,,,,,,,,,,,,,,,,,,,,,,,,,,,,,,,,,,,,,,,,,,,,,,,,,,,,,,,,,,,,,,,,,,,,,,,,,
Last update,30.08.16,,,,,,,,,,,,,,,,,,,,,,,,,,,,,,,,,,,,,,,,,,,,,,,,,,,,,,,,,,,,,,,,,,,,,,,,,,,,,,,,,,,,,,,,,,,,,,,,,,,,,,,,,,,,,,,,,,,,,,,,,,,,,,,,,,,,,,,,,,,,,,,,,,,,,,,,,,,,,,,,,,,,,,,,,,,,,,,,,,,,,,,,,,,,,,,,,,,,,,,
Extracted on,26.09.16,,,,,,,,,,,,,,,,,,,,,,,,,,,,,,,,,,,,,,,,,,,,,,,,,,,,,,,,,,,,,,,,,,,,,,,,,,,,,,,,,,,,,,,,,,,,,,,,,,,,,,,,,,,,,,,,,,,,,,,,,,,,,,,,,,,,,,,,,,,,,,,,,,,,,,,,,,,,,,,,,,,,,,,,,,,,,,,,,,,,,,,,,,,,,,,,,,,,,,,
Source of data,European Commission - Directorate general for economic and financial affairs (DG ECFIN),,,,,,,,,,,,,,,,,,,,,,,,,,,,,,,,,,,,,,,,,,,,,,,,,,,,,,,,,,,,,,,,,,,,,,,,,,,,,,,,,,,,,,,,,,,,,,,,,,,,,,,,,,,,,,,,,,,,,,,,,,,,,,,,,,,,,,,,,,,,,,,,,,,,,,,,,,,,,,,,,,,,,,,,,,,,,,,,,,,,,,,,,,,,,,,,,,,,,,,
,,,,,,,,,,,,,,,,,,,,,,,,,,,,,,,,,,,,,,,,,,,,,,,,,,,,,,,,,,,,,,,,,,,,,,,,,,,,,,,,,,,,,,,,,,,,,,,,,,,,,,,,,,,,,,,,,,,,,,,,,,,,,,,,,,,,,,,,,,,,,,,,,,,,,,,,,,,,,,,,,,,,,,,,,,,,,,,,,,,,,,,,,,,,,,,,,,,,,,,,
INDIC,Construction confidence indicator,,,,,,,,,,,,,,,,,,,,,,,,,,,,,,,,,,,,,,,,,,,,,,,,,,,,,,,,,,,,,,,,,,,,,,,,,,,,,,,,,,,,,,,,,,,,,,,,,,,,,,,,,,,,,,,,,,,,,,,,,,,,,,,,,,,,,,,,,,,,,,,,,,,,,,,,,,,,,,,,,,,,,,,,,,,,,,,,,,,,,,,,,,,,,,,,,,,,,,,
S_ADJ,Unadjusted data (i.e. neither seasonally adjusted nor calendar adjusted data),,,,,,,,,,,,,,,,,,,,,,,,,,,,,,,,,,,,,,,,,,,,,,,,,,,,,,,,,,,,,,,,,,,,,,,,,,,,,,,,,,,,,,,,,,,,,,,,,,,,,,,,,,,,,,,,,,,,,,,,,,,,,,,,,,,,,,,,,,,,,,,,,,,,,,,,,,,,,,,,,,,,,,,,,,,,,,,,,,,,,,,,,,,,,,,,,,,,,,,
,,,,,,,,,,,,,,,,,,,,,,,,,,,,,,,,,,,,,,,,,,,,,,,,,,,,,,,,,,,,,,,,,,,,,,,,,,,,,,,,,,,,,,,,,,,,,,,,,,,,,,,,,,,,,,,,,,,,,,,,,,,,,,,,,,,,,,,,,,,,,,,,,,,,,,,,,,,,,,,,,,,,,,,,,,,,,,,,,,,,,,,,,,,,,,,,,,,,,,,,
GEO/TIME,2000M01,2000M02,2000M03,2000M04,2000M05,2000M06,2000M07,2000M08,2000M09,2000M10,2000M11,2000M12,2001M01,2001M02,2001M03,2001M04,2001M05,2001M06,2001M07,2001M08,2001M09,2001M10,2001M11,2001M12,2002M01,2002M02,2002M03,2002M04,2002M05,2002M06,2002M07,2002M08,2002M09,2002M10,2002M11,2002M12,2003M01,2003M02,2003M03,2003M04,2003M05,2003M06,2003M07,2003M08,2003M09,2003M10,2003M11,2003M12,2004M01,2004M02,2004M03,2004M04,2004M05,2004M06,2004M07,2004M08,2004M09,2004M10,2004M11,2004M12,2005M01,2005M02,2005M03,2005M04,2005M05,2005M06,2005M07,2005M08,2005M09,2005M10,2005M11,2005M12,2006M01,2006M02,2006M03,2006M04,2006M05,2006M06,2006M07,2006M08,2006M09,2006M10,2006M11,2006M12,2007M01,2007M02,2007M03,2007M04,2007M05,2007M06,2007M07,2007M08,2007M09,2007M10,2007M11,2007M12,2008M01,2008M02,2008M03,2008M04,2008M05,2008M06,2008M07,2008M08,2008M09,2008M10,2008M11,2008M12,2009M01,2009M02,2009M03,2009M04,2009M05,2009M06,2009M07,2009M08,2009M09,2009M10,2009M11,2009M12,2010M01,2010M02,2010M03,2010M04,2010M05,2010M06,2010M07,2010M08,2010M09,2010M10,2010M11,2010M12,2011M01,2011M02,2011M03,2011M04,2011M05,2011M06,2011M07,2011M08,2011M09,2011M10,2011M11,2011M12,2012M01,2012M02,2012M03,2012M04,2012M05,2012M06,2012M07,2012M08,2012M09,2012M10,2012M11,2012M12,2013M01,2013M02,2013M03,2013M04,2013M05,2013M06,2013M07,2013M08,2013M09,2013M10,2013M11,2013M12,2014M01,2014M02,2014M03,2014M04,2014M05,2014M06,2014M07,2014M08,2014M09,2014M10,2014M11,2014M12,2015M01,2015M02,2015M03,2015M04,2015M05,2015M06,2015M07,2015M08,2015M09,2015M10,2015M11,2015M12,2016M01,2016M02,2016M03,2016M04,2016M05,2016M06,2016M07,2016M08
Estonia,-38.2,-38.2,-38.2,-8.7,-8.7,-8.7,-5.3,-5.3,-5.3,-5.2,-5.2,-5.2,-1.8,-1.8,-1.8,-3.3,-3.3,-3.3,-0.5,2.3,5.0,7.8,10.6,13.4,16.2,18.7,21.5,24.2,27.0,27.0,31.9,29.3,18.1,10.4,-0.7,-10.5,-4.6,-1.9,-2.9,5.2,11.5,14.6,21.7,16.5,18.8,10.5,4.3,-1.4,0.7,2.8,9.3,16.2,27.0,26.9,22.0,20.7,19.6,11.8,6.3,7.9,13.0,20.4,26.9,34.6,42.9,39.3,39.6,41.9,32.5,27.2,30.1,34.6,36.1,38.9,41.4,47.4,57.8,54.1,45.7,41.8,42.4,39.2,33.4,33.7,31.9,36.9,37.2,41.5,33.8,30.0,22.5,15.6,5.9,0.0,-6.0,-13.7,-8.2,-2.4,-10.0,-11.9,-27.2,-26.8,-22.4,-24.9,-34.1,-46.5,-62.8,-66.7,-70.0,-68.8,-73.1,-68.1,-59.1,-60.7,-61.3,-60.0,-59.6,-56.9,-60.3,-62.5,-54.8,-45.3,-38.9,-23.9,-18.4,-3.6,-15.7,-15.7,-22.1,-32.9,-30.7,-32.6,-25.0,-7.8,-7.0,2.4,15.2,26.5,15.4,13.2,8.7,-8.9,-7.2,-12.4,-10.8,-3.6,7.4,16.4,19.4,19.7,12.0,2.9,-0.6,2.2,-6.4,-10.5,-10.2,-7.6,-1.3,-7.1,3.1,0.1,0.6,-8.6,-13.0,-13.5,-23.4,-33.8,-30.0,-28.4,-20.3,-8.6,-5.8,-13.9,-20.7,-17.9,-22.9,-25.4,-23.3,-31.6,-27.1,-23.7,-22.1,-16.2,-7.0,-14.9,-12.7,-10.0,-20.4,-17.9,-15.3,-18.0,-7.0,-6.4,-7.0,7.8,10.7,-0.1,4.4,0.0
Latvia,-44.4,-44.4,-44.4,-25.5,-25.5,-25.5,-19.9,-19.8,-19.8,-40.5,-40.7,-40.8,-39.4,-38.9,-38.5,-25.8,-26.9,-28.9,-16.2,-23.5,-30.6,-37.9,-34.1,-30.2,-26.2,-22.1,-22.9,-16.2,-8.4,-2.7,-5.2,-8.4,-8.3,-15.7,-25.3,-29.8,-29.3,-18.5,-14.3,-7.4,-2.0,-2.7,2.4,-2.3,-13.7,-17.1,-23.7,-28.8,-24.4,-11.5,-3.3,4.5,9.5,5.9,4.5,1.3,-5.0,-10.6,-14.3,-21.8,-9.1,-3.4,5.8,11.1,14.8,16.8,15.8,14.7,10.1,0.2,1.9,-8.8,-2.8,4.9,11.8,17.7,24.5,23.7,23.4,20.0,9.1,2.3,0.3,1.4,8.4,10.9,21.1,25.7,23.9,23.7,18.9,13.8,10.4,-2.3,-10.5,-16.7,-17.3,-11.9,-11.0,-17.5,-17.6,-19.7,-26.9,-36.6,-46.4,-53.7,-61.5,-73.0,-70.8,-69.9,-70.6,-65.2,-66.3,-62.6,-67.4,-67.6,-68.4,-73.5,-76.3,-78.2,-73.2,-64.0,-58.4,-49.3,-42.3,-41.1,-38.2,-40.1,-46.0,-37.9,-55.0,-56.6,-52.3,-41.3,-27.4,-24.6,-18.3,-13.2,-9.9,-16.0,-24.2,-27.2,-24.2,-36.0,-36.1,-24.9,-9.4,2.0,1.0,0.9,-4.7,-6.6,-13.5,-25.5,-31.0,-35.1,-31.8,-21.6,-15.8,-9.5,-3.1,0.3,-2.4,-12.0,-18.2,-23.9,-29.9,-34.6,-29.3,-20.9,-7.2,-3.1,-4.2,-6.8,-10.5,-12.6,-19.3,-28.8,-33.1,-40.1,-31.5,-25.9,-16.6,-9.0,-11.0,-9.1,-14.6,-22.2,-34.8,-38.4,-46.0,-50.3,-39.8,-34.7,-26.7,-22.1,-23.8,-22.7,-24.9,-26.4
Lithuania,-61.4,-61.4,-61.4,-61.4,-61.4,-61.4,-66.4,-66.4,-66.4,-74.9,-74.9,-74.9,-73.4,-73.4,-73.4,-47.4,-47.4,-47.4,-37.4,-37.4,-37.4,-56.4,-56.4,-56.4,-53.9,-53.9,-53.9,-19.9,-10.4,-15.9,-16.4,-19.0,-33.6,-16.4,-44.2,-42.8,-37.3,-22.2,-18.7,-6.8,-9.3,-2.8,-6.7,-13.0,-19.2,-22.3,-22.6,-39.0,-37.7,-29.4,-15.4,-4.0,-0.4,-3.6,-10.2,-13.6,-9.1,-12.6,-19.6,-26.8,-22.6,-12.3,-5.6,-14.2,3.8,9.8,12.4,8.4,4.1,0.2,-3.0,-10.4,-17.3,-17.9,6.3,7.4,16.4,16.9,16.9,11.1,-0.6,0.1,-9.5,-7.4,-1.7,2.4,12.5,15.3,19.4,14.8,11.3,6.1,6.0,-4.8,-7.0,-9.8,-0.8,-1.0,-2.8,-4.5,-10.6,-15.8,-20.0,-32.9,-32.9,-47.4,-58.2,-68.9,-74.1,-75.7,-82.4,-84.4,-81.9,-79.6,-72.2,-76.9,-74.5,-79.0,-78.7,-78.8,-68.8,-64.9,-52.1,-41.0,-30.2,-24.6,-23.7,-27.1,-29.1,-37.6,-46.5,-56.1,-48.7,-40.1,-24.0,-20.0,-14.0,-10.5,-17.3,-21.5,-29.4,-38.0,-46.3,-47.8,-44.1,-43.8,-36.7,-26.7,-24.7,-21.3,-24.5,-23.6,-26.2,-40.7,-41.1,-45.7,-32.8,-30.4,-19.1,-9.4,-9.8,-13.4,-9.3,-13.0,-22.0,-27.4,-36.3,-38.9,-30.2,-23.9,-11.8,-5.7,-1.8,-3.4,-10.3,-10.9,-12.5,-17.7,-30.1,-31.0,-27.0,-19.7,-16.5,-14.7,-11.2,-13.4,-11.4,-21.4,-25.2,-32.6,-42.1,-43.1,-35.8,-31.3,-21.0,-21.5,-18.1,-17.4,-26.6,-20.7
,,,,,,,,,,,,,,,,,,,,,,,,,,,,,,,,,,,,,,,,,,,,,,,,,,,,,,,,,,,,,,,,,,,,,,,,,,,,,,,,,,,,,,,,,,,,,,,,,,,,,,,,,,,,,,,,,,,,,,,,,,,,,,,,,,,,,,,,,,,,,,,,,,,,,,,,,,,,,,,,,,,,,,,,,,,,,,,,,,,,,,,,,,,,,,,,,,,,,,,,
Special value:,,,,,,,,,,,,,,,,,,,,,,,,,,,,,,,,,,,,,,,,,,,,,,,,,,,,,,,,,,,,,,,,,,,,,,,,,,,,,,,,,,,,,,,,,,,,,,,,,,,,,,,,,,,,,,,,,,,,,,,,,,,,,,,,,,,,,,,,,,,,,,,,,,,,,,,,,,,,,,,,,,,,,,,,,,,,,,,,,,,,,,,,,,,,,,,,,,,,,,,,
:,not available,,,,,,,,,,,,,,,,,,,,,,,,,,,,,,,,,,,,,,,,,,,,,,,,,,,,,,,,,,,,,,,,,,,,,,,,,,,,,,,,,,,,,,,,,,,,,,,,,,,,,,,,,,,,,,,,,,,,,,,,,,,,,,,,,,,,,,,,,,,,,,,,,,,,,,,,,,,,,,,,,,,,,,,,,,,,,,,,,,,,,,,,,,,,,,,,,,,,,,,
,,,,,,,,,,,,,,,,,,,,,,,,,,,,,,,,,,,,,,,,,,,,,,,,,,,,,,,,,,,,,,,,,,,,,,,,,,,,,,,,,,,,,,,,,,,,,,,,,,,,,,,,,,,,,,,,,,,,,,,,,,,,,,,,,,,,,,,,,,,,,,,,,,,,,,,,,,,,,,,,,,,,,,,,,,,,,,,,,,,,,,,,,,,,,,,,,,,,,,,,
INDIC,Construction confidence indicator,,,,,,,,,,,,,,,,,,,,,,,,,,,,,,,,,,,,,,,,,,,,,,,,,,,,,,,,,,,,,,,,,,,,,,,,,,,,,,,,,,,,,,,,,,,,,,,,,,,,,,,,,,,,,,,,,,,,,,,,,,,,,,,,,,,,,,,,,,,,,,,,,,,,,,,,,,,,,,,,,,,,,,,,,,,,,,,,,,,,,,,,,,,,,,,,,,,,,,,
S_ADJ,"Seasonally adjusted data, not calendar adjusted data",,,,,,,,,,,,,,,,,,,,,,,,,,,,,,,,,,,,,,,,,,,,,,,,,,,,,,,,,,,,,,,,,,,,,,,,,,,,,,,,,,,,,,,,,,,,,,,,,,,,,,,,,,,,,,,,,,,,,,,,,,,,,,,,,,,,,,,,,,,,,,,,,,,,,,,,,,,,,,,,,,,,,,,,,,,,,,,,,,,,,,,,,,,,,,,,,,,,,,,
,,,,,,,,,,,,,,,,,,,,,,,,,,,,,,,,,,,,,,,,,,,,,,,,,,,,,,,,,,,,,,,,,,,,,,,,,,,,,,,,,,,,,,,,,,,,,,,,,,,,,,,,,,,,,,,,,,,,,,,,,,,,,,,,,,,,,,,,,,,,,,,,,,,,,,,,,,,,,,,,,,,,,,,,,,,,,,,,,,,,,,,,,,,,,,,,,,,,,,,,
GEO/TIME,2000M01,2000M02,2000M03,2000M04,2000M05,2000M06,2000M07,2000M08,2000M09,2000M10,2000M11,2000M12,2001M01,2001M02,2001M03,2001M04,2001M05,2001M06,2001M07,2001M08,2001M09,2001M10,2001M11,2001M12,2002M01,2002M02,2002M03,2002M04,2002M05,2002M06,2002M07,2002M08,2002M09,2002M10,2002M11,2002M12,2003M01,2003M02,2003M03,2003M04,2003M05,2003M06,2003M07,2003M08,2003M09,2003M10,2003M11,2003M12,2004M01,2004M02,2004M03,2004M04,2004M05,2004M06,2004M07,2004M08,2004M09,2004M10,2004M11,2004M12,2005M01,2005M02,2005M03,2005M04,2005M05,2005M06,2005M07,2005M08,2005M09,2005M10,2005M11,2005M12,2006M01,2006M02,2006M03,2006M04,2006M05,2006M06,2006M07,2006M08,2006M09,2006M10,2006M11,2006M12,2007M01,2007M02,2007M03,2007M04,2007M05,2007M06,2007M07,2007M08,2007M09,2007M10,2007M11,2007M12,2008M01,2008M02,2008M03,2008M04,2008M05,2008M06,2008M07,2008M08,2008M09,2008M10,2008M11,2008M12,2009M01,2009M02,2009M03,2009M04,2009M05,2009M06,2009M07,2009M08,2009M09,2009M10,2009M11,2009M12,2010M01,2010M02,2010M03,2010M04,2010M05,2010M06,2010M07,2010M08,2010M09,2010M10,2010M11,2010M12,2011M01,2011M02,2011M03,2011M04,2011M05,2011M06,2011M07,2011M08,2011M09,2011M10,2011M11,2011M12,2012M01,2012M02,2012M03,2012M04,2012M05,2012M06,2012M07,2012M08,2012M09,2012M10,2012M11,2012M12,2013M01,2013M02,2013M03,2013M04,2013M05,2013M06,2013M07,2013M08,2013M09,2013M10,2013M11,2013M12,2014M01,2014M02,2014M03,2014M04,2014M05,2014M06,2014M07,2014M08,2014M09,2014M10,2014M11,2014M12,2015M01,2015M02,2015M03,2015M04,2015M05,2015M06,2015M07,2015M08,2015M09,2015M10,2015M11,2015M12,2016M01,2016M02,2016M03,2016M04,2016M05,2016M06,2016M07,2016M08
Estonia,-30.9,-31.6,-32.3,-11.8,-10.8,-9.8,-17.7,-17.2,-16.6,-5.5,-5.1,-4.8,10.8,11.3,11.7,1.6,1.8,2.1,-5.5,-4.1,-2.8,8.3,10.2,12.2,23.6,26.7,30.0,23.8,27.1,28.1,26.8,24.5,15.3,14.3,4.1,-5.3,2.5,4.3,3.1,1.8,6.3,9.3,11.8,8.1,12.2,9.3,6.9,4.4,4.4,5.3,11.1,12.3,19.6,19.9,13.9,15.0,16.8,14.8,15.0,19.9,21.3,25.6,29.2,31.8,34.9,31.8,30.9,35.2,30.6,32.0,39.3,46.4,44.9,44.3,43.6,44.8,48.8,47.1,39.6,37.8,41.6,44.7,43.1,44.7,40.6,42.0,39.2,37.4,24.1,22.0,17.2,12.3,6.0,4.9,2.3,-5.0,-3.1,-2.3,-11.6,-19.0,-36.3,-35.5,-29.5,-30.5,-35.2,-42.1,-54.0,-58.2,-64.7,-69.5,-75.0,-76.0,-69.5,-70.7,-70.3,-68.0,-63.7,-56.5,-53.7,-54.4,-49.5,-45.9,-39.6,-30.6,-25.2,-11.5,-19.5,-17.6,-18.8,-24.1,-17.1,-16.7,-13.4,-4.5,-3.4,-1.4,9.1,16.0,10.6,10.0,10.5,0.6,5.8,3.7,1.0,-1.1,8.3,9.5,8.6,4.1,3.4,-2.8,-1.5,8.3,3.8,3.9,1.0,-4.5,-2.1,-14.2,-10.5,-17.8,-10.8,-15.4,-15.5,-9.9,-14.7,-19.9,-19.1,-24.5,-21.7,-16.2,-20.0,-29.9,-30.2,-23.6,-24.2,-21.6,-15.6,-17.3,-15.5,-17.2,-21.7,-21.9,-19.8,-25.8,-19.9,-14.3,-19.2,-14.8,-9.2,-5.3,1.7,-0.5,-5.5,2.6,-0.4,-5.7,-0.1,-2.1
Latvia,-36.8,-36.9,-36.9,-35.3,-35.3,-35.1,-32.5,-31.8,-31.0,-32.5,-32.1,-31.5,-31.4,-30.6,-29.8,-33.1,-34.1,-36.2,-28.7,-34.3,-40.0,-29.4,-26.0,-22.3,-18.6,-14.7,-14.7,-21.3,-14.4,-8.7,-16.1,-16.9,-15.1,-6.7,-14.9,-19.5,-19.2,-11.3,-7.2,-11.6,-8.4,-9.6,-9.6,-10.9,-18.8,-10.3,-14.1,-18.2,-15.3,-8.2,-1.4,-2.4,-0.4,-3.1,-7.6,-6.3,-7.0,-3.7,-3.3,-7.8,1.0,-0.7,4.5,3.8,3.8,6.3,4.5,7.6,9.4,7.1,13.2,8.4,9.4,9.1,11.3,10.9,13.2,13.2,12.7,13.0,9.9,10.1,11.5,17.9,19.2,15.0,18.4,17.6,12.3,12.6,9.2,7.6,11.1,6.5,1.9,1.3,-5.4,-6.7,-13.4,-24.0,-27.9,-30.5,-36.3,-42.9,-47.0,-47.2,-52.3,-58.6,-62.4,-67.8,-75.4,-74.4,-78.7,-76.9,-79.4,-76.6,-72.4,-70.2,-69.2,-66.2,-65.9,-61.9,-61.2,-55.9,-51.2,-51.2,-45.5,-43.9,-44.9,-32.1,-42.0,-39.5,-39.3,-35.0,-27.2,-28.2,-24.9,-21.9,-17.1,-19.1,-21.7,-21.4,-12.4,-18.7,-22.2,-19.0,-11.2,-4.8,-7.9,-9.6,-13.4,-11.6,-12.4,-20.8,-20.4,-18.9,-18.4,-17.1,-19.9,-19.6,-16.4,-14.5,-15.1,-19.5,-18.6,-20.1,-19.6,-18.2,-15.6,-16.0,-12.5,-14.0,-17.1,-20.3,-21.8,-18.8,-18.2,-21.3,-20.7,-21.5,-16.8,-20.0,-21.4,-20.4,-23.8,-22.7,-25.2,-27.7,-32.7,-29.9,-32.7,-31.7,-27.2,-30.0,-32.2,-34.0,-36.4,-36.7,-35.9,-32.8
Lithuania,-55.8,-55.9,-55.9,-69.9,-70.1,-70.3,-76.0,-76.2,-76.4,-67.3,-67.7,-68.2,-67.2,-67.3,-67.6,-57.4,-56.9,-56.6,-48.2,-47.7,-47.3,-45.7,-45.4,-45.4,-44.2,-43.8,-43.6,-29.2,-20.3,-23.9,-24.9,-26.5,-38.2,-7.9,-29.6,-28.4,-26.2,-13.7,-10.5,-16.9,-20.4,-13.2,-16.6,-20.5,-22.1,-17.5,-10.7,-23.8,-25.8,-22.4,-11.2,-17.2,-14.8,-16.6,-21.2,-21.4,-12.5,-11.3,-9.6,-11.0,-9.7,-5.3,-2.4,-23.6,-10.7,-4.4,0.5,1.1,2.0,0.9,6.9,7.1,0.0,-7.1,8.6,1.6,4.2,3.8,5.8,4.9,-1.1,1.3,-0.3,8.3,13.4,12.2,11.3,10.3,7.1,2.5,1.2,1.0,5.3,-2.3,1.7,4.1,11.2,7.3,-4.6,-6.7,-19.1,-24.5,-27.8,-35.6,-33.5,-42.9,-49.2,-56.3,-64.1,-69.3,-85.2,-89.0,-92.9,-91.9,-86.2,-85.7,-80.5,-81.1,-76.1,-72.7,-66.1,-63.8,-56.6,-47.2,-40.4,-34.2,-33.0,-28.8,-29.0,-29.4,-33.1,-38.6,-36.5,-31.1,-22.0,-21.1,-19.3,-17.2,-23.8,-22.6,-29.0,-30.3,-33.4,-31.3,-33.5,-36.9,-36.9,-32.5,-34.9,-34.0,-36.4,-31.2,-31.2,-35.7,-31.0,-30.6,-24.4,-24.6,-21.9,-18.3,-21.8,-26.8,-21.5,-21.1,-25.3,-21.1,-23.5,-21.1,-19.3,-16.0,-14.1,-14.8,-13.6,-15.7,-20.0,-18.0,-14.5,-10.6,-15.3,-12.4,-15.3,-12.0,-18.1,-23.0,-22.5,-24.4,-20.9,-27.6,-27.1,-26.3,-27.8,-26.4,-26.7,-26.7,-25.6,-31.2,-30.7,-29.3,-36.0,-28.2
,,,,,,,,,,,,,,,,,,,,,,,,,,,,,,,,,,,,,,,,,,,,,,,,,,,,,,,,,,,,,,,,,,,,,,,,,,,,,,,,,,,,,,,,,,,,,,,,,,,,,,,,,,,,,,,,,,,,,,,,,,,,,,,,,,,,,,,,,,,,,,,,,,,,,,,,,,,,,,,,,,,,,,,,,,,,,,,,,,,,,,,,,,,,,,,,,,,,,,,,
Special value:,,,,,,,,,,,,,,,,,,,,,,,,,,,,,,,,,,,,,,,,,,,,,,,,,,,,,,,,,,,,,,,,,,,,,,,,,,,,,,,,,,,,,,,,,,,,,,,,,,,,,,,,,,,,,,,,,,,,,,,,,,,,,,,,,,,,,,,,,,,,,,,,,,,,,,,,,,,,,,,,,,,,,,,,,,,,,,,,,,,,,,,,,,,,,,,,,,,,,,,,
:,not available,,,,,,,,,,,,,,,,,,,,,,,,,,,,,,,,,,,,,,,,,,,,,,,,,,,,,,,,,,,,,,,,,,,,,,,,,,,,,,,,,,,,,,,,,,,,,,,,,,,,,,,,,,,,,,,,,,,,,,,,,,,,,,,,,,,,,,,,,,,,,,,,,,,,,,,,,,,,,,,,,,,,,,,,,,,,,,,,,,,,,,,,,,,,,,,,,,,,,,,
,,,,,,,,,,,,,,,,,,,,,,,,,,,,,,,,,,,,,,,,,,,,,,,,,,,,,,,,,,,,,,,,,,,,,,,,,,,,,,,,,,,,,,,,,,,,,,,,,,,,,,,,,,,,,,,,,,,,,,,,,,,,,,,,,,,,,,,,,,,,,,,,,,,,,,,,,,,,,,,,,,,,,,,,,,,,,,,,,,,,,,,,,,,,,,,,,,,,,,,,
INDIC,Economic sentiment indicator,,,,,,,,,,,,,,,,,,,,,,,,,,,,,,,,,,,,,,,,,,,,,,,,,,,,,,,,,,,,,,,,,,,,,,,,,,,,,,,,,,,,,,,,,,,,,,,,,,,,,,,,,,,,,,,,,,,,,,,,,,,,,,,,,,,,,,,,,,,,,,,,,,,,,,,,,,,,,,,,,,,,,,,,,,,,,,,,,,,,,,,,,,,,,,,,,,,,,,,
S_ADJ,Unadjusted data (i.e. neither seasonally adjusted nor calendar adjusted data),,,,,,,,,,,,,,,,,,,,,,,,,,,,,,,,,,,,,,,,,,,,,,,,,,,,,,,,,,,,,,,,,,,,,,,,,,,,,,,,,,,,,,,,,,,,,,,,,,,,,,,,,,,,,,,,,,,,,,,,,,,,,,,,,,,,,,,,,,,,,,,,,,,,,,,,,,,,,,,,,,,,,,,,,,,,,,,,,,,,,,,,,,,,,,,,,,,,,,,
,,,,,,,,,,,,,,,,,,,,,,,,,,,,,,,,,,,,,,,,,,,,,,,,,,,,,,,,,,,,,,,,,,,,,,,,,,,,,,,,,,,,,,,,,,,,,,,,,,,,,,,,,,,,,,,,,,,,,,,,,,,,,,,,,,,,,,,,,,,,,,,,,,,,,,,,,,,,,,,,,,,,,,,,,,,,,,,,,,,,,,,,,,,,,,,,,,,,,,,,
GEO/TIME,2000M01,2000M02,2000M03,2000M04,2000M05,2000M06,2000M07,2000M08,2000M09,2000M10,2000M11,2000M12,2001M01,2001M02,2001M03,2001M04,2001M05,2001M06,2001M07,2001M08,2001M09,2001M10,2001M11,2001M12,2002M01,2002M02,2002M03,2002M04,2002M05,2002M06,2002M07,2002M08,2002M09,2002M10,2002M11,2002M12,2003M01,2003M02,2003M03,2003M04,2003M05,2003M06,2003M07,2003M08,2003M09,2003M10,2003M11,2003M12,2004M01,2004M02,2004M03,2004M04,2004M05,2004M06,2004M07,2004M08,2004M09,2004M10,2004M11,2004M12,2005M01,2005M02,2005M03,2005M04,2005M05,2005M06,2005M07,2005M08,2005M09,2005M10,2005M11,2005M12,2006M01,2006M02,2006M03,2006M04,2006M05,2006M06,2006M07,2006M08,2006M09,2006M10,2006M11,2006M12,2007M01,2007M02,2007M03,2007M04,2007M05,2007M06,2007M07,2007M08,2007M09,2007M10,2007M11,2007M12,2008M01,2008M02,2008M03,2008M04,2008M05,2008M06,2008M07,2008M08,2008M09,2008M10,2008M11,2008M12,2009M01,2009M02,2009M03,2009M04,2009M05,2009M06,2009M07,2009M08,2009M09,2009M10,2009M11,2009M12,2010M01,2010M02,2010M03,2010M04,2010M05,2010M06,2010M07,2010M08,2010M09,2010M10,2010M11,2010M12,2011M01,2011M02,2011M03,2011M04,2011M05,2011M06,2011M07,2011M08,2011M09,2011M10,2011M11,2011M12,2012M01,2012M02,2012M03,2012M04,2012M05,2012M06,2012M07,2012M08,2012M09,2012M10,2012M11,2012M12,2013M01,2013M02,2013M03,2013M04,2013M05,2013M06,2013M07,2013M08,2013M09,2013M10,2013M11,2013M12,2014M01,2014M02,2014M03,2014M04,2014M05,2014M06,2014M07,2014M08,2014M09,2014M10,2014M11,2014M12,2015M01,2015M02,2015M03,2015M04,2015M05,2015M06,2015M07,2015M08,2015M09,2015M10,2015M11,2015M12,2016M01,2016M02,2016M03,2016M04,2016M05,2016M06,2016M07,2016M08
Estonia,:,:,:,:,:,:,:,:,:,:,:,:,:,:,:,:,:,:,:,:,:,:,:,:,:,:,:,:,:,:,:,:,:,:,:,:,:,:,:,:,:,:,:,:,:,:,:,:,:,:,:,:,:,:,:,:,:,:,:,:,:,:,:,:,:,:,:,:,:,:,:,:,:,:,:,:,:,:,:,:,:,:,:,:,:,:,:,:,:,:,:,:,:,:,:,:,:,:,:,:,:,:,:,:,:,:,:,:,:,:,:,:,:,:,:,:,:,:,:,:,:,:,:,:,:,:,:,:,:,:,:,:,:,:,:,:,:,:,:,:,:,:,:,:,:,:,:,:,:,:,:,:,:,:,:,:,:,:,:,:,:,:,:,:,:,:,:,:,:,:,:,:,:,:,:,:,:,:,:,:,:,:,:,:,:,:,:,:,:,:,:,:,:,:,:,:,:,:,:,:
Latvia,:,:,:,:,:,:,:,:,:,:,:,:,:,:,:,:,:,:,:,:,:,:,:,:,:,:,:,:,:,:,:,:,:,:,:,:,:,:,:,:,:,:,:,:,:,:,:,:,:,:,:,:,:,:,:,:,:,:,:,:,:,:,:,:,:,:,:,:,:,:,:,:,:,:,:,:,:,:,:,:,:,:,:,:,:,:,:,:,:,:,:,:,:,:,:,:,:,:,:,:,:,:,:,:,:,:,:,:,:,:,:,:,:,:,:,:,:,:,:,:,:,:,:,:,:,:,:,:,:,:,:,:,:,:,:,:,:,:,:,:,:,:,:,:,:,:,:,:,:,:,:,:,:,:,:,:,:,:,:,:,:,:,:,:,:,:,:,:,:,:,:,:,:,:,:,:,:,:,:,:,:,:,:,:,:,:,:,:,:,:,:,:,:,:,:,:,:,:,:,:
Lithuania,:,:,:,:,:,:,:,:,:,:,:,:,:,:,:,:,:,:,:,:,:,:,:,:,:,:,:,:,:,:,:,:,:,:,:,:,:,:,:,:,:,:,:,:,:,:,:,:,:,:,:,:,:,:,:,:,:,:,:,:,:,:,:,:,:,:,:,:,:,:,:,:,:,:,:,:,:,:,:,:,:,:,:,:,:,:,:,:,:,:,:,:,:,:,:,:,:,:,:,:,:,:,:,:,:,:,:,:,:,:,:,:,:,:,:,:,:,:,:,:,:,:,:,:,:,:,:,:,:,:,:,:,:,:,:,:,:,:,:,:,:,:,:,:,:,:,:,:,:,:,:,:,:,:,:,:,:,:,:,:,:,:,:,:,:,:,:,:,:,:,:,:,:,:,:,:,:,:,:,:,:,:,:,:,:,:,:,:,:,:,:,:,:,:,:,:,:,:,:,:
,,,,,,,,,,,,,,,,,,,,,,,,,,,,,,,,,,,,,,,,,,,,,,,,,,,,,,,,,,,,,,,,,,,,,,,,,,,,,,,,,,,,,,,,,,,,,,,,,,,,,,,,,,,,,,,,,,,,,,,,,,,,,,,,,,,,,,,,,,,,,,,,,,,,,,,,,,,,,,,,,,,,,,,,,,,,,,,,,,,,,,,,,,,,,,,,,,,,,,,,
Special value:,,,,,,,,,,,,,,,,,,,,,,,,,,,,,,,,,,,,,,,,,,,,,,,,,,,,,,,,,,,,,,,,,,,,,,,,,,,,,,,,,,,,,,,,,,,,,,,,,,,,,,,,,,,,,,,,,,,,,,,,,,,,,,,,,,,,,,,,,,,,,,,,,,,,,,,,,,,,,,,,,,,,,,,,,,,,,,,,,,,,,,,,,,,,,,,,,,,,,,,,
:,not available,,,,,,,,,,,,,,,,,,,,,,,,,,,,,,,,,,,,,,,,,,,,,,,,,,,,,,,,,,,,,,,,,,,,,,,,,,,,,,,,,,,,,,,,,,,,,,,,,,,,,,,,,,,,,,,,,,,,,,,,,,,,,,,,,,,,,,,,,,,,,,,,,,,,,,,,,,,,,,,,,,,,,,,,,,,,,,,,,,,,,,,,,,,,,,,,,,,,,,,
,,,,,,,,,,,,,,,,,,,,,,,,,,,,,,,,,,,,,,,,,,,,,,,,,,,,,,,,,,,,,,,,,,,,,,,,,,,,,,,,,,,,,,,,,,,,,,,,,,,,,,,,,,,,,,,,,,,,,,,,,,,,,,,,,,,,,,,,,,,,,,,,,,,,,,,,,,,,,,,,,,,,,,,,,,,,,,,,,,,,,,,,,,,,,,,,,,,,,,,,
INDIC,Economic sentiment indicator,,,,,,,,,,,,,,,,,,,,,,,,,,,,,,,,,,,,,,,,,,,,,,,,,,,,,,,,,,,,,,,,,,,,,,,,,,,,,,,,,,,,,,,,,,,,,,,,,,,,,,,,,,,,,,,,,,,,,,,,,,,,,,,,,,,,,,,,,,,,,,,,,,,,,,,,,,,,,,,,,,,,,,,,,,,,,,,,,,,,,,,,,,,,,,,,,,,,,,,
S_ADJ,"Seasonally adjusted data, not calendar adjusted data",,,,,,,,,,,,,,,,,,,,,,,,,,,,,,,,,,,,,,,,,,,,,,,,,,,,,,,,,,,,,,,,,,,,,,,,,,,,,,,,,,,,,,,,,,,,,,,,,,,,,,,,,,,,,,,,,,,,,,,,,,,,,,,,,,,,,,,,,,,,,,,,,,,,,,,,,,,,,,,,,,,,,,,,,,,,,,,,,,,,,,,,,,,,,,,,,,,,,,,
,,,,,,,,,,,,,,,,,,,,,,,,,,,,,,,,,,,,,,,,,,,,,,,,,,,,,,,,,,,,,,,,,,,,,,,,,,,,,,,,,,,,,,,,,,,,,,,,,,,,,,,,,,,,,,,,,,,,,,,,,,,,,,,,,,,,,,,,,,,,,,,,,,,,,,,,,,,,,,,,,,,,,,,,,,,,,,,,,,,,,,,,,,,,,,,,,,,,,,,,
GEO/TIME,2000M01,2000M02,2000M03,2000M04,2000M05,2000M06,2000M07,2000M08,2000M09,2000M10,2000M11,2000M12,2001M01,2001M02,2001M03,2001M04,2001M05,2001M06,2001M07,2001M08,2001M09,2001M10,2001M11,2001M12,2002M01,2002M02,2002M03,2002M04,2002M05,2002M06,2002M07,2002M08,2002M09,2002M10,2002M11,2002M12,2003M01,2003M02,2003M03,2003M04,2003M05,2003M06,2003M07,2003M08,2003M09,2003M10,2003M11,2003M12,2004M01,2004M02,2004M03,2004M04,2004M05,2004M06,2004M07,2004M08,2004M09,2004M10,2004M11,2004M12,2005M01,2005M02,2005M03,2005M04,2005M05,2005M06,2005M07,2005M08,2005M09,2005M10,2005M11,2005M12,2006M01,2006M02,2006M03,2006M04,2006M05,2006M06,2006M07,2006M08,2006M09,2006M10,2006M11,2006M12,2007M01,2007M02,2007M03,2007M04,2007M05,2007M06,2007M07,2007M08,2007M09,2007M10,2007M11,2007M12,2008M01,2008M02,2008M03,2008M04,2008M05,2008M06,2008M07,2008M08,2008M09,2008M10,2008M11,2008M12,2009M01,2009M02,2009M03,2009M04,2009M05,2009M06,2009M07,2009M08,2009M09,2009M10,2009M11,2009M12,2010M01,2010M02,2010M03,2010M04,2010M05,2010M06,2010M07,2010M08,2010M09,2010M10,2010M11,2010M12,2011M01,2011M02,2011M03,2011M04,2011M05,2011M06,2011M07,2011M08,2011M09,2011M10,2011M11,2011M12,2012M01,2012M02,2012M03,2012M04,2012M05,2012M06,2012M07,2012M08,2012M09,2012M10,2012M11,2012M12,2013M01,2013M02,2013M03,2013M04,2013M05,2013M06,2013M07,2013M08,2013M09,2013M10,2013M11,2013M12,2014M01,2014M02,2014M03,2014M04,2014M05,2014M06,2014M07,2014M08,2014M09,2014M10,2014M11,2014M12,2015M01,2015M02,2015M03,2015M04,2015M05,2015M06,2015M07,2015M08,2015M09,2015M10,2015M11,2015M12,2016M01,2016M02,2016M03,2016M04,2016M05,2016M06,2016M07,2016M08
Estonia,91.5,91.3,91.1,94.1,94.1,94.1,97.9,98.7,99.5,99.6,99.8,99.9,105.0,105.1,105.3,98.9,102.1,103.3,103.2,105.8,103.5,100.7,100.3,99.0,105.5,108.6,112.1,109.6,108.8,108.9,109.0,111.2,112.9,111.8,111.4,108.8,112.1,112.4,112.6,109.4,107.8,108.0,108.9,107.5,108.1,109.6,108.0,103.7,106.5,107.9,109.1,109.1,110.5,108.5,107.0,107.2,107.9,105.1,102.5,103.2,105.6,108.5,111.6,110.6,111.4,111.0,112.8,110.8,109.5,113.4,114.9,117.8,116.8,113.5,113.5,113.8,114.3,116.1,117.3,118.2,118.5,116.8,117.3,118.1,116.2,116.1,116.0,114.7,111.0,112.4,109.0,104.9,104.3,101.7,100.3,100.4,99.0,98.9,98.2,94.6,94.2,93.8,91.8,91.6,87.5,83.1,78.3,73.8,73.6,69.1,67.6,70.0,75.2,74.9,76.4,80.3,84.6,87.3,90.3,91.9,93.4,95.3,95.9,99.6,102.8,102.9,103.9,106.5,104.7,108.2,108.2,109.4,110.7,110.9,111.5,110.3,109.6,108.8,108.0,106.4,104.1,101.0,101.4,101.4,101.5,102.1,104.1,103.1,102.0,103.0,101.8,102.4,100.5,100.0,99.3,102.0,102.2,103.3,102.5,101.3,102.1,100.6,101.3,102.2,102.5,103.6,104.1,102.9,105.2,104.0,102.8,103.2,99.4,98.7,97.9,100.0,99.8,101.8,103.0,102.2,100.8,97.7,96.6,96.6,96.1,94.6,96.0,96.6,97.7,99.7,99.7,100.2,101.3,99.0,99.2,99.5,99.7,100.3,102.1,101.3
Latvia,97.2,97.3,97.5,105.3,105.5,105.7,105.2,105.4,105.5,110.0,110.2,110.4,109.5,109.7,109.7,108.5,102.6,104.7,107.8,107.9,106.5,107.3,106.7,104.4,109.8,109.0,109.3,105.6,105.8,105.9,106.0,106.4,107.1,108.0,107.4,107.3,106.6,109.1,110.8,110.1,109.4,108.3,109.6,108.7,108.4,109.5,108.6,108.1,108.0,108.0,108.5,108.6,110.0,109.1,109.0,109.6,109.7,107.7,108.3,109.1,107.7,109.1,109.3,109.0,109.9,109.7,110.2,110.9,110.4,110.8,111.6,111.8,111.4,110.8,112.3,111.4,111.8,111.8,113.2,113.2,115.3,114.7,114.2,114.7,115.3,115.3,114.6,113.4,113.0,113.1,112.1,111.9,110.9,109.6,108.8,107.5,105.4,105.2,102.7,99.7,96.7,95.2,94.3,94.3,91.6,88.4,85.2,79.3,73.8,70.4,70.0,75.1,76.5,75.0,73.9,73.7,75.9,77.7,78.6,81.2,83.3,86.6,90.8,93.7,95.5,97.1,97.9,98.7,98.8,100.5,100.9,101.2,101.3,102.4,102.4,100.7,102.2,102.7,102.9,102.3,103.2,101.8,102.4,102.1,105.1,105.3,103.4,102.4,101.7,104.2,102.5,103.7,103.9,103.6,103.7,104.6,106.3,105.9,105.0,103.4,104.1,103.6,103.5,102.3,102.8,102.8,104.0,104.4,105.6,105.9,103.9,104.7,103.4,103.4,104.5,102.6,101.7,102.7,104.0,102.9,102.6,101.8,103.5,104.1,103.4,101.7,102.4,103.6,101.4,102.6,101.6,102.2,103.1,102.7,103.6,104.2,104.3,104.7,104.4,103.1
Lithuania,96.1,97.7,96.3,94.7,98.0,95.2,91.8,95.8,99.7,98.2,99.3,98.1,100.0,100.2,102.5,106.3,100.6,96.9,98.7,100.3,98.5,99.5,99.4,100.6,100.9,101.1,100.9,101.8,104.3,101.2,102.1,103.7,104.5,105.1,106.5,106.3,106.4,108.9,107.9,106.3,105.9,104.3,102.7,103.7,103.2,107.1,107.9,106.7,105.0,104.4,106.8,108.6,108.8,108.8,110.8,109.0,110.9,111.1,108.2,107.2,106.6,106.4,108.1,108.3,107.6,110.4,114.2,110.2,113.3,115.2,115.3,114.7,115.7,114.8,113.9,112.8,114.3,116.5,118.7,116.2,115.3,115.6,114.3,114.3,114.2,117.4,116.1,117.5,117.1,118.2,117.5,117.9,115.9,110.9,115.4,112.1,112.9,110.6,107.1,104.0,106.1,103.0,99.1,100.1,96.7,93.4,86.8,78.6,75.6,73.4,69.9,68.3,72.1,74.8,74.1,76.2,76.1,78.0,79.7,82.7,89.3,87.8,90.4,93.2,94.4,94.4,95.1,98.3,99.1,101.7,103.9,107.4,105.5,104.8,106.7,107.8,108.5,110.2,110.5,106.6,101.3,99.3,99.9,101.3,100.1,100.2,99.5,100.0,99.6,99.9,99.5,97.4,98.8,99.0,99.0,101.1,101.9,102.7,103.6,104.0,102.5,104.4,102.6,106.5,104.9,102.4,101.7,103.2,105.0,105.3,105.5,104.8,103.0,101.7,99.4,100.0,99.0,104.2,104.9,101.5,100.8,102.3,104.6,104.6,102.1,101.8,103.5,102.9,104.6,105.6,106.2,105.7,106.1,105.0,105.4,104.1,104.1,103.7,103.8,106.0
,,,,,,,,,,,,,,,,,,,,,,,,,,,,,,,,,,,,,,,,,,,,,,,,,,,,,,,,,,,,,,,,,,,,,,,,,,,,,,,,,,,,,,,,,,,,,,,,,,,,,,,,,,,,,,,,,,,,,,,,,,,,,,,,,,,,,,,,,,,,,,,,,,,,,,,,,,,,,,,,,,,,,,,,,,,,,,,,,,,,,,,,,,,,,,,,,,,,,,,,
Special value:,,,,,,,,,,,,,,,,,,,,,,,,,,,,,,,,,,,,,,,,,,,,,,,,,,,,,,,,,,,,,,,,,,,,,,,,,,,,,,,,,,,,,,,,,,,,,,,,,,,,,,,,,,,,,,,,,,,,,,,,,,,,,,,,,,,,,,,,,,,,,,,,,,,,,,,,,,,,,,,,,,,,,,,,,,,,,,,,,,,,,,,,,,,,,,,,,,,,,,,,
:,not available,,,,,,,,,,,,,,,,,,,,,,,,,,,,,,,,,,,,,,,,,,,,,,,,,,,,,,,,,,,,,,,,,,,,,,,,,,,,,,,,,,,,,,,,,,,,,,,,,,,,,,,,,,,,,,,,,,,,,,,,,,,,,,,,,,,,,,,,,,,,,,,,,,,,,,,,,,,,,,,,,,,,,,,,,,,,,,,,,,,,,,,,,,,,,,,,,,,,,,,
,,,,,,,,,,,,,,,,,,,,,,,,,,,,,,,,,,,,,,,,,,,,,,,,,,,,,,,,,,,,,,,,,,,,,,,,,,,,,,,,,,,,,,,,,,,,,,,,,,,,,,,,,,,,,,,,,,,,,,,,,,,,,,,,,,,,,,,,,,,,,,,,,,,,,,,,,,,,,,,,,,,,,,,,,,,,,,,,,,,,,,,,,,,,,,,,,,,,,,,,
INDIC,Industrial confidence indicator,,,,,,,,,,,,,,,,,,,,,,,,,,,,,,,,,,,,,,,,,,,,,,,,,,,,,,,,,,,,,,,,,,,,,,,,,,,,,,,,,,,,,,,,,,,,,,,,,,,,,,,,,,,,,,,,,,,,,,,,,,,,,,,,,,,,,,,,,,,,,,,,,,,,,,,,,,,,,,,,,,,,,,,,,,,,,,,,,,,,,,,,,,,,,,,,,,,,,,,
S_ADJ,Unadjusted data (i.e. neither seasonally adjusted nor calendar adjusted data),,,,,,,,,,,,,,,,,,,,,,,,,,,,,,,,,,,,,,,,,,,,,,,,,,,,,,,,,,,,,,,,,,,,,,,,,,,,,,,,,,,,,,,,,,,,,,,,,,,,,,,,,,,,,,,,,,,,,,,,,,,,,,,,,,,,,,,,,,,,,,,,,,,,,,,,,,,,,,,,,,,,,,,,,,,,,,,,,,,,,,,,,,,,,,,,,,,,,,,
,,,,,,,,,,,,,,,,,,,,,,,,,,,,,,,,,,,,,,,,,,,,,,,,,,,,,,,,,,,,,,,,,,,,,,,,,,,,,,,,,,,,,,,,,,,,,,,,,,,,,,,,,,,,,,,,,,,,,,,,,,,,,,,,,,,,,,,,,,,,,,,,,,,,,,,,,,,,,,,,,,,,,,,,,,,,,,,,,,,,,,,,,,,,,,,,,,,,,,,,
GEO/TIME,2000M01,2000M02,2000M03,2000M04,2000M05,2000M06,2000M07,2000M08,2000M09,2000M10,2000M11,2000M12,2001M01,2001M02,2001M03,2001M04,2001M05,2001M06,2001M07,2001M08,2001M09,2001M10,2001M11,2001M12,2002M01,2002M02,2002M03,2002M04,2002M05,2002M06,2002M07,2002M08,2002M09,2002M10,2002M11,2002M12,2003M01,2003M02,2003M03,2003M04,2003M05,2003M06,2003M07,2003M08,2003M09,2003M10,2003M11,2003M12,2004M01,2004M02,2004M03,2004M04,2004M05,2004M06,2004M07,2004M08,2004M09,2004M10,2004M11,2004M12,2005M01,2005M02,2005M03,2005M04,2005M05,2005M06,2005M07,2005M08,2005M09,2005M10,2005M11,2005M12,2006M01,2006M02,2006M03,2006M04,2006M05,2006M06,2006M07,2006M08,2006M09,2006M10,2006M11,2006M12,2007M01,2007M02,2007M03,2007M04,2007M05,2007M06,2007M07,2007M08,2007M09,2007M10,2007M11,2007M12,2008M01,2008M02,2008M03,2008M04,2008M05,2008M06,2008M07,2008M08,2008M09,2008M10,2008M11,2008M12,2009M01,2009M02,2009M03,2009M04,2009M05,2009M06,2009M07,2009M08,2009M09,2009M10,2009M11,2009M12,2010M01,2010M02,2010M03,2010M04,2010M05,2010M06,2010M07,2010M08,2010M09,2010M10,2010M11,2010M12,2011M01,2011M02,2011M03,2011M04,2011M05,2011M06,2011M07,2011M08,2011M09,2011M10,2011M11,2011M12,2012M01,2012M02,2012M03,2012M04,2012M05,2012M06,2012M07,2012M08,2012M09,2012M10,2012M11,2012M12,2013M01,2013M02,2013M03,2013M04,2013M05,2013M06,2013M07,2013M08,2013M09,2013M10,2013M11,2013M12,2014M01,2014M02,2014M03,2014M04,2014M05,2014M06,2014M07,2014M08,2014M09,2014M10,2014M11,2014M12,2015M01,2015M02,2015M03,2015M04,2015M05,2015M06,2015M07,2015M08,2015M09,2015M10,2015M11,2015M12,2016M01,2016M02,2016M03,2016M04,2016M05,2016M06,2016M07,2016M08
Estonia,-9.7,-9.7,-9.7,6.3,6.3,6.3,7.5,8.7,9.8,11.0,11.0,11.0,11.0,11.0,11.0,13.0,11.3,13.3,10.0,10.7,8.6,1.2,2.4,-0.8,-1.5,5.0,12.5,19.7,19.0,18.4,18.2,18.8,21.4,18.3,11.9,5.1,9.7,12.6,12.4,13.4,8.0,9.1,14.4,14.6,15.4,13.5,7.3,-0.8,5.3,10.9,14.3,18.6,21.6,19.8,12.1,12.8,15.7,5.6,-0.5,-3.0,6.9,14.0,20.5,18.2,18.2,13.9,13.5,17.2,16.3,18.7,10.7,10.6,7.4,11.7,22.0,23.5,19.7,23.1,23.8,26.1,24.1,21.7,19.5,18.8,15.3,24.3,26.9,26.1,22.4,22.6,15.1,10.5,9.4,4.8,-1.4,-8.2,-2.2,2.8,5.5,2.0,-1.2,-7.0,-6.5,-8.7,-16.4,-24.3,-32.6,-40.1,-33.6,-35.7,-32.9,-27.9,-25.4,-27.3,-21.8,-17.9,-20.2,-22.4,-25.0,-22.1,-17.2,-11.3,-3.8,3.3,5.3,-0.7,3.5,6.8,1.4,8.2,-1.5,0.7,2.4,6.9,12.3,12.9,11.6,10.8,7.2,6.8,4.0,-4.0,-6.1,-9.2,-6.9,-0.3,8.2,5.3,3.7,8.3,3.2,8.4,-0.9,-5.6,-13.4,-15.5,-7.6,1.7,6.4,1.5,6.2,1.6,-1.2,4.7,1.8,-1.2,-8.9,-13.9,-1.1,1.5,2.6,3.2,3.0,-0.7,-0.5,4.8,-3.6,-3.8,-8.8,-13.2,-6.5,-1.5,1.1,0.9,2.8,-1.7,-0.1,1.4,-4.6,-3.5,-9.9,-11.4,-2.9,1.3,6.2,3.5,3.0,2.4,2.7,8.5
Latvia,-14.7,-14.7,-14.7,-5.4,-5.4,-5.4,-9.4,-9.4,-9.4,-4.0,-4.0,-4.0,-2.7,-2.7,-2.7,0.3,-3.7,0.3,3.0,3.6,1.0,-3.4,-4.7,-9.4,4.6,4.0,6.3,1.3,0.6,1.6,1.0,0.3,0.0,1.0,-0.7,-1.0,2.0,4.0,9.0,7.6,6.0,3.3,5.6,5.0,4.3,3.6,2.3,0.7,3.4,5.2,7.8,8.2,7.8,5.7,4.8,4.8,3.5,2.3,-0.6,-1.0,0.9,5.0,6.9,7.3,8.3,5.9,6.8,8.4,8.0,5.6,5.8,4.1,3.2,5.1,9.6,7.9,7.5,4.8,8.0,8.7,9.4,8.3,4.6,3.7,7.7,12.4,12.5,8.5,7.6,5.3,4.5,6.0,2.9,-1.2,-3.2,-4.4,-3.2,-1.0,-2.8,-6.5,-12.4,-13.0,-13.6,-11.2,-16.5,-24.3,-28.7,-31.7,-33.2,-34.9,-31.6,-24.0,-23.9,-24.5,-23.4,-24.0,-23.4,-23.3,-24.7,-22.8,-19.7,-13.1,-7.7,-4.9,-3.7,-5.4,-4.8,-4.0,-6.8,-8.4,-11.2,-11.5,-11.4,-4.7,-1.7,-0.2,-2.5,-5.2,-2.3,-5.0,-4.3,-7.0,-9.5,-10.9,-6.7,-3.2,0.2,-1.7,-1.9,-2.3,-5.1,-2.8,-2.3,-5.2,-8.1,-8.2,-5.2,-0.4,-0.5,-1.7,-0.1,-2.1,-1.5,-2.1,-2.9,-6.1,-6.7,-7.7,-4.7,0.4,-2.0,0.1,-3.0,-3.1,-2.2,-4.0,-4.5,-7.7,-8.7,-13.0,-8.7,-6.4,-4.6,-2.0,-3.6,-6.6,-4.9,-2.8,-6.0,-7.3,-11.2,-11.6,-8.0,-5.5,-2.7,-0.8,-2.3,-2.0,-3.1,-4.5
Lithuania,-20.5,-12.5,-10.9,-14.5,-14.2,-13.9,-18.2,-13.9,-9.9,-19.2,-17.2,-20.2,-16.2,-8.5,-0.2,2.1,-1.9,-7.2,-9.9,-4.5,-8.9,-13.4,-13.5,-13.5,-12.0,-4.2,-0.4,-3.4,-7.3,-11.4,-14.3,-7.1,-7.9,-10.0,-11.2,-13.8,-12.3,-4.4,-6.2,-8.5,-7.7,-16.5,-16.6,-12.1,-7.6,-10.3,-5.0,-4.9,-10.4,-3.1,1.1,0.8,-0.1,-6.4,-2.3,-4.6,-2.7,-3.8,-5.3,-18.0,-13.8,-3.9,3.9,1.0,-4.7,-3.7,2.9,-2.2,6.6,4.0,-1.1,-1.3,-1.2,6.8,12.7,10.0,9.4,5.5,4.9,4.3,7.4,7.3,-0.2,-7.6,-5.3,4.6,9.9,13.9,8.6,9.1,9.4,9.6,7.7,3.2,7.9,-3.9,-2.2,-1.8,-0.4,-5.9,-1.5,-3.5,-7.2,-6.9,-9.2,-15.2,-29.5,-37.6,-36.4,-32.4,-32.1,-37.8,-32.2,-30.6,-30.1,-26.1,-31.5,-27.4,-30.6,-32.3,-19.3,-16.3,-10.5,-10.6,-11.6,-17.3,-16.8,-12.3,-12.5,-10.0,-10.7,-13.3,-11.4,-8.2,-1.4,2.4,1.5,4.2,5.5,-4.3,-13.1,-19.6,-19.4,-16.4,-16.5,-10.3,-10.7,-10.3,-6.2,-7.3,-6.8,-14.0,-12.6,-15.5,-21.0,-17.1,-10.9,-4.4,-1.4,-1.4,-1.0,2.9,-2.7,2.3,-2.0,-12.1,-16.4,-15.6,-8.0,-4.1,1.2,-1.0,-2.5,-4.3,-6.8,-6.4,-10.6,-9.1,-14.3,-16.2,-14.3,-9.9,0.6,2.3,-6.6,-8.4,-11.3,-12.1,-7.4,-7.2,-9.0,-15.9,-11.3,-7.3,-3.9,-7.0,-7.3,-9.3,-8.8,-3.8
,,,,,,,,,,,,,,,,,,,,,,,,,,,,,,,,,,,,,,,,,,,,,,,,,,,,,,,,,,,,,,,,,,,,,,,,,,,,,,,,,,,,,,,,,,,,,,,,,,,,,,,,,,,,,,,,,,,,,,,,,,,,,,,,,,,,,,,,,,,,,,,,,,,,,,,,,,,,,,,,,,,,,,,,,,,,,,,,,,,,,,,,,,,,,,,,,,,,,,,,
Special value:,,,,,,,,,,,,,,,,,,,,,,,,,,,,,,,,,,,,,,,,,,,,,,,,,,,,,,,,,,,,,,,,,,,,,,,,,,,,,,,,,,,,,,,,,,,,,,,,,,,,,,,,,,,,,,,,,,,,,,,,,,,,,,,,,,,,,,,,,,,,,,,,,,,,,,,,,,,,,,,,,,,,,,,,,,,,,,,,,,,,,,,,,,,,,,,,,,,,,,,,
:,not available,,,,,,,,,,,,,,,,,,,,,,,,,,,,,,,,,,,,,,,,,,,,,,,,,,,,,,,,,,,,,,,,,,,,,,,,,,,,,,,,,,,,,,,,,,,,,,,,,,,,,,,,,,,,,,,,,,,,,,,,,,,,,,,,,,,,,,,,,,,,,,,,,,,,,,,,,,,,,,,,,,,,,,,,,,,,,,,,,,,,,,,,,,,,,,,,,,,,,,,
,,,,,,,,,,,,,,,,,,,,,,,,,,,,,,,,,,,,,,,,,,,,,,,,,,,,,,,,,,,,,,,,,,,,,,,,,,,,,,,,,,,,,,,,,,,,,,,,,,,,,,,,,,,,,,,,,,,,,,,,,,,,,,,,,,,,,,,,,,,,,,,,,,,,,,,,,,,,,,,,,,,,,,,,,,,,,,,,,,,,,,,,,,,,,,,,,,,,,,,,
INDIC,Industrial confidence indicator,,,,,,,,,,,,,,,,,,,,,,,,,,,,,,,,,,,,,,,,,,,,,,,,,,,,,,,,,,,,,,,,,,,,,,,,,,,,,,,,,,,,,,,,,,,,,,,,,,,,,,,,,,,,,,,,,,,,,,,,,,,,,,,,,,,,,,,,,,,,,,,,,,,,,,,,,,,,,,,,,,,,,,,,,,,,,,,,,,,,,,,,,,,,,,,,,,,,,,,
S_ADJ,"Seasonally adjusted data, not calendar adjusted data",,,,,,,,,,,,,,,,,,,,,,,,,,,,,,,,,,,,,,,,,,,,,,,,,,,,,,,,,,,,,,,,,,,,,,,,,,,,,,,,,,,,,,,,,,,,,,,,,,,,,,,,,,,,,,,,,,,,,,,,,,,,,,,,,,,,,,,,,,,,,,,,,,,,,,,,,,,,,,,,,,,,,,,,,,,,,,,,,,,,,,,,,,,,,,,,,,,,,,,
,,,,,,,,,,,,,,,,,,,,,,,,,,,,,,,,,,,,,,,,,,,,,,,,,,,,,,,,,,,,,,,,,,,,,,,,,,,,,,,,,,,,,,,,,,,,,,,,,,,,,,,,,,,,,,,,,,,,,,,,,,,,,,,,,,,,,,,,,,,,,,,,,,,,,,,,,,,,,,,,,,,,,,,,,,,,,,,,,,,,,,,,,,,,,,,,,,,,,,,,
GEO/TIME,2000M01,2000M02,2000M03,2000M04,2000M05,2000M06,2000M07,2000M08,2000M09,2000M10,2000M11,2000M12,2001M01,2001M02,2001M03,2001M04,2001M05,2001M06,2001M07,2001M08,2001M09,2001M10,2001M11,2001M12,2002M01,2002M02,2002M03,2002M04,2002M05,2002M06,2002M07,2002M08,2002M09,2002M10,2002M11,2002M12,2003M01,2003M02,2003M03,2003M04,2003M05,2003M06,2003M07,2003M08,2003M09,2003M10,2003M11,2003M12,2004M01,2004M02,2004M03,2004M04,2004M05,2004M06,2004M07,2004M08,2004M09,2004M10,2004M11,2004M12,2005M01,2005M02,2005M03,2005M04,2005M05,2005M06,2005M07,2005M08,2005M09,2005M10,2005M11,2005M12,2006M01,2006M02,2006M03,2006M04,2006M05,2006M06,2006M07,2006M08,2006M09,2006M10,2006M11,2006M12,2007M01,2007M02,2007M03,2007M04,2007M05,2007M06,2007M07,2007M08,2007M09,2007M10,2007M11,2007M12,2008M01,2008M02,2008M03,2008M04,2008M05,2008M06,2008M07,2008M08,2008M09,2008M10,2008M11,2008M12,2009M01,2009M02,2009M03,2009M04,2009M05,2009M06,2009M07,2009M08,2009M09,2009M10,2009M11,2009M12,2010M01,2010M02,2010M03,2010M04,2010M05,2010M06,2010M07,2010M08,2010M09,2010M10,2010M11,2010M12,2011M01,2011M02,2011M03,2011M04,2011M05,2011M06,2011M07,2011M08,2011M09,2011M10,2011M11,2011M12,2012M01,2012M02,2012M03,2012M04,2012M05,2012M06,2012M07,2012M08,2012M09,2012M10,2012M11,2012M12,2013M01,2013M02,2013M03,2013M04,2013M05,2013M06,2013M07,2013M08,2013M09,2013M10,2013M11,2013M12,2014M01,2014M02,2014M03,2014M04,2014M05,2014M06,2014M07,2014M08,2014M09,2014M10,2014M11,2014M12,2015M01,2015M02,2015M03,2015M04,2015M05,2015M06,2015M07,2015M08,2015M09,2015M10,2015M11,2015M12,2016M01,2016M02,2016M03,2016M04,2016M05,2016M06,2016M07,2016M08
Estonia,-3.4,-3.5,-3.8,0.4,0.4,0.2,4.9,6.6,8.1,10.7,11.1,11.3,18.4,18.8,19.2,10.6,9.1,10.4,8.7,9.0,7.1,2.1,2.7,-0.4,5.6,11.0,17.7,14.9,15.1,14.5,14.6,15.0,17.6,17.5,12.3,7.4,16.6,18.1,16.9,10.6,6.6,7.1,11.4,11.1,11.6,12.4,8.6,4.1,9.8,12.3,13.4,13.5,18.2,16.6,10.0,10.1,12.2,6.7,4.5,6.3,12.2,14.6,17.4,13.4,14.5,11.3,11.9,14.5,13.0,19.0,16.7,20.7,13.6,12.7,18.3,18.3,16.1,20.2,22.0,23.0,20.8,22.0,25.4,28.5,22.8,25.9,23.8,22.2,20.0,20.6,15.4,9.5,8.0,6.1,5.2,1.1,4.0,2.4,-0.4,-3.9,-5.5,-10.7,-8.7,-11.4,-17.9,-23.0,-26.3,-31.1,-28.3,-36.0,-39.1,-35.5,-32.2,-33.3,-27.5,-24.1,-23.9,-22.5,-19.8,-14.2,-12.3,-10.8,-8.0,-2.4,0.9,-2.3,1.4,4.3,2.7,11.7,8.3,12.6,10.9,11.3,11.7,10.0,9.0,10.6,6.1,4.7,5.3,-0.6,2.4,0.8,-1.2,1.0,3.9,-0.8,-2.4,3.8,-1.3,2.0,-2.2,-4.1,-6.0,-6.9,-3.4,1.1,0.2,-4.7,-0.5,-2.9,-4.5,-1.6,0.9,1.0,-0.2,-3.5,3.8,1.4,-2.3,-1.2,-2.0,-3.9,-2.0,-0.5,-3.2,-0.6,0.5,-1.2,-1.3,-2.1,-4.1,-3.1,-2.4,-4.9,-2.0,-4.5,-4.6,-1.6,-1.6,-0.2,0.8,-0.2,0.6,-0.4,-1.9,-0.4,0.9,2.4
Latvia,-13.7,-13.4,-13.1,-9.8,-9.5,-9.1,-9.4,-9.1,-8.9,-1.6,-1.2,-1.0,-1.1,-0.7,-0.6,-2.7,-6.0,-2.7,2.3,3.1,1.0,-0.6,-1.3,-4.9,4.5,4.5,6.8,-1.3,-0.9,-0.9,0.2,-0.3,0.1,2.0,1.3,2.4,0.9,3.0,7.1,4.4,4.4,1.5,4.7,4.6,5.2,4.9,4.8,4.9,2.9,4.3,5.2,5.4,6.8,4.9,4.3,4.8,4.7,3.8,2.5,3.7,1.1,3.7,3.3,4.3,6.4,5.0,5.7,7.5,8.4,7.1,9.0,8.9,5.2,4.9,6.3,5.5,5.8,5.0,7.0,7.4,8.9,9.3,7.6,8.1,9.7,11.8,9.4,6.8,6.2,6.0,4.4,5.1,2.8,0.4,0.1,-0.2,-0.9,-2.0,-5.6,-7.8,-13.1,-12.3,-14.1,-13.6,-17.6,-22.8,-25.7,-28.0,-31.5,-36.3,-35.6,-28.2,-27.2,-26.5,-26.3,-28.3,-26.4,-23.4,-22.5,-19.7,-18.1,-14.2,-10.7,-8.1,-5.4,-5.3,-5.1,-5.1,-5.7,-4.4,-4.7,-4.6,-5.9,-3.0,-2.8,-3.0,-3.8,-5.2,-3.4,-6.8,-4.8,-4.9,-4.9,-5.7,-2.8,-3.1,-2.6,-6.0,-5.1,-4.2,-7.3,-5.3,-3.7,-3.9,-3.9,-3.4,-2.1,-1.4,-3.9,-5.9,-3.9,-4.1,-3.6,-4.1,-4.0,-4.4,-2.4,-2.6,-1.5,-0.9,-4.7,-3.2,-5.5,-4.2,-3.5,-4.7,-4.7,-5.2,-4.2,-7.1,-6.0,-8.1,-7.5,-5.4,-6.2,-7.7,-6.5,-4.4,-6.8,-5.4,-7.1,-6.2,-5.9,-7.2,-5.4,-4.5,-4.8,-3.2,-4.5,-5.7
Lithuania,-16.6,-15.7,-17.2,-17.3,-12.8,-16.2,-19.5,-14.9,-10.1,-12.9,-11.3,-12.5,-11.2,-11.2,-7.4,-2.3,-2.9,-10.0,-10.3,-6.1,-9.5,-6.9,-7.5,-6.3,-7.2,-6.9,-7.6,-8.1,-8.8,-13.5,-13.2,-9.5,-9.5,-5.2,-6.8,-8.0,-8.8,-8.4,-13.4,-13.5,-10.7,-16.8,-14.1,-14.3,-10.0,-7.3,-2.7,-1.0,-6.7,-6.5,-5.1,-3.9,-2.5,-4.1,1.4,-4.7,-3.1,-0.4,-2.5,-11.8,-8.6,-6.8,-2.8,-3.8,-7.2,-1.7,4.3,-2.3,4.1,4.6,0.4,4.0,4.2,4.2,6.1,5.7,7.5,8.4,6.5,5.9,5.8,8.1,2.6,-0.5,1.4,2.5,3.0,8.1,5.7,9.4,8.3,9.8,5.1,2.9,9.5,4.7,5.3,-1.5,-5.2,-9.5,-3.8,-3.6,-8.3,-7.0,-11.6,-15.1,-25.9,-27.6,-28.8,-32.1,-36.8,-41.4,-37.1,-35.1,-35.3,-31.8,-37.2,-31.6,-30.2,-25.2,-15.7,-17.1,-14.7,-12.5,-13.9,-18.1,-17.4,-14.5,-13.6,-10.2,-6.6,-3.2,-5.2,-6.0,-3.1,2.1,0.1,3.6,5.3,-4.8,-10.9,-16.7,-14.0,-7.6,-11.8,-9.9,-13.8,-12.9,-10.7,-11.1,-10.9,-16.6,-12.2,-13.8,-16.4,-11.4,-9.6,-7.1,-6.9,-6.6,-7.0,-2.5,-6.6,0.3,0.3,-6.3,-7.8,-7.6,-4.5,-4.9,-2.9,-4.9,-6.9,-9.0,-10.2,-8.0,-8.4,-3.4,-5.2,-7.9,-10.3,-10.8,-5.1,-3.6,-11.1,-13.0,-14.2,-13.8,-7.3,-3.7,-1.5,-7.6,-7.2,-7.9,-9.5,-12.2,-10.8,-12.6,-10.5,-6.1
,,,,,,,,,,,,,,,,,,,,,,,,,,,,,,,,,,,,,,,,,,,,,,,,,,,,,,,,,,,,,,,,,,,,,,,,,,,,,,,,,,,,,,,,,,,,,,,,,,,,,,,,,,,,,,,,,,,,,,,,,,,,,,,,,,,,,,,,,,,,,,,,,,,,,,,,,,,,,,,,,,,,,,,,,,,,,,,,,,,,,,,,,,,,,,,,,,,,,,,,
Special value:,,,,,,,,,,,,,,,,,,,,,,,,,,,,,,,,,,,,,,,,,,,,,,,,,,,,,,,,,,,,,,,,,,,,,,,,,,,,,,,,,,,,,,,,,,,,,,,,,,,,,,,,,,,,,,,,,,,,,,,,,,,,,,,,,,,,,,,,,,,,,,,,,,,,,,,,,,,,,,,,,,,,,,,,,,,,,,,,,,,,,,,,,,,,,,,,,,,,,,,,
:,not available,,,,,,,,,,,,,,,,,,,,,,,,,,,,,,,,,,,,,,,,,,,,,,,,,,,,,,,,,,,,,,,,,,,,,,,,,,,,,,,,,,,,,,,,,,,,,,,,,,,,,,,,,,,,,,,,,,,,,,,,,,,,,,,,,,,,,,,,,,,,,,,,,,,,,,,,,,,,,,,,,,,,,,,,,,,,,,,,,,,,,,,,,,,,,,,,,,,,,,,
,,,,,,,,,,,,,,,,,,,,,,,,,,,,,,,,,,,,,,,,,,,,,,,,,,,,,,,,,,,,,,,,,,,,,,,,,,,,,,,,,,,,,,,,,,,,,,,,,,,,,,,,,,,,,,,,,,,,,,,,,,,,,,,,,,,,,,,,,,,,,,,,,,,,,,,,,,,,,,,,,,,,,,,,,,,,,,,,,,,,,,,,,,,,,,,,,,,,,,,,
INDIC,Retail confidence indicator,,,,,,,,,,,,,,,,,,,,,,,,,,,,,,,,,,,,,,,,,,,,,,,,,,,,,,,,,,,,,,,,,,,,,,,,,,,,,,,,,,,,,,,,,,,,,,,,,,,,,,,,,,,,,,,,,,,,,,,,,,,,,,,,,,,,,,,,,,,,,,,,,,,,,,,,,,,,,,,,,,,,,,,,,,,,,,,,,,,,,,,,,,,,,,,,,,,,,,,
S_ADJ,Unadjusted data (i.e. neither seasonally adjusted nor calendar adjusted data),,,,,,,,,,,,,,,,,,,,,,,,,,,,,,,,,,,,,,,,,,,,,,,,,,,,,,,,,,,,,,,,,,,,,,,,,,,,,,,,,,,,,,,,,,,,,,,,,,,,,,,,,,,,,,,,,,,,,,,,,,,,,,,,,,,,,,,,,,,,,,,,,,,,,,,,,,,,,,,,,,,,,,,,,,,,,,,,,,,,,,,,,,,,,,,,,,,,,,,
,,,,,,,,,,,,,,,,,,,,,,,,,,,,,,,,,,,,,,,,,,,,,,,,,,,,,,,,,,,,,,,,,,,,,,,,,,,,,,,,,,,,,,,,,,,,,,,,,,,,,,,,,,,,,,,,,,,,,,,,,,,,,,,,,,,,,,,,,,,,,,,,,,,,,,,,,,,,,,,,,,,,,,,,,,,,,,,,,,,,,,,,,,,,,,,,,,,,,,,,
GEO/TIME,2000M01,2000M02,2000M03,2000M04,2000M05,2000M06,2000M07,2000M08,2000M09,2000M10,2000M11,2000M12,2001M01,2001M02,2001M03,2001M04,2001M05,2001M06,2001M07,2001M08,2001M09,2001M10,2001M11,2001M12,2002M01,2002M02,2002M03,2002M04,2002M05,2002M06,2002M07,2002M08,2002M09,2002M10,2002M11,2002M12,2003M01,2003M02,2003M03,2003M04,2003M05,2003M06,2003M07,2003M08,2003M09,2003M10,2003M11,2003M12,2004M01,2004M02,2004M03,2004M04,2004M05,2004M06,2004M07,2004M08,2004M09,2004M10,2004M11,2004M12,2005M01,2005M02,2005M03,2005M04,2005M05,2005M06,2005M07,2005M08,2005M09,2005M10,2005M11,2005M12,2006M01,2006M02,2006M03,2006M04,2006M05,2006M06,2006M07,2006M08,2006M09,2006M10,2006M11,2006M12,2007M01,2007M02,2007M03,2007M04,2007M05,2007M06,2007M07,2007M08,2007M09,2007M10,2007M11,2007M12,2008M01,2008M02,2008M03,2008M04,2008M05,2008M06,2008M07,2008M08,2008M09,2008M10,2008M11,2008M12,2009M01,2009M02,2009M03,2009M04,2009M05,2009M06,2009M07,2009M08,2009M09,2009M10,2009M11,2009M12,2010M01,2010M02,2010M03,2010M04,2010M05,2010M06,2010M07,2010M08,2010M09,2010M10,2010M11,2010M12,2011M01,2011M02,2011M03,2011M04,2011M05,2011M06,2011M07,2011M08,2011M09,2011M10,2011M11,2011M12,2012M01,2012M02,2012M03,2012M04,2012M05,2012M06,2012M07,2012M08,2012M09,2012M10,2012M11,2012M12,2013M01,2013M02,2013M03,2013M04,2013M05,2013M06,2013M07,2013M08,2013M09,2013M10,2013M11,2013M12,2014M01,2014M02,2014M03,2014M04,2014M05,2014M06,2014M07,2014M08,2014M09,2014M10,2014M11,2014M12,2015M01,2015M02,2015M03,2015M04,2015M05,2015M06,2015M07,2015M08,2015M09,2015M10,2015M11,2015M12,2016M01,2016M02,2016M03,2016M04,2016M05,2016M06,2016M07,2016M08
Estonia,-4.1,-4.1,-4.1,-1.2,-1.2,-1.2,1.8,1.8,1.8,8.4,8.4,8.4,2.3,2.3,2.3,1.7,1.7,1.7,2.6,3.4,4.2,5.0,5.8,6.7,7.5,8.3,9.1,9.9,10.7,17.0,16.7,17.1,13.8,9.6,10.2,7.7,5.6,5.4,4.9,2.8,18.4,17.7,18.8,17.3,22.4,19.1,18.5,-0.6,0.9,22.1,26.9,33.6,37.3,29.9,21.7,23.1,20.8,21.7,19.7,-0.3,3.8,17.9,22.2,28.2,31.0,28.9,33.3,24.2,25.3,25.1,22.5,12.4,13.9,25.0,26.7,35.8,42.0,41.5,38.2,36.7,36.9,34.4,31.9,14.3,14.8,30.5,33.0,42.7,40.2,37.1,29.0,28.6,28.0,17.2,20.5,4.8,0.4,3.6,6.6,1.8,7.7,5.0,-4.2,-5.4,-12.7,-22.3,-33.0,-48.3,-48.6,-44.6,-42.2,-36.8,-27.9,-33.9,-29.0,-25.1,-24.1,-27.3,-28.0,-37.8,-30.4,-19.9,-15.1,2.5,6.5,10.2,13.9,11.3,9.4,10.3,13.0,-7.1,1.4,14.2,19.9,31.4,36.1,34.6,30.9,20.4,17.4,16.7,8.1,-8.0,0.0,10.6,22.3,32.3,31.6,24.0,21.3,14.3,13.8,13.4,12.6,-2.3,1.8,9.3,12.9,17.3,19.1,25.8,18.0,14.4,10.5,9.3,8.4,0.8,0.7,12.5,18.7,26.3,25.6,23.4,16.8,15.2,8.0,12.3,12.3,-0.6,-6.7,1.1,8.5,17.1,16.9,16.1,16.8,12.8,7.2,9.0,5.7,-1.3,6.3,14.7,19.6,23.3,22.4,23.4,19.0,12.1
Latvia,4.4,4.4,4.4,9.4,9.4,9.4,10.1,10.1,10.1,6.8,6.8,6.8,8.1,8.1,8.1,7.8,7.8,7.8,4.1,4.1,4.1,4.1,4.1,4.1,8.4,8.4,8.4,9.4,13.1,10.4,12.4,9.4,15.5,7.8,8.9,9.2,10.4,10.9,11.6,13.6,16.6,18.8,16.8,15.4,11.9,10.6,7.8,7.8,6.5,9.0,12.3,17.9,16.9,17.6,17.7,16.1,14.0,11.6,9.3,5.1,8.1,11.9,9.2,12.3,16.7,19.9,20.8,18.1,16.0,13.6,14.0,8.7,13.9,16.0,15.6,21.3,20.7,21.9,20.2,19.4,18.6,16.8,17.5,14.1,17.9,20.6,21.0,25.1,24.2,22.8,21.8,17.4,18.6,12.8,11.9,3.5,4.7,5.1,2.4,2.2,5.1,1.7,-0.2,-3.2,-8.1,-14.7,-22.2,-37.0,-35.6,-36.7,-33.1,-23.3,-19.8,-20.7,-19.5,-20.4,-19.0,-19.3,-17.5,-22.5,-21.2,-19.0,-6.8,6.1,10.8,14.5,11.2,8.5,2.8,0.9,1.2,-10.7,-4.9,-1.1,2.2,9.5,14.0,15.9,12.9,9.0,4.0,1.9,0.6,-4.2,0.8,2.2,5.2,11.6,10.4,18.8,10.8,10.8,10.0,5.1,0.7,-4.9,4.3,2.3,3.9,8.2,13.4,14.8,10.2,11.3,6.8,4.2,5.4,-2.0,1.4,4.7,8.2,13.9,17.5,15.6,13.8,10.9,6.1,5.8,2.8,-4.2,-1.5,-2.4,2.5,7.3,10.6,12.6,11.0,9.9,4.1,0.9,2.8,-7.0,-1.0,2.0,9.0,13.4,17.7,16.5,12.8,8.5
Lithuania,-12.1,-12.1,-12.1,-15.7,-15.7,-15.7,-20.7,-20.7,-20.7,-22.4,-22.4,-22.4,-12.1,-12.1,-12.1,-12.1,-12.1,-12.1,-15.1,-15.1,-15.1,-7.4,-7.4,-7.4,-6.7,-6.7,-6.7,3.3,5.0,3.4,2.6,3.7,7.3,2.9,3.6,3.5,1.1,3.4,2.1,1.1,0.6,4.4,-0.7,1.8,4.2,-1.4,2.2,0.3,-0.3,6.5,31.3,30.5,27.2,30.0,7.5,4.7,8.9,9.6,7.7,6.8,0.9,8.4,-2.8,3.8,8.0,13.1,12.9,11.3,12.8,11.5,16.9,13.4,11.8,12.9,13.8,22.2,16.1,29.6,38.7,39.7,35.7,34.4,39.6,34.0,34.1,32.1,33.1,42.1,24.2,28.8,37.1,25.8,28.7,30.9,39.2,22.5,21.0,20.3,17.5,16.7,19.2,10.2,13.5,11.6,4.0,-11.6,-24.3,-37.7,-55.5,-58.3,-53.1,-54.4,-30.1,-27.9,-28.9,-31.7,-37.7,-29.3,-35.2,-42.2,-33.2,-29.1,-26.5,-16.0,-9.4,1.3,7.7,11.5,11.1,7.5,6.0,4.5,-19.7,-12.8,-9.8,-1.5,10.4,13.5,11.2,9.4,4.0,-0.8,-6.7,-11.6,-27.0,-13.0,-11.0,3.4,-6.9,7.8,-8.7,-9.8,-3.9,-8.7,-13.4,-14.1,-17.7,-17.2,-4.7,6.4,5.6,13.3,3.0,8.7,-2.4,-0.9,-3.8,-11.3,-6.1,-3.0,2.0,9.8,10.0,8.8,4.6,11.7,3.7,0.5,-1.5,-6.6,-6.6,-5.9,-4.5,-4.8,3.6,7.0,7.6,9.5,4.2,2.5,3.1,10.4,6.9,8.2,10.9,13.7,15.5,15.4,8.8,5.7
,,,,,,,,,,,,,,,,,,,,,,,,,,,,,,,,,,,,,,,,,,,,,,,,,,,,,,,,,,,,,,,,,,,,,,,,,,,,,,,,,,,,,,,,,,,,,,,,,,,,,,,,,,,,,,,,,,,,,,,,,,,,,,,,,,,,,,,,,,,,,,,,,,,,,,,,,,,,,,,,,,,,,,,,,,,,,,,,,,,,,,,,,,,,,,,,,,,,,,,,
Special value:,,,,,,,,,,,,,,,,,,,,,,,,,,,,,,,,,,,,,,,,,,,,,,,,,,,,,,,,,,,,,,,,,,,,,,,,,,,,,,,,,,,,,,,,,,,,,,,,,,,,,,,,,,,,,,,,,,,,,,,,,,,,,,,,,,,,,,,,,,,,,,,,,,,,,,,,,,,,,,,,,,,,,,,,,,,,,,,,,,,,,,,,,,,,,,,,,,,,,,,,
:,not available,,,,,,,,,,,,,,,,,,,,,,,,,,,,,,,,,,,,,,,,,,,,,,,,,,,,,,,,,,,,,,,,,,,,,,,,,,,,,,,,,,,,,,,,,,,,,,,,,,,,,,,,,,,,,,,,,,,,,,,,,,,,,,,,,,,,,,,,,,,,,,,,,,,,,,,,,,,,,,,,,,,,,,,,,,,,,,,,,,,,,,,,,,,,,,,,,,,,,,,
,,,,,,,,,,,,,,,,,,,,,,,,,,,,,,,,,,,,,,,,,,,,,,,,,,,,,,,,,,,,,,,,,,,,,,,,,,,,,,,,,,,,,,,,,,,,,,,,,,,,,,,,,,,,,,,,,,,,,,,,,,,,,,,,,,,,,,,,,,,,,,,,,,,,,,,,,,,,,,,,,,,,,,,,,,,,,,,,,,,,,,,,,,,,,,,,,,,,,,,,
INDIC,Retail confidence indicator,,,,,,,,,,,,,,,,,,,,,,,,,,,,,,,,,,,,,,,,,,,,,,,,,,,,,,,,,,,,,,,,,,,,,,,,,,,,,,,,,,,,,,,,,,,,,,,,,,,,,,,,,,,,,,,,,,,,,,,,,,,,,,,,,,,,,,,,,,,,,,,,,,,,,,,,,,,,,,,,,,,,,,,,,,,,,,,,,,,,,,,,,,,,,,,,,,,,,,,
S_ADJ,"Seasonally adjusted data, not calendar adjusted data",,,,,,,,,,,,,,,,,,,,,,,,,,,,,,,,,,,,,,,,,,,,,,,,,,,,,,,,,,,,,,,,,,,,,,,,,,,,,,,,,,,,,,,,,,,,,,,,,,,,,,,,,,,,,,,,,,,,,,,,,,,,,,,,,,,,,,,,,,,,,,,,,,,,,,,,,,,,,,,,,,,,,,,,,,,,,,,,,,,,,,,,,,,,,,,,,,,,,,,
,,,,,,,,,,,,,,,,,,,,,,,,,,,,,,,,,,,,,,,,,,,,,,,,,,,,,,,,,,,,,,,,,,,,,,,,,,,,,,,,,,,,,,,,,,,,,,,,,,,,,,,,,,,,,,,,,,,,,,,,,,,,,,,,,,,,,,,,,,,,,,,,,,,,,,,,,,,,,,,,,,,,,,,,,,,,,,,,,,,,,,,,,,,,,,,,,,,,,,,,
GEO/TIME,2000M01,2000M02,2000M03,2000M04,2000M05,2000M06,2000M07,2000M08,2000M09,2000M10,2000M11,2000M12,2001M01,2001M02,2001M03,2001M04,2001M05,2001M06,2001M07,2001M08,2001M09,2001M10,2001M11,2001M12,2002M01,2002M02,2002M03,2002M04,2002M05,2002M06,2002M07,2002M08,2002M09,2002M10,2002M11,2002M12,2003M01,2003M02,2003M03,2003M04,2003M05,2003M06,2003M07,2003M08,2003M09,2003M10,2003M11,2003M12,2004M01,2004M02,2004M03,2004M04,2004M05,2004M06,2004M07,2004M08,2004M09,2004M10,2004M11,2004M12,2005M01,2005M02,2005M03,2005M04,2005M05,2005M06,2005M07,2005M08,2005M09,2005M10,2005M11,2005M12,2006M01,2006M02,2006M03,2006M04,2006M05,2006M06,2006M07,2006M08,2006M09,2006M10,2006M11,2006M12,2007M01,2007M02,2007M03,2007M04,2007M05,2007M06,2007M07,2007M08,2007M09,2007M10,2007M11,2007M12,2008M01,2008M02,2008M03,2008M04,2008M05,2008M06,2008M07,2008M08,2008M09,2008M10,2008M11,2008M12,2009M01,2009M02,2009M03,2009M04,2009M05,2009M06,2009M07,2009M08,2009M09,2009M10,2009M11,2009M12,2010M01,2010M02,2010M03,2010M04,2010M05,2010M06,2010M07,2010M08,2010M09,2010M10,2010M11,2010M12,2011M01,2011M02,2011M03,2011M04,2011M05,2011M06,2011M07,2011M08,2011M09,2011M10,2011M11,2011M12,2012M01,2012M02,2012M03,2012M04,2012M05,2012M06,2012M07,2012M08,2012M09,2012M10,2012M11,2012M12,2013M01,2013M02,2013M03,2013M04,2013M05,2013M06,2013M07,2013M08,2013M09,2013M10,2013M11,2013M12,2014M01,2014M02,2014M03,2014M04,2014M05,2014M06,2014M07,2014M08,2014M09,2014M10,2014M11,2014M12,2015M01,2015M02,2015M03,2015M04,2015M05,2015M06,2015M07,2015M08,2015M09,2015M10,2015M11,2015M12,2016M01,2016M02,2016M03,2016M04,2016M05,2016M06,2016M07,2016M08
Estonia,0.3,0.4,0.2,-2.0,-1.8,-1.6,2.5,2.7,2.7,3.6,3.9,4.2,9.7,9.5,9.3,4.1,4.0,4.1,4.1,4.5,4.9,-0.2,0.2,0.5,11.6,12.7,14.0,10.6,11.5,17.0,16.6,17.3,15.0,6.8,6.9,4.5,8.6,8.6,8.0,4.2,16.7,15.6,16.5,15.6,20.9,16.5,16.1,0.9,5.3,22.4,27.3,32.9,33.3,27.2,21.1,23.0,21.2,22.5,21.1,9.3,12.6,18.9,21.4,25.6,23.9,23.3,28.9,21.9,23.3,24.5,23.1,24.3,24.7,25.8,25.2,30.9,32.1,34.5,33.4,35.0,35.3,34.6,34.2,32.2,31.0,33.1,32.4,35.6,30.3,30.1,24.8,26.5,26.0,18.0,21.7,21.9,16.8,7.5,6.9,-3.6,-2.5,-3.4,-9.3,-8.8,-15.8,-21.8,-31.2,-32.6,-34.3,-41.6,-43.6,-44.8,-41.5,-45.6,-38.4,-34.3,-32.2,-30.3,-28.6,-24.2,-17.7,-16.0,-14.4,-3.5,-3.4,2.6,8.9,7.0,7.1,13.3,17.9,12.9,19.0,23.0,25.1,28.8,28.8,29.0,27.2,18.5,17.0,19.6,13.5,12.0,14.8,16.3,22.6,23.7,19.2,14.3,12.6,9.5,10.8,12.7,14.9,15.8,14.6,13.3,11.6,6.9,5.7,13.7,8.7,10.1,8.7,9.2,11.0,18.5,14.2,16.3,16.9,16.2,14.1,13.0,10.3,13.8,10.0,14.3,16.6,17.7,9.2,7.0,7.5,7.4,6.2,5.7,10.1,10.8,9.1,9.9,8.2,13.1,18.9,18.2,17.2,14.1,13.2,14.1,13.8,11.4
Latvia,2.3,2.2,2.1,7.5,7.6,7.7,9.0,9.2,9.5,9.6,9.8,10.0,7.2,7.2,7.2,6.9,6.8,6.8,3.9,3.8,3.8,6.4,6.3,6.4,7.4,7.4,7.4,8.1,11.2,9.2,11.4,9.1,14.2,10.5,11.5,11.9,10.6,11.0,11.7,12.8,14.6,17.2,15.9,15.5,11.3,13.6,11.0,10.9,7.7,9.4,11.9,15.5,13.4,14.3,15.2,15.1,13.2,14.1,12.8,9.4,10.5,13.0,9.9,10.1,12.4,15.2,16.8,16.3,14.9,15.8,17.3,14.1,17.1,17.6,17.2,19.3,17.3,17.4,16.3,17.5,18.0,18.8,20.6,20.3,21.8,22.2,22.4,22.8,21.1,18.9,18.4,16.2,18.3,15.4,15.1,11.0,9.1,6.9,4.5,0.3,1.5,-2.5,-4.3,-5.5,-9.4,-13.0,-19.5,-28.5,-31.3,-35.2,-32.9,-28.6,-27.3,-28.3,-27.0,-26.0,-23.8,-20.8,-17.7,-15.1,-16.0,-15.5,-5.8,1.2,4.2,8.8,7.3,7.4,3.6,5.0,6.5,3.3,5.9,7.6,6.9,6.8,7.8,9.2,7.2,5.2,2.8,3.0,2.8,7.1,9.3,9.1,7.6,6.4,2.4,8.7,3.8,6.3,8.3,6.3,3.6,6.1,11.2,8.7,6.2,3.0,5.1,3.8,3.3,6.0,5.1,5.6,8.3,9.0,7.8,10.3,10.5,9.5,10.2,6.1,8.6,7.4,6.6,8.9,7.4,7.5,5.4,3.6,4.8,3.5,3.7,3.1,5.2,5.4,3.8,3.0,6.0,3.5,4.4,6.3,9.6,9.0,10.2,7.9,7.9,5.2
Lithuania,-12.4,-12.4,-12.4,-16.3,-16.4,-16.4,-24.1,-24.4,-24.6,-19.9,-20.1,-20.2,-13.9,-13.8,-13.8,-12.9,-12.7,-12.5,-16.6,-16.8,-17.1,-5.1,-4.8,-4.5,-7.4,-7.2,-6.6,1.9,4.0,3.1,2.9,3.9,6.9,5.8,6.8,7.0,2.2,4.1,3.1,0.6,-0.1,3.4,0.6,2.2,3.4,0.3,3.2,1.9,-0.6,4.6,25.8,24.9,23.3,26.2,11.3,8.6,11.0,13.0,10.9,11.0,5.6,9.8,-4.5,-0.9,3.0,6.3,13.4,12.5,12.1,12.6,17.0,15.3,15.9,13.6,12.1,17.1,12.5,21.9,36.7,39.4,35.3,36.7,40.5,38.5,41.7,37.4,36.0,40.1,26.5,25.1,35.3,26.8,28.6,31.8,36.7,26.0,26.6,23.8,20.3,14.5,21.0,7.4,9.0,10.1,2.6,-10.4,-25.7,-32.4,-47.6,-52.9,-50.5,-57.8,-35.4,-37.0,-41.5,-41.5,-45.6,-36.0,-41.9,-40.2,-28.7,-24.8,-22.9,-17.3,-13.1,-4.7,-2.2,5.0,8.3,7.3,8.0,15.6,-2.1,2.4,2.6,5.0,9.7,9.3,3.2,2.1,-0.1,-3.2,-5.6,-4.1,-10.4,-1.4,-2.3,4.8,-12.3,-3.7,-19.0,-19.9,-12.2,-14.4,-14.8,-9.9,-3.6,-8.2,0.3,3.0,-0.8,0.0,-5.2,-0.2,-7.9,-4.1,-2.0,-4.8,8.7,7.2,7.8,6.6,5.7,-1.8,0.4,5.3,1.6,0.7,2.4,1.6,7.1,3.4,0.0,-8.6,-1.6,-4.4,2.7,1.9,1.1,1.9,5.1,15.1,16.2,15.1,13.8,10.3,10.9,7.1,6.3,0.8
,,,,,,,,,,,,,,,,,,,,,,,,,,,,,,,,,,,,,,,,,,,,,,,,,,,,,,,,,,,,,,,,,,,,,,,,,,,,,,,,,,,,,,,,,,,,,,,,,,,,,,,,,,,,,,,,,,,,,,,,,,,,,,,,,,,,,,,,,,,,,,,,,,,,,,,,,,,,,,,,,,,,,,,,,,,,,,,,,,,,,,,,,,,,,,,,,,,,,,,,
Special value:,,,,,,,,,,,,,,,,,,,,,,,,,,,,,,,,,,,,,,,,,,,,,,,,,,,,,,,,,,,,,,,,,,,,,,,,,,,,,,,,,,,,,,,,,,,,,,,,,,,,,,,,,,,,,,,,,,,,,,,,,,,,,,,,,,,,,,,,,,,,,,,,,,,,,,,,,,,,,,,,,,,,,,,,,,,,,,,,,,,,,,,,,,,,,,,,,,,,,,,,
:,not available,,,,,,,,,,,,,,,,,,,,,,,,,,,,,,,,,,,,,,,,,,,,,,,,,,,,,,,,,,,,,,,,,,,,,,,,,,,,,,,,,,,,,,,,,,,,,,,,,,,,,,,,,,,,,,,,,,,,,,,,,,,,,,,,,,,,,,,,,,,,,,,,,,,,,,,,,,,,,,,,,,,,,,,,,,,,,,,,,,,,,,,,,,,,,,,,,,,,,,,
,,,,,,,,,,,,,,,,,,,,,,,,,,,,,,,,,,,,,,,,,,,,,,,,,,,,,,,,,,,,,,,,,,,,,,,,,,,,,,,,,,,,,,,,,,,,,,,,,,,,,,,,,,,,,,,,,,,,,,,,,,,,,,,,,,,,,,,,,,,,,,,,,,,,,,,,,,,,,,,,,,,,,,,,,,,,,,,,,,,,,,,,,,,,,,,,,,,,,,,,
INDIC,Consumer confidence indicator,,,,,,,,,,,,,,,,,,,,,,,,,,,,,,,,,,,,,,,,,,,,,,,,,,,,,,,,,,,,,,,,,,,,,,,,,,,,,,,,,,,,,,,,,,,,,,,,,,,,,,,,,,,,,,,,,,,,,,,,,,,,,,,,,,,,,,,,,,,,,,,,,,,,,,,,,,,,,,,,,,,,,,,,,,,,,,,,,,,,,,,,,,,,,,,,,,,,,,,
S_ADJ,Unadjusted data (i.e. neither seasonally adjusted nor calendar adjusted data),,,,,,,,,,,,,,,,,,,,,,,,,,,,,,,,,,,,,,,,,,,,,,,,,,,,,,,,,,,,,,,,,,,,,,,,,,,,,,,,,,,,,,,,,,,,,,,,,,,,,,,,,,,,,,,,,,,,,,,,,,,,,,,,,,,,,,,,,,,,,,,,,,,,,,,,,,,,,,,,,,,,,,,,,,,,,,,,,,,,,,,,,,,,,,,,,,,,,,,
,,,,,,,,,,,,,,,,,,,,,,,,,,,,,,,,,,,,,,,,,,,,,,,,,,,,,,,,,,,,,,,,,,,,,,,,,,,,,,,,,,,,,,,,,,,,,,,,,,,,,,,,,,,,,,,,,,,,,,,,,,,,,,,,,,,,,,,,,,,,,,,,,,,,,,,,,,,,,,,,,,,,,,,,,,,,,,,,,,,,,,,,,,,,,,,,,,,,,,,,
GEO/TIME,2000M01,2000M02,2000M03,2000M04,2000M05,2000M06,2000M07,2000M08,2000M09,2000M10,2000M11,2000M12,2001M01,2001M02,2001M03,2001M04,2001M05,2001M06,2001M07,2001M08,2001M09,2001M10,2001M11,2001M12,2002M01,2002M02,2002M03,2002M04,2002M05,2002M06,2002M07,2002M08,2002M09,2002M10,2002M11,2002M12,2003M01,2003M02,2003M03,2003M04,2003M05,2003M06,2003M07,2003M08,2003M09,2003M10,2003M11,2003M12,2004M01,2004M02,2004M03,2004M04,2004M05,2004M06,2004M07,2004M08,2004M09,2004M10,2004M11,2004M12,2005M01,2005M02,2005M03,2005M04,2005M05,2005M06,2005M07,2005M08,2005M09,2005M10,2005M11,2005M12,2006M01,2006M02,2006M03,2006M04,2006M05,2006M06,2006M07,2006M08,2006M09,2006M10,2006M11,2006M12,2007M01,2007M02,2007M03,2007M04,2007M05,2007M06,2007M07,2007M08,2007M09,2007M10,2007M11,2007M12,2008M01,2008M02,2008M03,2008M04,2008M05,2008M06,2008M07,2008M08,2008M09,2008M10,2008M11,2008M12,2009M01,2009M02,2009M03,2009M04,2009M05,2009M06,2009M07,2009M08,2009M09,2009M10,2009M11,2009M12,2010M01,2010M02,2010M03,2010M04,2010M05,2010M06,2010M07,2010M08,2010M09,2010M10,2010M11,2010M12,2011M01,2011M02,2011M03,2011M04,2011M05,2011M06,2011M07,2011M08,2011M09,2011M10,2011M11,2011M12,2012M01,2012M02,2012M03,2012M04,2012M05,2012M06,2012M07,2012M08,2012M09,2012M10,2012M11,2012M12,2013M01,2013M02,2013M03,2013M04,2013M05,2013M06,2013M07,2013M08,2013M09,2013M10,2013M11,2013M12,2014M01,2014M02,2014M03,2014M04,2014M05,2014M06,2014M07,2014M08,2014M09,2014M10,2014M11,2014M12,2015M01,2015M02,2015M03,2015M04,2015M05,2015M06,2015M07,2015M08,2015M09,2015M10,2015M11,2015M12,2016M01,2016M02,2016M03,2016M04,2016M05,2016M06,2016M07,2016M08
Estonia,-37.1,-37.1,-37.1,-33.2,-33.2,-33.2,-30.4,-30.4,-30.4,-33.6,-33.6,-33.6,-32.9,-32.9,-32.9,-36.7,-18.1,-15.8,-15.4,-4.5,-14.7,-16.8,-19.7,-19.4,-12.9,-12.5,-11.7,-10.0,-6.0,-5.2,-5.7,-5.7,-4.1,-6.7,-5.9,-8.6,-5.5,-7.3,-2.6,-6.3,-4.3,-7.6,-9.1,-9.9,-9.4,-11.4,-13.4,-20.2,-12.0,-17.8,-16.2,-17.7,-18.2,-14.7,-10.6,-8.2,-7.2,-10.2,-7.0,-14.3,-11.7,-12.4,-4.8,-10.3,-7.0,-4.8,1.0,-0.6,-9.3,1.3,2.9,3.3,9.0,5.7,8.4,10.1,11.3,10.0,9.1,6.8,9.4,12.0,9.9,7.3,13.0,10.0,9.1,9.0,4.2,6.7,3.2,-2.4,-4.4,-7.6,-7.3,-10.0,-10.6,-16.3,-11.4,-15.7,-18.6,-15.8,-18.7,-18.8,-22.1,-27.0,-30.2,-32.1,-30.4,-35.3,-36.7,-30.6,-26.6,-28.0,-28.0,-24.3,-18.7,-14.2,-13.5,-20.1,-15.0,-15.1,-13.5,-10.6,-5.1,-2.9,-3.3,-1.4,-2.8,-5.7,-6.8,-6.4,1.1,-2.5,-0.8,-2.4,-2.7,-2.1,0.0,-4.2,-7.8,-11.4,-17.8,-17.7,-13.1,-13.5,-12.5,-10.6,-6.1,-7.9,-8.5,-8.0,-10.1,-14.6,-15.4,-9.5,-4.2,-5.3,-4.8,-2.9,-3.0,-7.5,-8.3,-5.7,-7.8,-4.6,-3.6,-4.7,-2.5,-1.7,-4.2,-1.9,-3.8,-3.8,-1.3,-4.1,-7.3,-4.9,-2.7,-2.5,-2.3,-7.5,-0.6,-2.8,-8.4,-7.7,-8.4,-7.0,-7.0,-6.4,-7.1,-6.5,-4.8,-13.2,-14.3,-11.5,-7.6,-9.3,-5.9,-5.7
Latvia,-19.8,-19.8,-19.8,:,:,:,:,:,:,:,:,:,:,:,:,:,-15.7,-11.3,-12.9,-13.6,-12.7,-10.9,-10.2,-11.4,-11.3,-14.3,-14.6,-13.7,-14.3,-13.6,-14.4,-11.1,-12.8,-12.6,-8.2,-10.4,-12.4,-12.9,-16.2,-12.3,-11.8,-14.1,-12.5,-17.5,-14.7,-13.3,-12.1,-11.5,-15.5,-19.2,-25.7,-19.9,-20.4,-15.0,-13.3,-12.4,-16.2,-18.3,-16.8,-16.1,-14.7,-12.0,-14.6,-15.7,-12.6,-14.4,-15.7,-13.5,-15.9,-14.3,-9.4,-8.9,-6.4,-8.6,-7.6,-7.9,-5.5,-5.0,-4.0,-5.6,0.2,-5.2,-3.6,-4.9,-4.0,-6.4,-8.6,-8.1,-7.5,-3.2,-4.7,-8.1,-9.3,-11.5,-14.8,-13.4,-17.3,-17.6,-19.4,-23.4,-22.6,-25.2,-22.4,-25.0,-30.7,-33.4,-36.6,-48.8,-53.8,-54.3,-52.3,-40.1,-36.5,-49.7,-53.0,-52.2,-49.9,-52.4,-48.1,-53.0,-39.4,-37.3,-31.4,-32.3,-26.0,-26.8,-28.5,-26.3,-28.0,-24.3,-25.1,-30.8,-25.4,-26.4,-26.9,-30.7,-24.7,-21.6,-20.8,-16.8,-16.9,-20.0,-19.7,-23.2,-18.4,-11.3,-18.8,-20.7,-17.6,-11.3,-14.2,-11.2,-12.2,-11.7,-11.2,-10.9,-8.7,-11.6,-10.7,-11.2,-9.8,-8.6,-12.5,-15.5,-13.1,-14.3,-13.2,-10.8,-8.3,-10.9,-10.2,-8.6,-7.1,-7.7,-6.2,-11.9,-13.2,-10.8,-7.7,-8.5,-8.1,-8.1,-5.0,-5.5,-5.6,-8.2,-7.6,-8.2,-13.0,-9.0,-8.4,-8.4,-6.7,-6.0,-9.0,-8.5,-8.4,-7.6,-8.6,-11.6
Lithuania,:,:,:,:,:,:,:,:,:,:,:,:,:,:,:,:,-32.7,-29.7,-24.4,-23.8,-25.5,-29.9,-28.1,-26.0,-22.4,-24.7,-24.3,-22.2,-20.9,-21.2,-21.8,-19.9,-18.4,-18.0,-17.2,-15.0,-6.3,-8.9,-8.9,-10.7,-8.5,-10.2,-11.1,-9.0,-12.9,-10.9,-13.2,-12.4,-11.2,-13.5,-9.9,-11.8,-12.9,-6.7,-5.9,-4.9,-1.8,-1.2,-3.3,-3.7,-2.3,-3.8,-5.6,-1.8,-5.3,-2.5,-4.3,-3.9,-8.2,-5.3,-2.2,-3.0,0.0,-1.0,-1.2,0.8,-0.7,0.8,0.5,-0.8,2.2,0.9,2.6,2.5,7.9,7.8,8.8,8.9,8.0,9.0,5.8,4.8,1.4,-3.6,-8.0,-5.7,-4.1,-4.2,-6.2,-10.3,-16.0,-21.3,-24.3,-26.7,-26.3,-34.7,-41.3,-51.0,-55.6,-51.4,-50.8,-50.1,-47.6,-41.6,-43.5,-47.3,-39.7,-47.3,-51.0,-50.4,-45.4,-40.0,-37.3,-37.3,-37.1,-35.5,-29.9,-25.0,-25.9,-25.7,-25.8,-26.3,-24.1,-23.5,-20.9,-18.2,-15.9,-16.1,-14.9,-16.7,-18.1,-23.3,-22.6,-30.0,-22.5,-22.7,-20.6,-21.0,-18.5,-15.5,-17.6,-16.8,-19.6,-19.5,-14.7,-16.2,-14.6,-14.3,-10.4,-11.4,-8.9,-8.2,-9.3,-6.6,-8.9,-11.0,-11.7,-9.0,-8.6,-10.0,-10.9,-12.0,-12.1,-10.9,-13.7,-20.1,-19.9,-18.5,-16.6,-15.8,-8.8,-7.7,-2.5,-4.6,-4.8,-7.2,-8.0,-7.7,-11.8,-10.0,-8.8,-7.2,-5.9,-8.9,-6.9,-8.3,-11.8,-7.3,-8.8,-9.6
,,,,,,,,,,,,,,,,,,,,,,,,,,,,,,,,,,,,,,,,,,,,,,,,,,,,,,,,,,,,,,,,,,,,,,,,,,,,,,,,,,,,,,,,,,,,,,,,,,,,,,,,,,,,,,,,,,,,,,,,,,,,,,,,,,,,,,,,,,,,,,,,,,,,,,,,,,,,,,,,,,,,,,,,,,,,,,,,,,,,,,,,,,,,,,,,,,,,,,,,
Special value:,,,,,,,,,,,,,,,,,,,,,,,,,,,,,,,,,,,,,,,,,,,,,,,,,,,,,,,,,,,,,,,,,,,,,,,,,,,,,,,,,,,,,,,,,,,,,,,,,,,,,,,,,,,,,,,,,,,,,,,,,,,,,,,,,,,,,,,,,,,,,,,,,,,,,,,,,,,,,,,,,,,,,,,,,,,,,,,,,,,,,,,,,,,,,,,,,,,,,,,,
:,not available,,,,,,,,,,,,,,,,,,,,,,,,,,,,,,,,,,,,,,,,,,,,,,,,,,,,,,,,,,,,,,,,,,,,,,,,,,,,,,,,,,,,,,,,,,,,,,,,,,,,,,,,,,,,,,,,,,,,,,,,,,,,,,,,,,,,,,,,,,,,,,,,,,,,,,,,,,,,,,,,,,,,,,,,,,,,,,,,,,,,,,,,,,,,,,,,,,,,,,,
,,,,,,,,,,,,,,,,,,,,,,,,,,,,,,,,,,,,,,,,,,,,,,,,,,,,,,,,,,,,,,,,,,,,,,,,,,,,,,,,,,,,,,,,,,,,,,,,,,,,,,,,,,,,,,,,,,,,,,,,,,,,,,,,,,,,,,,,,,,,,,,,,,,,,,,,,,,,,,,,,,,,,,,,,,,,,,,,,,,,,,,,,,,,,,,,,,,,,,,,
INDIC,Consumer confidence indicator,,,,,,,,,,,,,,,,,,,,,,,,,,,,,,,,,,,,,,,,,,,,,,,,,,,,,,,,,,,,,,,,,,,,,,,,,,,,,,,,,,,,,,,,,,,,,,,,,,,,,,,,,,,,,,,,,,,,,,,,,,,,,,,,,,,,,,,,,,,,,,,,,,,,,,,,,,,,,,,,,,,,,,,,,,,,,,,,,,,,,,,,,,,,,,,,,,,,,,,
S_ADJ,"Seasonally adjusted data, not calendar adjusted data",,,,,,,,,,,,,,,,,,,,,,,,,,,,,,,,,,,,,,,,,,,,,,,,,,,,,,,,,,,,,,,,,,,,,,,,,,,,,,,,,,,,,,,,,,,,,,,,,,,,,,,,,,,,,,,,,,,,,,,,,,,,,,,,,,,,,,,,,,,,,,,,,,,,,,,,,,,,,,,,,,,,,,,,,,,,,,,,,,,,,,,,,,,,,,,,,,,,,,,
,,,,,,,,,,,,,,,,,,,,,,,,,,,,,,,,,,,,,,,,,,,,,,,,,,,,,,,,,,,,,,,,,,,,,,,,,,,,,,,,,,,,,,,,,,,,,,,,,,,,,,,,,,,,,,,,,,,,,,,,,,,,,,,,,,,,,,,,,,,,,,,,,,,,,,,,,,,,,,,,,,,,,,,,,,,,,,,,,,,,,,,,,,,,,,,,,,,,,,,,
GEO/TIME,2000M01,2000M02,2000M03,2000M04,2000M05,2000M06,2000M07,2000M08,2000M09,2000M10,2000M11,2000M12,2001M01,2001M02,2001M03,2001M04,2001M05,2001M06,2001M07,2001M08,2001M09,2001M10,2001M11,2001M12,2002M01,2002M02,2002M03,2002M04,2002M05,2002M06,2002M07,2002M08,2002M09,2002M10,2002M11,2002M12,2003M01,2003M02,2003M03,2003M04,2003M05,2003M06,2003M07,2003M08,2003M09,2003M10,2003M11,2003M12,2004M01,2004M02,2004M03,2004M04,2004M05,2004M06,2004M07,2004M08,2004M09,2004M10,2004M11,2004M12,2005M01,2005M02,2005M03,2005M04,2005M05,2005M06,2005M07,2005M08,2005M09,2005M10,2005M11,2005M12,2006M01,2006M02,2006M03,2006M04,2006M05,2006M06,2006M07,2006M08,2006M09,2006M10,2006M11,2006M12,2007M01,2007M02,2007M03,2007M04,2007M05,2007M06,2007M07,2007M08,2007M09,2007M10,2007M11,2007M12,2008M01,2008M02,2008M03,2008M04,2008M05,2008M06,2008M07,2008M08,2008M09,2008M10,2008M11,2008M12,2009M01,2009M02,2009M03,2009M04,2009M05,2009M06,2009M07,2009M08,2009M09,2009M10,2009M11,2009M12,2010M01,2010M02,2010M03,2010M04,2010M05,2010M06,2010M07,2010M08,2010M09,2010M10,2010M11,2010M12,2011M01,2011M02,2011M03,2011M04,2011M05,2011M06,2011M07,2011M08,2011M09,2011M10,2011M11,2011M12,2012M01,2012M02,2012M03,2012M04,2012M05,2012M06,2012M07,2012M08,2012M09,2012M10,2012M11,2012M12,2013M01,2013M02,2013M03,2013M04,2013M05,2013M06,2013M07,2013M08,2013M09,2013M10,2013M11,2013M12,2014M01,2014M02,2014M03,2014M04,2014M05,2014M06,2014M07,2014M08,2014M09,2014M10,2014M11,2014M12,2015M01,2015M02,2015M03,2015M04,2015M05,2015M06,2015M07,2015M08,2015M09,2015M10,2015M11,2015M12,2016M01,2016M02,2016M03,2016M04,2016M05,2016M06,2016M07,2016M08
Estonia,-36.8,-37.0,-37.2,-33.7,-33.8,-33.8,-30.4,-30.2,-30.0,-33.8,-33.9,-34.1,-31.5,-31.6,-31.8,-36.2,-20.7,-17.9,-16.8,-7.2,-14.9,-16.3,-18.5,-18.2,-10.6,-9.8,-8.9,-7.6,-7.5,-6.6,-6.6,-8.1,-4.4,-5.8,-4.6,-6.8,-3.5,-4.8,-0.4,-4.0,-6.1,-9.3,-10.4,-12.9,-10.6,-10.8,-12.5,-18.0,-11.5,-15.9,-15.0,-15.8,-20.3,-17.7,-13.8,-13.5,-10.6,-11.2,-7.8,-12.0,-12.1,-10.8,-4.4,-7.7,-7.1,-6.0,-1.1,-3.5,-9.7,1.0,2.5,6.1,8.7,8.1,9.1,12.8,12.4,10.3,8.5,6.2,10.7,11.9,9.7,10.3,11.9,11.7,9.2,10.5,5.7,6.9,2.8,-1.9,-2.5,-7.4,-8.0,-8.3,-12.5,-16.0,-13.6,-16.5,-19.5,-17.9,-20.9,-19.9,-20.9,-27.3,-30.6,-31.0,-32.3,-34.7,-38.0,-32.0,-28.1,-29.8,-29.4,-25.1,-18.4,-15.0,-14.2,-18.2,-15.8,-13.5,-12.9,-10.5,-5.4,-3.3,-2.7,-0.7,-1.6,-4.5,-6.2,-3.7,0.7,-0.7,0.3,-1.6,-2.5,-2.1,0.4,-3.6,-7.2,-10.2,-17.1,-15.6,-14.8,-13.8,-12.9,-11.5,-8.1,-9.4,-9.8,-9.2,-10.4,-13.5,-14.6,-8.0,-6.4,-6.5,-5.6,-4.0,-4.9,-7.9,-8.6,-6.3,-6.9,-2.8,-1.5,-2.3,-3.9,-2.6,-4.3,-2.7,-5.0,-3.7,-1.4,-4.0,-5.7,-2.7,-0.3,-0.6,-3.4,-8.0,-1.3,-3.8,-8.8,-7.3,-8.4,-7.4,-5.9,-5.2,-5.6,-6.0,-6.6,-13.7,-15.0,-12.9,-8.4,-8.9,-6.3,-6.2
Latvia,-21.1,-20.9,-20.9,:,:,:,:,:,:,:,:,:,:,:,:,:,-15.0,-11.5,-13.2,-13.6,-12.1,-11.0,-12.1,-12.9,-12.3,-14.1,-11.7,-13.0,-13.7,-13.8,-14.7,-11.1,-12.1,-12.6,-10.1,-11.9,-13.5,-12.6,-13.3,-11.6,-11.2,-14.3,-12.7,-17.5,-14.0,-13.3,-14.1,-13.1,-16.6,-18.9,-22.7,-19.3,-19.8,-15.6,-14.0,-12.9,-15.7,-18.4,-18.6,-17.5,-15.9,-11.9,-11.8,-14.8,-12.0,-14.4,-15.9,-13.7,-14.8,-13.8,-10.9,-10.3,-7.7,-8.8,-5.4,-7.1,-5.2,-4.9,-4.5,-5.2,1.0,-3.8,-4.0,-5.2,-5.0,-6.3,-6.2,-6.8,-7.0,-3.4,-5.3,-7.6,-8.5,-10.0,-14.3,-13.4,-18.2,-18.3,-18.6,-23.1,-23.5,-26.6,-24.9,-26.1,-30.8,-32.8,-36.4,-47.4,-52.9,-53.8,-51.4,-40.9,-38.7,-50.3,-54.9,-53.8,-51.1,-52.6,-49.2,-51.8,-40.0,-37.8,-31.9,-33.7,-29.1,-27.3,-29.3,-26.6,-27.5,-23.1,-24.0,-26.4,-23.2,-24.4,-25.3,-29.7,-26.2,-21.2,-20.9,-17.6,-17.1,-19.6,-19.6,-19.4,-17.5,-11.6,-18.1,-19.9,-19.8,-12.2,-14.3,-12.7,-12.8,-11.7,-11.5,-7.6,-8.3,-11.9,-10.1,-9.6,-10.7,-9.6,-11.9,-15.9,-13.7,-14.5,-13.9,-9.1,-9.6,-12.2,-10.4,-7.5,-8.0,-9.3,-6.1,-11.7,-13.2,-10.6,-8.3,-7.5,-9.2,-9.1,-5.1,-4.0,-5.5,-9.1,-7.0,-7.0,-11.5,-8.3,-8.9,-8.4,-8.2,-7.0,-9.5,-8.1,-8.6,-8.7,-8.7,-9.8
Lithuania,:,:,:,:,:,:,:,:,:,:,:,:,:,:,:,:,-32.2,-29.4,-24.2,-24.6,-25.7,-29.2,-27.2,-25.5,-24.5,-24.5,-24.4,-22.4,-20.4,-20.9,-21.6,-20.7,-18.5,-17.3,-16.4,-14.5,-8.5,-8.9,-9.2,-10.9,-8.1,-9.8,-10.8,-9.7,-13.0,-10.0,-12.2,-11.9,-13.3,-13.3,-10.0,-11.9,-12.4,-6.7,-6.1,-6.0,-2.6,-1.1,-2.8,-3.3,-4.2,-3.4,-5.3,-1.6,-4.3,-2.3,-3.8,-4.3,-7.9,-5.1,-1.7,-2.6,-1.7,-0.9,-1.1,0.5,0.0,0.4,0.5,-1.2,2.0,0.9,2.6,2.5,6.0,7.4,8.5,8.4,9.2,9.2,6.9,5.9,2.8,-1.4,-5.8,-4.4,-4.7,-4.5,-6.6,-11.1,-15.2,-21.5,-24.2,-27.0,-26.7,-33.5,-39.9,-50.0,-56.1,-53.5,-53.3,-53.0,-49.6,-44.5,-45.2,-48.6,-42.1,-46.4,-48.6,-47.7,-44.2,-41.2,-38.9,-38.7,-37.7,-36.6,-31.0,-25.8,-27.3,-23.5,-22.0,-21.8,-20.9,-22.8,-21.0,-18.3,-15.6,-16.0,-15.3,-17.1,-19.3,-21.1,-19.3,-25.2,-19.9,-22.2,-21.3,-21.7,-19.5,-17.2,-20.1,-19.4,-22.2,-18.9,-13.9,-13.0,-13.7,-14.5,-11.6,-12.1,-10.0,-9.3,-11.3,-8.9,-10.1,-9.3,-10.2,-5.7,-7.4,-8.7,-10.7,-11.5,-12.1,-11.5,-14.6,-21.1,-20.1,-17.0,-16.2,-14.4,-10.3,-8.5,-4.7,-5.8,-6.0,-8.3,-8.7,-8.0,-10.4,-7.5,-7.3,-5.6,-6.6,-8.5,-8.2,-8.8,-11.8,-8.1,-8.9,-9.3
,,,,,,,,,,,,,,,,,,,,,,,,,,,,,,,,,,,,,,,,,,,,,,,,,,,,,,,,,,,,,,,,,,,,,,,,,,,,,,,,,,,,,,,,,,,,,,,,,,,,,,,,,,,,,,,,,,,,,,,,,,,,,,,,,,,,,,,,,,,,,,,,,,,,,,,,,,,,,,,,,,,,,,,,,,,,,,,,,,,,,,,,,,,,,,,,,,,,,,,,
Special value:,,,,,,,,,,,,,,,,,,,,,,,,,,,,,,,,,,,,,,,,,,,,,,,,,,,,,,,,,,,,,,,,,,,,,,,,,,,,,,,,,,,,,,,,,,,,,,,,,,,,,,,,,,,,,,,,,,,,,,,,,,,,,,,,,,,,,,,,,,,,,,,,,,,,,,,,,,,,,,,,,,,,,,,,,,,,,,,,,,,,,,,,,,,,,,,,,,,,,,,,
:,not available,,,,,,,,,,,,,,,,,,,,,,,,,,,,,,,,,,,,,,,,,,,,,,,,,,,,,,,,,,,,,,,,,,,,,,,,,,,,,,,,,,,,,,,,,,,,,,,,,,,,,,,,,,,,,,,,,,,,,,,,,,,,,,,,,,,,,,,,,,,,,,,,,,,,,,,,,,,,,,,,,,,,,,,,,,,,,,,,,,,,,,,,,,,,,,,,,,,,,,,
,,,,,,,,,,,,,,,,,,,,,,,,,,,,,,,,,,,,,,,,,,,,,,,,,,,,,,,,,,,,,,,,,,,,,,,,,,,,,,,,,,,,,,,,,,,,,,,,,,,,,,,,,,,,,,,,,,,,,,,,,,,,,,,,,,,,,,,,,,,,,,,,,,,,,,,,,,,,,,,,,,,,,,,,,,,,,,,,,,,,,,,,,,,,,,,,,,,,,,,,
INDIC,Services Confidence Indicator,,,,,,,,,,,,,,,,,,,,,,,,,,,,,,,,,,,,,,,,,,,,,,,,,,,,,,,,,,,,,,,,,,,,,,,,,,,,,,,,,,,,,,,,,,,,,,,,,,,,,,,,,,,,,,,,,,,,,,,,,,,,,,,,,,,,,,,,,,,,,,,,,,,,,,,,,,,,,,,,,,,,,,,,,,,,,,,,,,,,,,,,,,,,,,,,,,,,,,,
S_ADJ,Unadjusted data (i.e. neither seasonally adjusted nor calendar adjusted data),,,,,,,,,,,,,,,,,,,,,,,,,,,,,,,,,,,,,,,,,,,,,,,,,,,,,,,,,,,,,,,,,,,,,,,,,,,,,,,,,,,,,,,,,,,,,,,,,,,,,,,,,,,,,,,,,,,,,,,,,,,,,,,,,,,,,,,,,,,,,,,,,,,,,,,,,,,,,,,,,,,,,,,,,,,,,,,,,,,,,,,,,,,,,,,,,,,,,,,
,,,,,,,,,,,,,,,,,,,,,,,,,,,,,,,,,,,,,,,,,,,,,,,,,,,,,,,,,,,,,,,,,,,,,,,,,,,,,,,,,,,,,,,,,,,,,,,,,,,,,,,,,,,,,,,,,,,,,,,,,,,,,,,,,,,,,,,,,,,,,,,,,,,,,,,,,,,,,,,,,,,,,,,,,,,,,,,,,,,,,,,,,,,,,,,,,,,,,,,,
GEO/TIME,2000M01,2000M02,2000M03,2000M04,2000M05,2000M06,2000M07,2000M08,2000M09,2000M10,2000M11,2000M12,2001M01,2001M02,2001M03,2001M04,2001M05,2001M06,2001M07,2001M08,2001M09,2001M10,2001M11,2001M12,2002M01,2002M02,2002M03,2002M04,2002M05,2002M06,2002M07,2002M08,2002M09,2002M10,2002M11,2002M12,2003M01,2003M02,2003M03,2003M04,2003M05,2003M06,2003M07,2003M08,2003M09,2003M10,2003M11,2003M12,2004M01,2004M02,2004M03,2004M04,2004M05,2004M06,2004M07,2004M08,2004M09,2004M10,2004M11,2004M12,2005M01,2005M02,2005M03,2005M04,2005M05,2005M06,2005M07,2005M08,2005M09,2005M10,2005M11,2005M12,2006M01,2006M02,2006M03,2006M04,2006M05,2006M06,2006M07,2006M08,2006M09,2006M10,2006M11,2006M12,2007M01,2007M02,2007M03,2007M04,2007M05,2007M06,2007M07,2007M08,2007M09,2007M10,2007M11,2007M12,2008M01,2008M02,2008M03,2008M04,2008M05,2008M06,2008M07,2008M08,2008M09,2008M10,2008M11,2008M12,2009M01,2009M02,2009M03,2009M04,2009M05,2009M06,2009M07,2009M08,2009M09,2009M10,2009M11,2009M12,2010M01,2010M02,2010M03,2010M04,2010M05,2010M06,2010M07,2010M08,2010M09,2010M10,2010M11,2010M12,2011M01,2011M02,2011M03,2011M04,2011M05,2011M06,2011M07,2011M08,2011M09,2011M10,2011M11,2011M12,2012M01,2012M02,2012M03,2012M04,2012M05,2012M06,2012M07,2012M08,2012M09,2012M10,2012M11,2012M12,2013M01,2013M02,2013M03,2013M04,2013M05,2013M06,2013M07,2013M08,2013M09,2013M10,2013M11,2013M12,2014M01,2014M02,2014M03,2014M04,2014M05,2014M06,2014M07,2014M08,2014M09,2014M10,2014M11,2014M12,2015M01,2015M02,2015M03,2015M04,2015M05,2015M06,2015M07,2015M08,2015M09,2015M10,2015M11,2015M12,2016M01,2016M02,2016M03,2016M04,2016M05,2016M06,2016M07,2016M08
Estonia,:,:,:,:,:,:,:,:,:,:,:,:,:,:,:,:,:,:,:,:,:,:,:,:,:,:,:,:,31.3,29.3,23.1,27.6,26.5,26.0,23.9,14.9,14.6,23.1,27.5,36.8,37.8,36.5,30.9,21.2,17.1,26.5,19.8,7.6,9.2,19.7,25.0,37.3,43.1,30.7,25.9,20.3,13.6,12.9,-4.9,-5.7,-2.7,13.5,23.3,37.4,40.1,38.7,36.4,20.9,21.2,21.9,20.7,17.0,25.9,22.7,17.2,24.3,30.4,31.5,34.2,31.4,29.2,17.8,10.0,3.8,6.3,8.5,16.2,23.1,20.3,21.9,16.1,1.8,1.3,-5.9,-18.4,-12.8,-17.3,-4.6,2.6,3.3,12.6,15.7,1.1,-4.3,-12.0,-23.7,-42.7,-59.5,-59.7,-57.1,-48.9,-40.6,-19.8,-14.0,-23.2,-17.9,-7.8,-9.3,-10.9,-14.4,-12.7,-5.6,-1.8,12.0,26.1,30.3,21.9,21.9,17.8,14.8,11.3,2.6,8.2,12.1,18.8,25.8,34.1,31.4,25.5,22.9,14.2,7.4,-0.2,-3.7,0.0,3.4,12.2,21.2,29.9,28.8,22.4,16.8,14.0,10.4,1.5,4.0,0.5,5.7,8.2,17.8,27.1,27.5,26.2,19.7,14.3,10.7,6.6,-0.2,3.2,5.4,13.9,18.8,12.1,11.4,-3.1,2.9,3.2,1.9,-3.5,-6.5,-7.6,-13.1,-12.8,-1.8,1.2,-2.4,-4.0,-1.2,-0.3,1.3,-4.9,-8.9,-5.2,-9.0,-3.1,7.3,12.3,14.2,10.2,4.9
Latvia,:,:,:,:,:,:,:,:,:,:,:,:,:,:,:,:,:,:,:,:,:,:,:,:,:,11.5,7.5,14.2,15.2,14.9,13.5,11.2,10.5,9.2,3.9,2.9,8.9,12.2,13.2,18.2,17.6,19.9,18.0,15.3,10.1,11.4,6.0,3.0,14.1,11.0,13.3,15.6,22.1,18.5,16.3,15.2,14.6,8.4,9.5,9.8,12.1,11.2,13.1,17.5,16.0,19.5,19.9,15.8,11.3,11.6,6.7,6.9,14.9,13.3,15.5,18.5,18.8,21.6,21.7,19.6,18.0,16.7,13.9,13.7,19.9,17.1,18.9,21.2,22.2,22.7,21.6,19.3,16.2,14.4,11.9,6.5,9.1,7.9,7.2,6.5,4.3,0.5,-1.9,-3.6,-5.5,-10.3,-19.5,-31.4,-39.0,-43.4,-44.9,-40.1,-36.5,-33.3,-33.3,-34.5,-33.1,-31.3,-35.8,-31.7,-32.0,-25.7,-20.0,-7.0,-6.7,-2.7,1.2,1.8,2.3,1.1,-1.1,-0.7,-1.4,-1.1,0.1,2.6,8.1,9.4,8.0,7.7,8.7,4.0,2.5,0.0,5.7,1.9,0.0,6.7,6.6,10.9,12.8,10.3,8.4,5.8,3.6,0.1,5.4,5.1,5.0,6.2,7.8,7.9,9.3,7.2,7.0,5.3,3.9,-0.7,5.0,4.7,0.1,4.4,4.3,6.1,7.4,3.8,1.0,1.9,1.4,-2.5,0.9,0.2,1.0,4.6,4.7,4.0,3.9,4.9,1.8,1.0,-1.8,-4.5,2.9,1.8,3.3,7.3,9.6,10.0,10.9,6.1
Lithuania,:,:,:,:,:,:,:,:,:,:,:,:,:,:,:,:,:,:,:,:,:,:,:,:,:,:,:,:,19.0,11.3,10.7,10.2,20.9,15.5,18.0,17.8,17.0,22.5,38.3,40.4,21.9,20.1,6.7,9.6,9.9,21.8,10.6,4.9,14.5,8.9,18.8,30.3,22.9,14.9,14.2,14.5,23.4,19.7,4.9,15.6,13.5,7.7,19.7,23.6,20.9,16.0,19.8,11.6,25.7,32.0,28.8,20.5,28.9,22.6,21.8,21.7,17.3,22.9,32.6,19.3,21.3,21.4,15.9,20.0,16.7,27.0,24.3,25.8,24.6,21.1,22.7,17.7,25.1,10.4,16.3,9.2,12.6,17.1,14.8,16.6,13.9,4.1,-1.2,-2.3,-1.1,-4.4,-12.1,-40.6,-40.2,-44.2,-47.0,-40.3,-39.4,-35.9,-34.3,-32.5,-20.9,-22.9,-19.5,-25.1,-13.9,-20.2,-15.7,-5.6,-0.5,2.8,-0.3,0.9,10.6,8.8,11.5,13.7,11.8,9.6,11.7,10.0,15.9,16.8,14.4,16.7,12.7,13.1,10.9,2.1,2.8,-0.7,3.8,7.7,6.3,4.8,6.4,5.7,11.6,11.5,10.6,0.4,2.8,1.0,1.3,5.8,-0.1,1.5,0.0,2.5,0.3,-1.8,-1.6,-7.1,-2.1,-1.3,0.1,3.8,-0.6,-0.6,-7.5,-2.7,-6.7,4.2,13.5,-9.3,-10.0,-3.2,-5.8,-2.7,-1.9,4.6,13.5,11.0,6.1,3.6,5.2,0.7,5.8,2.4,9.7,13.7,11.5,10.8,9.0,11.9
,,,,,,,,,,,,,,,,,,,,,,,,,,,,,,,,,,,,,,,,,,,,,,,,,,,,,,,,,,,,,,,,,,,,,,,,,,,,,,,,,,,,,,,,,,,,,,,,,,,,,,,,,,,,,,,,,,,,,,,,,,,,,,,,,,,,,,,,,,,,,,,,,,,,,,,,,,,,,,,,,,,,,,,,,,,,,,,,,,,,,,,,,,,,,,,,,,,,,,,,
Special value:,,,,,,,,,,,,,,,,,,,,,,,,,,,,,,,,,,,,,,,,,,,,,,,,,,,,,,,,,,,,,,,,,,,,,,,,,,,,,,,,,,,,,,,,,,,,,,,,,,,,,,,,,,,,,,,,,,,,,,,,,,,,,,,,,,,,,,,,,,,,,,,,,,,,,,,,,,,,,,,,,,,,,,,,,,,,,,,,,,,,,,,,,,,,,,,,,,,,,,,,
:,not available,,,,,,,,,,,,,,,,,,,,,,,,,,,,,,,,,,,,,,,,,,,,,,,,,,,,,,,,,,,,,,,,,,,,,,,,,,,,,,,,,,,,,,,,,,,,,,,,,,,,,,,,,,,,,,,,,,,,,,,,,,,,,,,,,,,,,,,,,,,,,,,,,,,,,,,,,,,,,,,,,,,,,,,,,,,,,,,,,,,,,,,,,,,,,,,,,,,,,,,
,,,,,,,,,,,,,,,,,,,,,,,,,,,,,,,,,,,,,,,,,,,,,,,,,,,,,,,,,,,,,,,,,,,,,,,,,,,,,,,,,,,,,,,,,,,,,,,,,,,,,,,,,,,,,,,,,,,,,,,,,,,,,,,,,,,,,,,,,,,,,,,,,,,,,,,,,,,,,,,,,,,,,,,,,,,,,,,,,,,,,,,,,,,,,,,,,,,,,,,,
INDIC,Services Confidence Indicator,,,,,,,,,,,,,,,,,,,,,,,,,,,,,,,,,,,,,,,,,,,,,,,,,,,,,,,,,,,,,,,,,,,,,,,,,,,,,,,,,,,,,,,,,,,,,,,,,,,,,,,,,,,,,,,,,,,,,,,,,,,,,,,,,,,,,,,,,,,,,,,,,,,,,,,,,,,,,,,,,,,,,,,,,,,,,,,,,,,,,,,,,,,,,,,,,,,,,,,
S_ADJ,"Seasonally adjusted data, not calendar adjusted data",,,,,,,,,,,,,,,,,,,,,,,,,,,,,,,,,,,,,,,,,,,,,,,,,,,,,,,,,,,,,,,,,,,,,,,,,,,,,,,,,,,,,,,,,,,,,,,,,,,,,,,,,,,,,,,,,,,,,,,,,,,,,,,,,,,,,,,,,,,,,,,,,,,,,,,,,,,,,,,,,,,,,,,,,,,,,,,,,,,,,,,,,,,,,,,,,,,,,,,
,,,,,,,,,,,,,,,,,,,,,,,,,,,,,,,,,,,,,,,,,,,,,,,,,,,,,,,,,,,,,,,,,,,,,,,,,,,,,,,,,,,,,,,,,,,,,,,,,,,,,,,,,,,,,,,,,,,,,,,,,,,,,,,,,,,,,,,,,,,,,,,,,,,,,,,,,,,,,,,,,,,,,,,,,,,,,,,,,,,,,,,,,,,,,,,,,,,,,,,,
GEO/TIME,2000M01,2000M02,2000M03,2000M04,2000M05,2000M06,2000M07,2000M08,2000M09,2000M10,2000M11,2000M12,2001M01,2001M02,2001M03,2001M04,2001M05,2001M06,2001M07,2001M08,2001M09,2001M10,2001M11,2001M12,2002M01,2002M02,2002M03,2002M04,2002M05,2002M06,2002M07,2002M08,2002M09,2002M10,2002M11,2002M12,2003M01,2003M02,2003M03,2003M04,2003M05,2003M06,2003M07,2003M08,2003M09,2003M10,2003M11,2003M12,2004M01,2004M02,2004M03,2004M04,2004M05,2004M06,2004M07,2004M08,2004M09,2004M10,2004M11,2004M12,2005M01,2005M02,2005M03,2005M04,2005M05,2005M06,2005M07,2005M08,2005M09,2005M10,2005M11,2005M12,2006M01,2006M02,2006M03,2006M04,2006M05,2006M06,2006M07,2006M08,2006M09,2006M10,2006M11,2006M12,2007M01,2007M02,2007M03,2007M04,2007M05,2007M06,2007M07,2007M08,2007M09,2007M10,2007M11,2007M12,2008M01,2008M02,2008M03,2008M04,2008M05,2008M06,2008M07,2008M08,2008M09,2008M10,2008M11,2008M12,2009M01,2009M02,2009M03,2009M04,2009M05,2009M06,2009M07,2009M08,2009M09,2009M10,2009M11,2009M12,2010M01,2010M02,2010M03,2010M04,2010M05,2010M06,2010M07,2010M08,2010M09,2010M10,2010M11,2010M12,2011M01,2011M02,2011M03,2011M04,2011M05,2011M06,2011M07,2011M08,2011M09,2011M10,2011M11,2011M12,2012M01,2012M02,2012M03,2012M04,2012M05,2012M06,2012M07,2012M08,2012M09,2012M10,2012M11,2012M12,2013M01,2013M02,2013M03,2013M04,2013M05,2013M06,2013M07,2013M08,2013M09,2013M10,2013M11,2013M12,2014M01,2014M02,2014M03,2014M04,2014M05,2014M06,2014M07,2014M08,2014M09,2014M10,2014M11,2014M12,2015M01,2015M02,2015M03,2015M04,2015M05,2015M06,2015M07,2015M08,2015M09,2015M10,2015M11,2015M12,2016M01,2016M02,2016M03,2016M04,2016M05,2016M06,2016M07,2016M08
Estonia,:,:,:,:,:,:,:,:,:,:,:,:,:,:,:,:,:,:,:,:,:,:,:,:,:,:,:,:,17.9,18.9,17.0,27.0,28.9,27.1,32.4,29.9,26.8,26.8,26.7,25.2,24.2,26.0,24.7,20.7,19.7,27.5,28.3,22.7,21.6,23.4,24.1,25.5,29.1,20.3,20.2,19.7,16.5,14.0,4.2,10.1,10.6,17.2,21.8,24.7,25.4,27.6,30.2,21.4,24.9,23.8,29.9,32.7,38.3,27.2,17.5,13.8,17.2,21.0,26.8,31.1,31.9,20.8,20.2,19.6,18.3,13.4,16.2,12.7,7.1,10.4,6.9,0.9,2.1,-3.1,-7.3,0.7,-6.5,-1.3,0.7,-7.2,-2.5,1.0,-9.3,-6.1,-11.1,-18.0,-27.4,-41.2,-45.2,-50.3,-49.2,-49.7,-37.5,-33.9,-37.6,-26.8,-16.2,-10.6,-1.9,0.1,1.3,3.1,1.5,7.9,13.0,14.7,14.4,19.0,16.2,19.9,25.4,23.0,27.3,25.6,25.8,24.8,22.1,16.8,18.6,18.5,11.2,9.9,9.9,12.7,15.2,13.4,15.0,15.7,13.0,10.1,12.3,9.9,9.4,10.9,10.0,17.7,13.5,14.1,11.4,12.3,10.9,10.8,16.8,13.6,12.0,13.1,16.0,13.9,15.8,14.4,17.2,14.1,0.4,-0.7,-8.7,-1.6,2.1,4.3,4.9,5.6,3.2,-4.6,-10.1,-8.3,-10.6,-14.0,-10.3,-7.1,-3.7,0.4,0.5,0.0,2.7,-1.0,0.0,1.7,3.2,5.4,6.7,2.0
Latvia,:,:,:,:,:,:,:,:,:,:,:,:,:,:,:,:,:,:,:,:,:,:,:,:,:,12.4,8.0,10.2,9.7,9.4,9.6,9.7,11.6,12.1,10.3,10.5,9.9,13.1,13.6,14.3,12.2,14.4,14.0,13.8,11.2,14.3,12.5,10.5,15.1,11.9,13.7,11.7,16.5,13.0,12.4,13.7,15.6,11.3,16.0,17.4,13.2,12.1,13.5,13.6,10.8,13.9,15.7,14.2,12.6,14.4,13.2,14.4,15.8,14.6,15.6,14.7,13.9,15.8,17.0,17.6,19.0,19.4,20.1,20.9,20.7,19.4,19.6,18.6,18.4,17.9,17.6,17.9,17.5,17.5,17.7,13.7,10.5,10.6,8.1,4.5,1.6,-3.4,-5.7,-5.7,-5.6,-8.9,-14.7,-24.0,-36.0,-39.8,-43.9,-43.3,-41.7,-40.4,-40.7,-40.8,-38.4,-35.4,-35.8,-29.1,-30.9,-24.2,-20.0,-11.1,-10.8,-7.6,-3.2,-0.8,1.1,1.5,4.2,7.5,7.3,7.6,7.2,4.5,8.1,8.1,6.5,6.9,8.0,4.6,6.2,5.8,11.8,8.4,5.1,6.0,3.9,5.9,7.4,6.1,4.5,4.0,5.2,4.0,8.7,9.2,8.9,4.8,4.9,3.0,3.5,2.9,3.0,3.7,5.2,3.5,6.8,7.7,4.1,4.0,2.5,2.3,2.8,1.2,-0.8,2.0,3.5,2.7,2.1,2.5,4.5,4.2,3.4,1.2,0.0,2.4,0.8,1.5,0.3,0.8,3.1,3.0,5.3,5.9,7.3,7.0,7.2,4.6
Lithuania,:,:,:,:,:,:,:,:,:,:,:,:,:,:,:,:,:,:,:,:,:,:,:,:,:,:,:,:,16.0,13.3,15.8,16.3,19.8,12.6,22.2,21.7,18.2,25.6,31.4,28.7,19.1,22.1,11.8,15.7,8.7,18.9,14.9,8.8,15.7,11.7,12.0,19.0,20.2,17.0,18.6,20.7,21.9,16.8,9.1,19.3,14.9,10.7,13.3,12.5,18.2,17.7,23.7,17.9,24.3,28.8,32.6,24.9,30.3,26.3,16.8,12.2,15.5,24.1,34.3,25.5,20.5,18.1,19.9,24.0,17.9,29.5,21.1,18.4,22.6,21.7,21.9,22.5,22.7,8.9,19.4,13.1,13.8,18.1,13.0,11.3,12.3,5.6,-1.7,2.3,-3.1,-5.1,-9.2,-32.4,-36.1,-42.2,-47.2,-45.4,-43.8,-39.5,-40.8,-35.2,-30.7,-29.4,-24.2,-21.5,-13.6,-19.6,-14.9,-9.0,-3.3,1.6,-1.2,2.9,5.8,8.8,12.1,23.0,18.7,17.5,19.2,12.9,17.0,18.2,16.5,18.9,9.3,12.2,8.5,8.3,6.2,4.9,8.0,7.6,4.0,2.4,4.9,3.4,4.1,6.1,5.4,3.9,3.8,5.3,4.1,4.6,-1.9,-0.9,-1.1,0.5,-5.1,-6.2,-5.9,-3.9,-1.3,2.3,2.0,2.6,-0.7,-1.5,-6.3,-3.7,-8.5,0.8,8.9,-3.9,-6.8,0.2,-3.5,-4.0,-1.7,3.2,12.7,9.4,5.6,1.7,1.0,6.4,9.1,5.7,11.3,12.0,12.3,10.2,8.7,9.9
,,,,,,,,,,,,,,,,,,,,,,,,,,,,,,,,,,,,,,,,,,,,,,,,,,,,,,,,,,,,,,,,,,,,,,,,,,,,,,,,,,,,,,,,,,,,,,,,,,,,,,,,,,,,,,,,,,,,,,,,,,,,,,,,,,,,,,,,,,,,,,,,,,,,,,,,,,,,,,,,,,,,,,,,,,,,,,,,,,,,,,,,,,,,,,,,,,,,,,,,
Special value:,,,,,,,,,,,,,,,,,,,,,,,,,,,,,,,,,,,,,,,,,,,,,,,,,,,,,,,,,,,,,,,,,,,,,,,,,,,,,,,,,,,,,,,,,,,,,,,,,,,,,,,,,,,,,,,,,,,,,,,,,,,,,,,,,,,,,,,,,,,,,,,,,,,,,,,,,,,,,,,,,,,,,,,,,,,,,,,,,,,,,,,,,,,,,,,,,,,,,,,,
:,not available,,,,,,,,,,,,,,,,,,,,,,,,,,,,,,,,,,,,,,,,,,,,,,,,,,,,,,,,,,,,,,,,,,,,,,,,,,,,,,,,,,,,,,,,,,,,,,,,,,,,,,,,,,,,,,,,,,,,,,,,,,,,,,,,,,,,,,,,,,,,,,,,,,,,,,,,,,,,,,,,,,,,,,,,,,,,,,,,,,,,,,,,,,,,,,,,,,,,,,,
