Retail sale - monthly data [ei_bsrt_m_r2],,,,,,,,,,,,,,,,,,,,,,,,,,,,,,,,,,,,,,,,,,,,,,,,,,,,,,,,,,,,,,,,,,,,,,,,,,,,,,,,,,,,,,,,,,,,,,,,,,,,,,,,,,,,,,,,,,,,,,,,,,,,,,,,,,,,,,,,,,,,,,,,,,,,,,,,,,,,,,,,,,,,,,,,,,,,,,,,,,,,,,,,,,,,,,,,,,,,,,,,
,,,,,,,,,,,,,,,,,,,,,,,,,,,,,,,,,,,,,,,,,,,,,,,,,,,,,,,,,,,,,,,,,,,,,,,,,,,,,,,,,,,,,,,,,,,,,,,,,,,,,,,,,,,,,,,,,,,,,,,,,,,,,,,,,,,,,,,,,,,,,,,,,,,,,,,,,,,,,,,,,,,,,,,,,,,,,,,,,,,,,,,,,,,,,,,,,,,,,,,,
Last update,30.08.16,,,,,,,,,,,,,,,,,,,,,,,,,,,,,,,,,,,,,,,,,,,,,,,,,,,,,,,,,,,,,,,,,,,,,,,,,,,,,,,,,,,,,,,,,,,,,,,,,,,,,,,,,,,,,,,,,,,,,,,,,,,,,,,,,,,,,,,,,,,,,,,,,,,,,,,,,,,,,,,,,,,,,,,,,,,,,,,,,,,,,,,,,,,,,,,,,,,,,,,
Extracted on,26.09.16,,,,,,,,,,,,,,,,,,,,,,,,,,,,,,,,,,,,,,,,,,,,,,,,,,,,,,,,,,,,,,,,,,,,,,,,,,,,,,,,,,,,,,,,,,,,,,,,,,,,,,,,,,,,,,,,,,,,,,,,,,,,,,,,,,,,,,,,,,,,,,,,,,,,,,,,,,,,,,,,,,,,,,,,,,,,,,,,,,,,,,,,,,,,,,,,,,,,,,,
Source of data,European Commission - Directorate general for economic and financial affairs (DG ECFIN),,,,,,,,,,,,,,,,,,,,,,,,,,,,,,,,,,,,,,,,,,,,,,,,,,,,,,,,,,,,,,,,,,,,,,,,,,,,,,,,,,,,,,,,,,,,,,,,,,,,,,,,,,,,,,,,,,,,,,,,,,,,,,,,,,,,,,,,,,,,,,,,,,,,,,,,,,,,,,,,,,,,,,,,,,,,,,,,,,,,,,,,,,,,,,,,,,,,,,,
,,,,,,,,,,,,,,,,,,,,,,,,,,,,,,,,,,,,,,,,,,,,,,,,,,,,,,,,,,,,,,,,,,,,,,,,,,,,,,,,,,,,,,,,,,,,,,,,,,,,,,,,,,,,,,,,,,,,,,,,,,,,,,,,,,,,,,,,,,,,,,,,,,,,,,,,,,,,,,,,,,,,,,,,,,,,,,,,,,,,,,,,,,,,,,,,,,,,,,,,
INDIC,Business activity (sales) development over the past 3 months,,,,,,,,,,,,,,,,,,,,,,,,,,,,,,,,,,,,,,,,,,,,,,,,,,,,,,,,,,,,,,,,,,,,,,,,,,,,,,,,,,,,,,,,,,,,,,,,,,,,,,,,,,,,,,,,,,,,,,,,,,,,,,,,,,,,,,,,,,,,,,,,,,,,,,,,,,,,,,,,,,,,,,,,,,,,,,,,,,,,,,,,,,,,,,,,,,,,,,,
S_ADJ,Unadjusted data (i.e. neither seasonally adjusted nor calendar adjusted data),,,,,,,,,,,,,,,,,,,,,,,,,,,,,,,,,,,,,,,,,,,,,,,,,,,,,,,,,,,,,,,,,,,,,,,,,,,,,,,,,,,,,,,,,,,,,,,,,,,,,,,,,,,,,,,,,,,,,,,,,,,,,,,,,,,,,,,,,,,,,,,,,,,,,,,,,,,,,,,,,,,,,,,,,,,,,,,,,,,,,,,,,,,,,,,,,,,,,,,
UNIT,Balance,,,,,,,,,,,,,,,,,,,,,,,,,,,,,,,,,,,,,,,,,,,,,,,,,,,,,,,,,,,,,,,,,,,,,,,,,,,,,,,,,,,,,,,,,,,,,,,,,,,,,,,,,,,,,,,,,,,,,,,,,,,,,,,,,,,,,,,,,,,,,,,,,,,,,,,,,,,,,,,,,,,,,,,,,,,,,,,,,,,,,,,,,,,,,,,,,,,,,,,
,,,,,,,,,,,,,,,,,,,,,,,,,,,,,,,,,,,,,,,,,,,,,,,,,,,,,,,,,,,,,,,,,,,,,,,,,,,,,,,,,,,,,,,,,,,,,,,,,,,,,,,,,,,,,,,,,,,,,,,,,,,,,,,,,,,,,,,,,,,,,,,,,,,,,,,,,,,,,,,,,,,,,,,,,,,,,,,,,,,,,,,,,,,,,,,,,,,,,,,,
GEO/TIME,2000M01,2000M02,2000M03,2000M04,2000M05,2000M06,2000M07,2000M08,2000M09,2000M10,2000M11,2000M12,2001M01,2001M02,2001M03,2001M04,2001M05,2001M06,2001M07,2001M08,2001M09,2001M10,2001M11,2001M12,2002M01,2002M02,2002M03,2002M04,2002M05,2002M06,2002M07,2002M08,2002M09,2002M10,2002M11,2002M12,2003M01,2003M02,2003M03,2003M04,2003M05,2003M06,2003M07,2003M08,2003M09,2003M10,2003M11,2003M12,2004M01,2004M02,2004M03,2004M04,2004M05,2004M06,2004M07,2004M08,2004M09,2004M10,2004M11,2004M12,2005M01,2005M02,2005M03,2005M04,2005M05,2005M06,2005M07,2005M08,2005M09,2005M10,2005M11,2005M12,2006M01,2006M02,2006M03,2006M04,2006M05,2006M06,2006M07,2006M08,2006M09,2006M10,2006M11,2006M12,2007M01,2007M02,2007M03,2007M04,2007M05,2007M06,2007M07,2007M08,2007M09,2007M10,2007M11,2007M12,2008M01,2008M02,2008M03,2008M04,2008M05,2008M06,2008M07,2008M08,2008M09,2008M10,2008M11,2008M12,2009M01,2009M02,2009M03,2009M04,2009M05,2009M06,2009M07,2009M08,2009M09,2009M10,2009M11,2009M12,2010M01,2010M02,2010M03,2010M04,2010M05,2010M06,2010M07,2010M08,2010M09,2010M10,2010M11,2010M12,2011M01,2011M02,2011M03,2011M04,2011M05,2011M06,2011M07,2011M08,2011M09,2011M10,2011M11,2011M12,2012M01,2012M02,2012M03,2012M04,2012M05,2012M06,2012M07,2012M08,2012M09,2012M10,2012M11,2012M12,2013M01,2013M02,2013M03,2013M04,2013M05,2013M06,2013M07,2013M08,2013M09,2013M10,2013M11,2013M12,2014M01,2014M02,2014M03,2014M04,2014M05,2014M06,2014M07,2014M08,2014M09,2014M10,2014M11,2014M12,2015M01,2015M02,2015M03,2015M04,2015M05,2015M06,2015M07,2015M08,2015M09,2015M10,2015M11,2015M12,2016M01,2016M02,2016M03,2016M04,2016M05,2016M06,2016M07,2016M08
Estonia,-8.0,-8.0,-8.0,-27.0,-27.0,-27.0,1.8,1.8,1.8,19.0,19.0,19.0,2.6,2.6,2.6,-9.8,-9.8,-9.8,-7.0,-4.1,-1.4,1.4,4.2,7.0,9.8,12.4,15.2,18.0,20.8,37.2,34.9,32.3,30.3,25.9,21.5,16.8,6.5,3.6,0.0,-4.2,26.0,32.4,49.6,52.5,54.3,40.0,42.1,30.2,45.5,42.9,27.0,44.4,72.1,62.6,55.0,55.0,45.7,42.9,33.3,33.3,56.1,22.3,13.2,28.0,44.1,55.4,70.7,54.2,59.5,50.8,45.9,44.2,62.9,45.7,22.7,42.3,67.2,75.2,75.8,75.2,72.7,71.4,59.6,57.8,67.9,53.1,35.9,58.5,67.4,67.7,65.4,53.2,56.6,36.3,40.0,38.6,38.6,7.8,-1.5,-11.8,16.3,22.1,10.4,11.1,-7.1,-24.4,-36.3,-55.6,-43.7,-63.4,-72.6,-71.9,-42.2,-42.7,-25.9,-16.7,-22.3,-43.2,-46.5,-49.2,-23.7,-38.9,-51.5,-24.0,-1.5,7.4,28.5,35.4,33.6,22.3,31.3,30.5,53.4,21.5,0.0,29.2,49.2,59.2,68.8,58.9,55.2,43.7,30.5,21.5,47.6,29.2,24.4,44.4,49.6,43.2,58.9,52.3,49.2,31.8,20.3,20.0,40.8,17.1,-6.2,1.5,17.8,43.9,42.2,48.5,40.0,17.2,6.9,17.7,32.1,14.6,10.0,23.4,38.2,45.0,43.3,45.4,31.0,25.4,26.2,16.7,23.0,7.1,0.8,12.5,20.2,23.6,38.3,39.2,24.6,20.8,6.2,14.6,36.9,25.6,11.2,23.6,33.9,41.9,43.3,40.7
Latvia,3.6,3.6,3.6,-5.4,-5.4,-5.4,4.6,4.6,4.6,4.6,4.6,4.6,5.6,5.6,5.6,-4.4,-4.4,-4.4,-3.4,-3.4,-3.4,-2.4,-2.4,-2.4,-1.4,-1.4,-1.4,6.6,13.6,12.6,16.6,16.6,21.6,13.6,14.6,12.6,16.6,10.6,7.6,12.6,20.6,29.6,34.6,26.6,22.6,21.6,7.6,7.6,19.6,3.6,0.6,17.6,27.6,28.6,29.6,28.6,22.5,19.5,15.4,13.3,18.9,14.0,-0.4,11.3,23.5,35.7,35.2,31.6,31.2,22.8,21.9,19.0,33.7,19.3,11.0,23.7,28.4,34.2,34.7,31.0,33.2,27.1,25.6,28.3,35.4,26.3,20.9,29.9,33.9,35.4,37.1,22.5,28.3,17.4,15.2,9.4,13.6,-1.6,-11.3,-9.9,2.7,2.0,-2.7,-5.7,-13.7,-25.8,-36.9,-55.0,-52.0,-68.9,-64.4,-51.5,-39.0,-32.3,-30.5,-32.4,-32.9,-32.2,-31.4,-35.2,-36.8,-45.4,-38.4,-5.6,8.5,19.7,15.4,22.8,15.2,6.4,4.6,-11.4,-1.7,-16.5,-17.3,2.4,15.8,23.0,23.6,23.8,13.8,7.4,-1.9,-1.9,10.3,-7.5,-11.4,4.7,13.8,30.1,22.5,23.9,27.5,6.0,0.6,-2.5,14.7,-11.0,-9.6,-0.9,14.9,24.7,20.2,23.4,17.5,9.4,8.6,2.5,8.0,-0.9,-3.6,11.3,24.9,24.9,23.8,25.7,16.0,12.0,5.0,-0.9,3.8,-15.0,-12.6,-1.6,10.0,16.9,19.3,21.4,15.2,3.4,7.0,-4.6,5.3,-9.0,-4.4,8.4,22.9,26.5,23.0,19.7
Lithuania,-34.0,-34.0,-34.0,-30.0,-30.0,-30.0,-25.0,-25.0,-25.0,-27.0,-27.0,-27.0,-28.0,-28.0,-28.0,-25.0,-25.0,-25.0,-29.0,-29.0,-29.0,-14.0,-14.0,-14.0,-16.0,-16.0,-16.0,-5.0,-1.7,7.5,6.1,5.7,7.1,3.7,-1.4,1.5,4.4,6.8,1.7,3.6,4.5,9.8,9.0,7.2,5.4,2.6,0.8,-0.2,5.1,11.5,40.3,39.2,38.7,49.9,9.8,5.7,12.1,12.1,9.9,11.7,4.3,11.3,-4.9,2.4,14.9,16.2,16.2,16.1,19.6,17.8,9.4,6.0,9.0,7.0,0.8,-2.5,-0.9,44.5,47.3,52.6,55.1,48.9,53.9,46.4,71.0,65.0,39.2,61.2,61.1,60.8,63.0,23.2,33.5,62.7,67.5,34.3,42.1,35.4,16.9,16.0,22.2,13.7,24.5,20.0,17.0,-16.4,-28.3,-41.5,-45.6,-53.9,-61.5,-52.3,-30.6,-32.6,-17.1,-21.7,-50.3,-46.8,-45.8,-53.0,-48.8,-47.9,-48.0,-27.2,-21.1,-0.8,15.5,18.7,21.6,30.1,17.8,22.5,-16.7,0.2,-7.4,2.1,27.0,34.7,27.4,26.7,19.7,10.3,-21.4,-22.0,-20.6,-16.6,-18.1,-14.0,-21.3,8.5,-3.3,0.9,2.9,-10.6,-22.2,-12.6,-6.0,-23.6,-22.5,11.7,1.6,6.0,9.7,32.9,14.4,12.1,4.3,-18.8,-4.9,-13.6,-9.3,3.3,10.6,9.0,-0.4,23.6,21.3,6.6,8.1,-5.2,-2.3,-8.5,-21.3,-20.3,3.1,9.6,13.8,23.1,15.3,11.3,18.3,35.2,33.9,24.1,21.7,32.7,35.7,31.9,17.9,16.0
,,,,,,,,,,,,,,,,,,,,,,,,,,,,,,,,,,,,,,,,,,,,,,,,,,,,,,,,,,,,,,,,,,,,,,,,,,,,,,,,,,,,,,,,,,,,,,,,,,,,,,,,,,,,,,,,,,,,,,,,,,,,,,,,,,,,,,,,,,,,,,,,,,,,,,,,,,,,,,,,,,,,,,,,,,,,,,,,,,,,,,,,,,,,,,,,,,,,,,,,
Special value:,,,,,,,,,,,,,,,,,,,,,,,,,,,,,,,,,,,,,,,,,,,,,,,,,,,,,,,,,,,,,,,,,,,,,,,,,,,,,,,,,,,,,,,,,,,,,,,,,,,,,,,,,,,,,,,,,,,,,,,,,,,,,,,,,,,,,,,,,,,,,,,,,,,,,,,,,,,,,,,,,,,,,,,,,,,,,,,,,,,,,,,,,,,,,,,,,,,,,,,,
:,not available,,,,,,,,,,,,,,,,,,,,,,,,,,,,,,,,,,,,,,,,,,,,,,,,,,,,,,,,,,,,,,,,,,,,,,,,,,,,,,,,,,,,,,,,,,,,,,,,,,,,,,,,,,,,,,,,,,,,,,,,,,,,,,,,,,,,,,,,,,,,,,,,,,,,,,,,,,,,,,,,,,,,,,,,,,,,,,,,,,,,,,,,,,,,,,,,,,,,,,,
,,,,,,,,,,,,,,,,,,,,,,,,,,,,,,,,,,,,,,,,,,,,,,,,,,,,,,,,,,,,,,,,,,,,,,,,,,,,,,,,,,,,,,,,,,,,,,,,,,,,,,,,,,,,,,,,,,,,,,,,,,,,,,,,,,,,,,,,,,,,,,,,,,,,,,,,,,,,,,,,,,,,,,,,,,,,,,,,,,,,,,,,,,,,,,,,,,,,,,,,
INDIC,Business activity (sales) development over the past 3 months,,,,,,,,,,,,,,,,,,,,,,,,,,,,,,,,,,,,,,,,,,,,,,,,,,,,,,,,,,,,,,,,,,,,,,,,,,,,,,,,,,,,,,,,,,,,,,,,,,,,,,,,,,,,,,,,,,,,,,,,,,,,,,,,,,,,,,,,,,,,,,,,,,,,,,,,,,,,,,,,,,,,,,,,,,,,,,,,,,,,,,,,,,,,,,,,,,,,,,,
S_ADJ,"Seasonally adjusted data, not calendar adjusted data",,,,,,,,,,,,,,,,,,,,,,,,,,,,,,,,,,,,,,,,,,,,,,,,,,,,,,,,,,,,,,,,,,,,,,,,,,,,,,,,,,,,,,,,,,,,,,,,,,,,,,,,,,,,,,,,,,,,,,,,,,,,,,,,,,,,,,,,,,,,,,,,,,,,,,,,,,,,,,,,,,,,,,,,,,,,,,,,,,,,,,,,,,,,,,,,,,,,,,,
UNIT,Balance,,,,,,,,,,,,,,,,,,,,,,,,,,,,,,,,,,,,,,,,,,,,,,,,,,,,,,,,,,,,,,,,,,,,,,,,,,,,,,,,,,,,,,,,,,,,,,,,,,,,,,,,,,,,,,,,,,,,,,,,,,,,,,,,,,,,,,,,,,,,,,,,,,,,,,,,,,,,,,,,,,,,,,,,,,,,,,,,,,,,,,,,,,,,,,,,,,,,,,,
,,,,,,,,,,,,,,,,,,,,,,,,,,,,,,,,,,,,,,,,,,,,,,,,,,,,,,,,,,,,,,,,,,,,,,,,,,,,,,,,,,,,,,,,,,,,,,,,,,,,,,,,,,,,,,,,,,,,,,,,,,,,,,,,,,,,,,,,,,,,,,,,,,,,,,,,,,,,,,,,,,,,,,,,,,,,,,,,,,,,,,,,,,,,,,,,,,,,,,,,
GEO/TIME,2000M01,2000M02,2000M03,2000M04,2000M05,2000M06,2000M07,2000M08,2000M09,2000M10,2000M11,2000M12,2001M01,2001M02,2001M03,2001M04,2001M05,2001M06,2001M07,2001M08,2001M09,2001M10,2001M11,2001M12,2002M01,2002M02,2002M03,2002M04,2002M05,2002M06,2002M07,2002M08,2002M09,2002M10,2002M11,2002M12,2003M01,2003M02,2003M03,2003M04,2003M05,2003M06,2003M07,2003M08,2003M09,2003M10,2003M11,2003M12,2004M01,2004M02,2004M03,2004M04,2004M05,2004M06,2004M07,2004M08,2004M09,2004M10,2004M11,2004M12,2005M01,2005M02,2005M03,2005M04,2005M05,2005M06,2005M07,2005M08,2005M09,2005M10,2005M11,2005M12,2006M01,2006M02,2006M03,2006M04,2006M05,2006M06,2006M07,2006M08,2006M09,2006M10,2006M11,2006M12,2007M01,2007M02,2007M03,2007M04,2007M05,2007M06,2007M07,2007M08,2007M09,2007M10,2007M11,2007M12,2008M01,2008M02,2008M03,2008M04,2008M05,2008M06,2008M07,2008M08,2008M09,2008M10,2008M11,2008M12,2009M01,2009M02,2009M03,2009M04,2009M05,2009M06,2009M07,2009M08,2009M09,2009M10,2009M11,2009M12,2010M01,2010M02,2010M03,2010M04,2010M05,2010M06,2010M07,2010M08,2010M09,2010M10,2010M11,2010M12,2011M01,2011M02,2011M03,2011M04,2011M05,2011M06,2011M07,2011M08,2011M09,2011M10,2011M11,2011M12,2012M01,2012M02,2012M03,2012M04,2012M05,2012M06,2012M07,2012M08,2012M09,2012M10,2012M11,2012M12,2013M01,2013M02,2013M03,2013M04,2013M05,2013M06,2013M07,2013M08,2013M09,2013M10,2013M11,2013M12,2014M01,2014M02,2014M03,2014M04,2014M05,2014M06,2014M07,2014M08,2014M09,2014M10,2014M11,2014M12,2015M01,2015M02,2015M03,2015M04,2015M05,2015M06,2015M07,2015M08,2015M09,2015M10,2015M11,2015M12,2016M01,2016M02,2016M03,2016M04,2016M05,2016M06,2016M07,2016M08
Estonia,-11.7,-10.9,-10.3,-14.5,-14.1,-13.6,-0.5,0.3,0.7,4.8,5.9,7.4,7.2,7.2,7.0,9.5,9.6,10.5,-3.5,-1.8,0.2,-10.9,-9.3,-7.9,7.5,10.4,13.6,28.7,32.5,47.6,34.8,33.4,32.8,18.9,14.6,9.8,8.8,5.6,1.8,6.6,31.2,34.7,42.4,46.5,49.6,32.9,35.9,27.0,46.3,45.4,33.5,53.8,70.6,60.5,49.5,50.5,44.0,43.9,36.8,40.4,58.4,32.4,27.8,37.9,37.4,44.3,54.8,42.6,49.8,47.5,46.5,49.1,59.0,56.1,44.6,54.5,59.1,63.8,60.7,64.8,64.6,70.8,65.5,68.2,65.2,66.4,63.8,71.6,60.9,57.5,51.6,44.7,48.3,36.1,44.3,45.5,33.0,21.8,26.1,2.7,8.5,8.8,-4.9,0.3,-16.3,-24.6,-32.5,-48.9,-51.5,-52.4,-49.7,-60.7,-55.3,-61.5,-48.0,-36.8,-38.3,-46.4,-44.9,-43.1,-31.3,-26.4,-26.4,-10.0,-10.0,-5.5,10.3,18.0,21.9,26.3,38.3,43.6,52.6,43.8,35.8,51.3,48.2,52.6,55.0,45.0,46.3,49.5,39.0,35.5,42.5,46.4,54.4,58.7,43.9,33.6,37.3,31.5,33.2,31.5,25.2,30.3,30.5,30.2,22.0,12.4,11.0,29.5,18.1,24.8,22.3,16.5,13.1,26.4,20.4,25.8,36.1,33.4,33.9,33.1,24.3,27.5,20.1,29.3,37.1,29.9,18.3,22.5,27.8,23.8,18.3,13.2,19.9,20.8,14.6,22.8,16.0,23.1,28.4,35.4,33.2,32.7,31.5,30.7,27.0,23.7
Latvia,0.9,1.2,1.3,-5.0,-4.7,-4.5,2.5,3.0,3.5,5.7,6.2,6.8,4.5,4.9,5.5,-1.1,-1.3,-1.6,-4.2,-4.2,-4.3,-2.5,-2.6,-2.6,-3.4,-3.2,-2.9,7.2,13.4,13.3,14.1,14.8,19.5,14.5,15.8,14.7,16.5,11.9,9.6,15.6,21.1,29.5,31.2,25.5,21.7,23.1,11.6,11.7,19.3,7.4,5.0,18.5,23.6,23.5,22.0,23.8,19.4,19.3,19.4,18.5,19.1,20.6,10.1,13.6,18.1,26.5,24.5,24.8,26.5,22.8,26.5,25.5,32.7,28.4,26.3,28.2,24.8,25.2,24.4,24.3,28.0,27.0,30.1,34.1,33.7,34.6,36.2,34.6,31.1,27.3,27.7,18.4,23.9,19.1,20.1,15.8,11.2,6.7,4.6,-4.3,-1.0,-7.1,-12.8,-11.2,-19.5,-24.8,-33.0,-47.9,-54.5,-60.9,-52.5,-50.6,-48.2,-46.6,-45.5,-42.8,-43.4,-35.9,-32.0,-30.0,-36.1,-33.5,-24.4,-4.7,0.0,7.1,4.7,16.1,11.4,10.4,12.0,4.6,8.9,6.2,4.8,8.1,9.1,9.7,9.6,9.7,4.9,4.8,-0.1,9.2,16.6,12.9,8.7,7.2,4.3,12.2,7.0,8.6,16.4,4.5,3.7,8.3,18.1,9.9,11.4,2.3,5.3,5.4,4.6,6.2,5.2,7.6,11.6,13.0,10.2,18.6,17.4,15.9,17.1,8.9,11.3,11.4,7.4,13.2,11.3,11.1,6.8,5.2,8.1,4.2,2.8,1.2,5.9,5.8,4.9,3.4,10.4,5.1,5.6,8.2,12.6,13.1,14.8,12.2,11.1,6.7
Lithuania,-35.4,-36.1,-37.0,-28.9,-28.7,-28.4,-31.3,-30.9,-30.3,-26.4,-26.4,-26.1,-27.8,-28.2,-29.3,-23.4,-23.0,-22.6,-32.6,-32.8,-33.3,-14.0,-13.5,-13.0,-14.5,-14.3,-14.1,-4.9,-1.5,6.7,3.2,3.4,5.0,4.8,1.5,4.4,8.3,10.9,7.3,5.5,5.9,8.8,7.0,5.8,4.1,2.7,2.6,1.3,6.0,11.3,37.1,34.1,34.6,42.5,12.0,9.5,15.2,14.8,14.9,16.3,9.5,13.7,-4.4,-1.6,8.1,4.5,14.5,16.4,18.8,17.7,13.3,10.2,13.0,8.4,1.9,-4.0,-5.8,26.7,40.3,48.0,50.3,48.1,57.4,53.5,75.4,70.3,50.1,66.8,64.1,51.1,61.3,29.2,34.7,61.0,67.8,43.6,44.8,38.9,30.7,23.5,24.5,4.6,15.6,19.7,11.9,-20.1,-31.1,-34.5,-47.0,-53.8,-50.3,-49.3,-35.9,-46.8,-35.9,-31.1,-58.0,-54.1,-52.7,-47.4,-50.9,-46.6,-34.6,-24.2,-26.1,-11.9,-4.5,8.9,16.7,26.3,18.2,35.1,-0.6,15.5,17.4,15.9,28.6,30.2,14.0,17.6,16.1,8.9,-14.3,-10.4,-3.8,-3.4,0.9,-6.2,-25.7,-8.3,-25.1,-20.1,-11.6,-20.5,-20.0,-8.3,4.8,-12.4,-7.3,13.3,-1.5,-9.2,-7.5,11.5,1.3,4.8,11.7,-8.4,9.3,2.9,9.2,7.1,10.3,-2.1,-9.5,3.5,8.2,0.7,14.3,6.9,9.2,7.4,-2.9,-15.6,2.0,-1.6,5.5,2.3,0.7,4.6,19.3,40.0,37.7,36.9,38.4,37.6,35.8,27.7,18.3,3.4
,,,,,,,,,,,,,,,,,,,,,,,,,,,,,,,,,,,,,,,,,,,,,,,,,,,,,,,,,,,,,,,,,,,,,,,,,,,,,,,,,,,,,,,,,,,,,,,,,,,,,,,,,,,,,,,,,,,,,,,,,,,,,,,,,,,,,,,,,,,,,,,,,,,,,,,,,,,,,,,,,,,,,,,,,,,,,,,,,,,,,,,,,,,,,,,,,,,,,,,,
Special value:,,,,,,,,,,,,,,,,,,,,,,,,,,,,,,,,,,,,,,,,,,,,,,,,,,,,,,,,,,,,,,,,,,,,,,,,,,,,,,,,,,,,,,,,,,,,,,,,,,,,,,,,,,,,,,,,,,,,,,,,,,,,,,,,,,,,,,,,,,,,,,,,,,,,,,,,,,,,,,,,,,,,,,,,,,,,,,,,,,,,,,,,,,,,,,,,,,,,,,,,
:,not available,,,,,,,,,,,,,,,,,,,,,,,,,,,,,,,,,,,,,,,,,,,,,,,,,,,,,,,,,,,,,,,,,,,,,,,,,,,,,,,,,,,,,,,,,,,,,,,,,,,,,,,,,,,,,,,,,,,,,,,,,,,,,,,,,,,,,,,,,,,,,,,,,,,,,,,,,,,,,,,,,,,,,,,,,,,,,,,,,,,,,,,,,,,,,,,,,,,,,,,
,,,,,,,,,,,,,,,,,,,,,,,,,,,,,,,,,,,,,,,,,,,,,,,,,,,,,,,,,,,,,,,,,,,,,,,,,,,,,,,,,,,,,,,,,,,,,,,,,,,,,,,,,,,,,,,,,,,,,,,,,,,,,,,,,,,,,,,,,,,,,,,,,,,,,,,,,,,,,,,,,,,,,,,,,,,,,,,,,,,,,,,,,,,,,,,,,,,,,,,,
INDIC,Volume of stocks currently hold,,,,,,,,,,,,,,,,,,,,,,,,,,,,,,,,,,,,,,,,,,,,,,,,,,,,,,,,,,,,,,,,,,,,,,,,,,,,,,,,,,,,,,,,,,,,,,,,,,,,,,,,,,,,,,,,,,,,,,,,,,,,,,,,,,,,,,,,,,,,,,,,,,,,,,,,,,,,,,,,,,,,,,,,,,,,,,,,,,,,,,,,,,,,,,,,,,,,,,,
S_ADJ,Unadjusted data (i.e. neither seasonally adjusted nor calendar adjusted data),,,,,,,,,,,,,,,,,,,,,,,,,,,,,,,,,,,,,,,,,,,,,,,,,,,,,,,,,,,,,,,,,,,,,,,,,,,,,,,,,,,,,,,,,,,,,,,,,,,,,,,,,,,,,,,,,,,,,,,,,,,,,,,,,,,,,,,,,,,,,,,,,,,,,,,,,,,,,,,,,,,,,,,,,,,,,,,,,,,,,,,,,,,,,,,,,,,,,,,
UNIT,Balance,,,,,,,,,,,,,,,,,,,,,,,,,,,,,,,,,,,,,,,,,,,,,,,,,,,,,,,,,,,,,,,,,,,,,,,,,,,,,,,,,,,,,,,,,,,,,,,,,,,,,,,,,,,,,,,,,,,,,,,,,,,,,,,,,,,,,,,,,,,,,,,,,,,,,,,,,,,,,,,,,,,,,,,,,,,,,,,,,,,,,,,,,,,,,,,,,,,,,,,
,,,,,,,,,,,,,,,,,,,,,,,,,,,,,,,,,,,,,,,,,,,,,,,,,,,,,,,,,,,,,,,,,,,,,,,,,,,,,,,,,,,,,,,,,,,,,,,,,,,,,,,,,,,,,,,,,,,,,,,,,,,,,,,,,,,,,,,,,,,,,,,,,,,,,,,,,,,,,,,,,,,,,,,,,,,,,,,,,,,,,,,,,,,,,,,,,,,,,,,,
GEO/TIME,2000M01,2000M02,2000M03,2000M04,2000M05,2000M06,2000M07,2000M08,2000M09,2000M10,2000M11,2000M12,2001M01,2001M02,2001M03,2001M04,2001M05,2001M06,2001M07,2001M08,2001M09,2001M10,2001M11,2001M12,2002M01,2002M02,2002M03,2002M04,2002M05,2002M06,2002M07,2002M08,2002M09,2002M10,2002M11,2002M12,2003M01,2003M02,2003M03,2003M04,2003M05,2003M06,2003M07,2003M08,2003M09,2003M10,2003M11,2003M12,2004M01,2004M02,2004M03,2004M04,2004M05,2004M06,2004M07,2004M08,2004M09,2004M10,2004M11,2004M12,2005M01,2005M02,2005M03,2005M04,2005M05,2005M06,2005M07,2005M08,2005M09,2005M10,2005M11,2005M12,2006M01,2006M02,2006M03,2006M04,2006M05,2006M06,2006M07,2006M08,2006M09,2006M10,2006M11,2006M12,2007M01,2007M02,2007M03,2007M04,2007M05,2007M06,2007M07,2007M08,2007M09,2007M10,2007M11,2007M12,2008M01,2008M02,2008M03,2008M04,2008M05,2008M06,2008M07,2008M08,2008M09,2008M10,2008M11,2008M12,2009M01,2009M02,2009M03,2009M04,2009M05,2009M06,2009M07,2009M08,2009M09,2009M10,2009M11,2009M12,2010M01,2010M02,2010M03,2010M04,2010M05,2010M06,2010M07,2010M08,2010M09,2010M10,2010M11,2010M12,2011M01,2011M02,2011M03,2011M04,2011M05,2011M06,2011M07,2011M08,2011M09,2011M10,2011M11,2011M12,2012M01,2012M02,2012M03,2012M04,2012M05,2012M06,2012M07,2012M08,2012M09,2012M10,2012M11,2012M12,2013M01,2013M02,2013M03,2013M04,2013M05,2013M06,2013M07,2013M08,2013M09,2013M10,2013M11,2013M12,2014M01,2014M02,2014M03,2014M04,2014M05,2014M06,2014M07,2014M08,2014M09,2014M10,2014M11,2014M12,2015M01,2015M02,2015M03,2015M04,2015M05,2015M06,2015M07,2015M08,2015M09,2015M10,2015M11,2015M12,2016M01,2016M02,2016M03,2016M04,2016M05,2016M06,2016M07,2016M08
Estonia,15.8,15.8,15.8,9.6,9.6,9.6,18.3,18.3,18.3,3.4,3.4,3.4,12.1,12.1,12.1,15.6,15.6,15.6,15.5,15.4,15.4,15.3,15.2,15.1,15.1,15.0,14.9,14.8,14.8,12.4,9.8,7.0,6.3,8.7,9.0,8.4,15.2,12.2,16.1,14.7,15.8,15.2,13.6,10.6,1.4,8.9,6.8,16.7,18.7,12.8,10.1,6.9,7.4,11.4,21.4,13.3,7.9,9.1,12.4,17.1,17.3,18.7,14.0,12.2,9.6,8.3,4.1,4.6,2.5,6.9,9.7,6.9,10.6,6.3,9.2,9.2,4.6,0.8,4.2,-2.3,-6.8,3.2,2.9,11.1,11.4,14.0,11.5,7.5,5.9,6.9,6.9,6.3,-0.8,12.6,11.4,14.3,18.0,22.3,24.6,27.2,26.7,24.3,25.9,23.0,20.7,31.1,37.0,31.1,35.6,32.1,35.6,37.8,33.6,35.5,26.7,27.0,16.2,14.4,17.1,15.4,16.4,13.8,13.8,10.8,11.5,7.4,9.2,6.2,7.6,6.9,6.1,7.6,7.6,6.9,6.9,6.9,2.3,-1.5,4.0,7.3,8.0,9.4,14.8,20.0,15.1,13.3,14.6,10.3,8.7,8.8,12.9,9.4,7.7,10.0,9.4,17.7,10.0,15.4,11.7,13.1,11.7,9.2,7.0,4.6,4.7,6.6,11.4,16.2,13.0,13.2,14.6,8.1,8.1,7.8,10.2,8.5,7.8,10.1,13.9,12.7,21.6,20.3,17.9,16.7,13.5,9.5,15.0,9.4,10.9,11.6,15.8,15.4,14.8,12.8,14.4,11.0,11.3,11.2,8.1,10.2
Latvia,2.5,2.5,2.5,-4.5,-4.5,-4.5,-4.5,-4.5,-4.5,-2.5,-2.5,-2.5,1.5,1.5,1.5,-7.5,-7.5,-7.5,-4.5,-4.5,-4.5,-5.5,-5.5,-5.5,3.5,3.5,3.5,3.5,0.4,2.4,2.4,7.3,0.4,4.3,6.9,7.4,4.5,-1.1,-0.8,-3.0,-1.9,-0.4,2.6,1.5,0.0,1.4,-1.5,-1.5,0.3,-2.4,0.0,-1.8,-1.9,0.9,-1.0,1.0,-4.1,0.4,3.1,3.0,1.3,-0.9,-0.4,2.2,1.3,-1.0,0.0,0.6,3.4,0.1,4.6,4.0,6.0,1.8,4.8,5.3,2.9,2.8,1.2,1.1,0.8,2.9,3.4,4.9,4.6,5.4,3.4,2.3,3.2,2.4,1.0,3.4,3.7,2.7,3.7,7.0,7.9,4.7,4.1,4.3,3.6,5.9,2.4,3.7,5.7,3.4,5.2,5.2,2.5,2.2,2.7,2.9,5.8,3.1,1.7,-1.5,-1.5,-3.0,-4.1,-2.5,-5.7,-5.5,-9.9,-7.8,-5.1,-6.8,-6.3,-4.8,-4.6,-4.9,-7.9,-7.3,-2.6,-2.7,-5.0,-4.6,-5.9,-4.8,-3.9,-2.5,-1.7,-1.9,-1.5,-0.9,0.9,-2.8,0.1,-1.7,1.8,0.3,1.9,-2.8,0.0,-2.6,-2.0,-1.6,0.4,-0.4,1.1,1.7,-0.3,-0.4,0.7,-1.1,-0.9,-1.8,-1.7,-1.0,-1.7,-1.1,-1.0,-1.7,-1.4,0.7,0.3,-0.2,-2.1,0.0,1.5,-0.5,1.6,1.4,-0.9,-1.2,-0.6,-0.9,-1.5,-1.0,0.6,2.0,1.3,2.7,3.4,1.6,0.4,1.9,0.6,1.1,-0.1,1.4
Lithuania,-13.0,-13.0,-13.0,1.0,1.0,1.0,8.0,8.0,8.0,10.0,10.0,10.0,-11.0,-11.0,-11.0,11.0,11.0,11.0,8.0,8.0,8.0,9.0,9.0,9.0,4.0,4.0,4.0,5.0,-2.0,0.2,1.1,0.1,-0.6,-0.1,-0.6,-1.8,-1.1,2.9,2.1,7.9,8.7,0.1,9.3,4.4,-0.5,8.0,-1.1,-2.2,1.7,2.1,-0.4,0.6,8.4,2.1,1.2,1.2,-0.8,-0.4,-0.2,1.4,0.7,0.6,12.8,-0.1,0.9,-5.1,-5.6,0.2,-1.0,0.8,0.0,0.1,0.8,-0.5,-0.7,-0.7,4.6,4.7,-13.9,-13.2,-1.1,-2.3,-2.0,-0.6,0.1,13.6,1.3,-2.2,0.1,-1.8,-0.6,-1.6,-1.1,-1.8,-1.1,0.2,-0.5,4.3,3.1,1.3,5.3,5.6,5.4,5.2,4.7,8.0,6.5,16.9,54.8,51.3,47.6,50.5,17.8,16.5,19.2,20.5,14.1,12.9,11.8,9.6,8.8,8.4,7.6,6.1,6.8,6.3,5.9,6.1,6.2,6.5,5.2,5.3,12.2,6.7,6.4,5.4,6.3,6.3,6.3,6.1,7.0,7.6,6.9,8.2,12.8,9.4,9.1,8.6,9.2,9.7,12.3,12.8,9.4,13.6,9.6,14.8,18.2,15.4,13.8,13.4,12.9,13.1,12.9,9.7,9.2,9.8,5.5,1.1,1.4,1.4,0.8,0.5,0.7,3.6,4.2,4.3,4.3,3.7,4.4,4.3,2.0,3.0,6.2,7.1,6.4,1.9,2.8,0.6,2.5,2.6,1.7,2.4,1.9,2.4,2.3,2.5,4.1,2.2,3.6,2.7
,,,,,,,,,,,,,,,,,,,,,,,,,,,,,,,,,,,,,,,,,,,,,,,,,,,,,,,,,,,,,,,,,,,,,,,,,,,,,,,,,,,,,,,,,,,,,,,,,,,,,,,,,,,,,,,,,,,,,,,,,,,,,,,,,,,,,,,,,,,,,,,,,,,,,,,,,,,,,,,,,,,,,,,,,,,,,,,,,,,,,,,,,,,,,,,,,,,,,,,,
Special value:,,,,,,,,,,,,,,,,,,,,,,,,,,,,,,,,,,,,,,,,,,,,,,,,,,,,,,,,,,,,,,,,,,,,,,,,,,,,,,,,,,,,,,,,,,,,,,,,,,,,,,,,,,,,,,,,,,,,,,,,,,,,,,,,,,,,,,,,,,,,,,,,,,,,,,,,,,,,,,,,,,,,,,,,,,,,,,,,,,,,,,,,,,,,,,,,,,,,,,,,
:,not available,,,,,,,,,,,,,,,,,,,,,,,,,,,,,,,,,,,,,,,,,,,,,,,,,,,,,,,,,,,,,,,,,,,,,,,,,,,,,,,,,,,,,,,,,,,,,,,,,,,,,,,,,,,,,,,,,,,,,,,,,,,,,,,,,,,,,,,,,,,,,,,,,,,,,,,,,,,,,,,,,,,,,,,,,,,,,,,,,,,,,,,,,,,,,,,,,,,,,,,
,,,,,,,,,,,,,,,,,,,,,,,,,,,,,,,,,,,,,,,,,,,,,,,,,,,,,,,,,,,,,,,,,,,,,,,,,,,,,,,,,,,,,,,,,,,,,,,,,,,,,,,,,,,,,,,,,,,,,,,,,,,,,,,,,,,,,,,,,,,,,,,,,,,,,,,,,,,,,,,,,,,,,,,,,,,,,,,,,,,,,,,,,,,,,,,,,,,,,,,,
INDIC,Volume of stocks currently hold,,,,,,,,,,,,,,,,,,,,,,,,,,,,,,,,,,,,,,,,,,,,,,,,,,,,,,,,,,,,,,,,,,,,,,,,,,,,,,,,,,,,,,,,,,,,,,,,,,,,,,,,,,,,,,,,,,,,,,,,,,,,,,,,,,,,,,,,,,,,,,,,,,,,,,,,,,,,,,,,,,,,,,,,,,,,,,,,,,,,,,,,,,,,,,,,,,,,,,,
S_ADJ,"Seasonally adjusted data, not calendar adjusted data",,,,,,,,,,,,,,,,,,,,,,,,,,,,,,,,,,,,,,,,,,,,,,,,,,,,,,,,,,,,,,,,,,,,,,,,,,,,,,,,,,,,,,,,,,,,,,,,,,,,,,,,,,,,,,,,,,,,,,,,,,,,,,,,,,,,,,,,,,,,,,,,,,,,,,,,,,,,,,,,,,,,,,,,,,,,,,,,,,,,,,,,,,,,,,,,,,,,,,,
UNIT,Balance,,,,,,,,,,,,,,,,,,,,,,,,,,,,,,,,,,,,,,,,,,,,,,,,,,,,,,,,,,,,,,,,,,,,,,,,,,,,,,,,,,,,,,,,,,,,,,,,,,,,,,,,,,,,,,,,,,,,,,,,,,,,,,,,,,,,,,,,,,,,,,,,,,,,,,,,,,,,,,,,,,,,,,,,,,,,,,,,,,,,,,,,,,,,,,,,,,,,,,,
,,,,,,,,,,,,,,,,,,,,,,,,,,,,,,,,,,,,,,,,,,,,,,,,,,,,,,,,,,,,,,,,,,,,,,,,,,,,,,,,,,,,,,,,,,,,,,,,,,,,,,,,,,,,,,,,,,,,,,,,,,,,,,,,,,,,,,,,,,,,,,,,,,,,,,,,,,,,,,,,,,,,,,,,,,,,,,,,,,,,,,,,,,,,,,,,,,,,,,,,
GEO/TIME,2000M01,2000M02,2000M03,2000M04,2000M05,2000M06,2000M07,2000M08,2000M09,2000M10,2000M11,2000M12,2001M01,2001M02,2001M03,2001M04,2001M05,2001M06,2001M07,2001M08,2001M09,2001M10,2001M11,2001M12,2002M01,2002M02,2002M03,2002M04,2002M05,2002M06,2002M07,2002M08,2002M09,2002M10,2002M11,2002M12,2003M01,2003M02,2003M03,2003M04,2003M05,2003M06,2003M07,2003M08,2003M09,2003M10,2003M11,2003M12,2004M01,2004M02,2004M03,2004M04,2004M05,2004M06,2004M07,2004M08,2004M09,2004M10,2004M11,2004M12,2005M01,2005M02,2005M03,2005M04,2005M05,2005M06,2005M07,2005M08,2005M09,2005M10,2005M11,2005M12,2006M01,2006M02,2006M03,2006M04,2006M05,2006M06,2006M07,2006M08,2006M09,2006M10,2006M11,2006M12,2007M01,2007M02,2007M03,2007M04,2007M05,2007M06,2007M07,2007M08,2007M09,2007M10,2007M11,2007M12,2008M01,2008M02,2008M03,2008M04,2008M05,2008M06,2008M07,2008M08,2008M09,2008M10,2008M11,2008M12,2009M01,2009M02,2009M03,2009M04,2009M05,2009M06,2009M07,2009M08,2009M09,2009M10,2009M11,2009M12,2010M01,2010M02,2010M03,2010M04,2010M05,2010M06,2010M07,2010M08,2010M09,2010M10,2010M11,2010M12,2011M01,2011M02,2011M03,2011M04,2011M05,2011M06,2011M07,2011M08,2011M09,2011M10,2011M11,2011M12,2012M01,2012M02,2012M03,2012M04,2012M05,2012M06,2012M07,2012M08,2012M09,2012M10,2012M11,2012M12,2013M01,2013M02,2013M03,2013M04,2013M05,2013M06,2013M07,2013M08,2013M09,2013M10,2013M11,2013M12,2014M01,2014M02,2014M03,2014M04,2014M05,2014M06,2014M07,2014M08,2014M09,2014M10,2014M11,2014M12,2015M01,2015M02,2015M03,2015M04,2015M05,2015M06,2015M07,2015M08,2015M09,2015M10,2015M11,2015M12,2016M01,2016M02,2016M03,2016M04,2016M05,2016M06,2016M07,2016M08
Estonia,13.4,13.4,13.3,9.3,9.3,9.1,14.5,15.0,15.7,9.1,9.1,9.6,9.1,9.4,9.9,13.9,14.0,14.0,10.6,10.9,11.7,20.6,21.0,21.5,13.9,13.9,13.8,14.8,14.8,12.9,7.2,4.6,3.7,12.9,13.3,13.0,13.4,10.9,14.1,13.8,14.8,15.0,11.7,9.6,1.7,11.8,10.2,18.6,16.1,12.2,9.1,7.0,6.9,10.7,18.4,13.2,10.5,11.7,14.7,16.7,14.0,17.3,13.3,12.7,10.1,8.4,3.0,6.2,7.4,9.1,11.0,5.7,6.3,4.3,7.3,8.4,4.7,1.0,2.8,-0.1,-0.6,4.3,3.1,7.3,5.6,10.0,8.8,6.9,7.4,8.8,6.9,9.7,7.3,13.9,12.1,11.3,13.0,17.4,20.8,25.1,27.1,26.2,27.1,27.7,30.2,32.4,37.3,30.3,32.4,29.5,32.6,35.5,34.3,37.4,29.7,32.5,27.4,17.8,18.2,15.5,13.5,10.7,9.4,6.3,8.5,5.6,8.4,7.5,13.8,7.2,4.8,6.2,4.1,3.9,2.7,2.7,0.1,-2.1,3.4,8.1,12.6,10.5,13.7,18.7,13.5,13.1,13.4,9.7,9.8,11.1,14.2,11.5,12.2,12.4,9.4,15.5,9.3,14.7,10.7,12.8,13.1,12.3,8.5,6.9,7.9,8.1,10.3,11.4,11.0,11.1,12.4,7.6,9.1,10.8,11.5,10.9,10.7,11.4,12.4,7.3,17.9,16.6,15.2,16.5,15.3,13.6,16.4,13.4,14.9,14.0,15.0,11.5,11.9,9.7,11.7,10.9,12.5,14.0,9.5,13.5
Latvia,3.7,4.2,4.3,-4.6,-4.7,-4.7,-3.7,-3.6,-3.6,-3.7,-3.7,-3.6,1.0,1.3,1.6,-7.1,-7.3,-7.5,-4.7,-4.6,-4.5,-6.7,-6.6,-6.6,1.0,1.6,2.2,3.8,1.7,3.5,3.1,7.5,2.1,4.5,6.9,7.6,3.2,-1.3,-1.1,-0.9,0.5,1.3,3.1,1.3,1.7,1.4,-1.6,-1.8,-2.2,-3.3,-1.7,-0.6,-0.1,1.6,-1.1,-0.1,-2.6,-0.2,2.2,2.3,-0.9,-1.0,-1.3,3.2,3.1,0.0,0.2,-0.5,4.8,0.1,3.3,2.9,4.0,2.8,4.6,6.0,4.6,4.0,2.2,1.1,2.4,3.1,2.2,3.5,2.8,6.3,3.4,2.5,4.1,3.2,2.2,3.4,4.7,3.0,2.3,4.7,5.6,4.9,4.0,4.1,4.2,6.4,4.3,4.6,6.3,4.5,4.5,3.6,1.0,2.5,2.6,2.6,5.6,3.3,3.6,0.0,-0.7,-1.6,-4.1,-4.0,-6.6,-5.7,-9.5,-8.2,-6.7,-7.9,-6.0,-4.9,-5.4,-4.6,-7.9,-8.7,-4.1,-3.4,-4.2,-4.4,-6.7,-5.3,-3.4,-2.4,-2.2,-1.4,-0.7,-1.3,0.3,-2.3,1.5,-0.5,1.4,0.6,2.2,-1.8,-0.3,-1.7,-0.9,-1.5,-0.5,-0.2,1.8,2.2,-0.8,-0.4,0.3,-0.6,-1.4,-1.3,-0.8,-0.9,-2.6,-1.2,-1.2,-1.8,-2.1,0.1,-0.9,-0.1,-2.4,0.2,1.8,-0.2,0.6,1.4,-0.9,-0.9,-0.7,-1.0,-2.1,-0.5,0.6,2.1,1.4,2.9,2.4,1.6,0.6,2.2,1.0,1.2,0.0,2.0
Lithuania,-14.3,-15.0,-16.0,-0.8,-0.3,0.1,7.2,8.0,8.7,11.7,12.4,12.9,-5.8,-6.6,-7.4,9.4,9.8,10.2,6.3,6.4,6.6,9.2,9.5,9.7,8.8,8.7,7.2,3.0,-3.0,-1.3,-1.4,-2.1,-2.8,-1.2,-1.3,-1.9,2.3,5.9,5.6,3.6,6.1,-1.1,5.3,1.8,-2.0,5.6,-1.3,-2.0,5.8,5.9,4.6,-2.0,5.8,2.2,-0.9,0.4,-0.2,-2.0,0.1,1.8,2.9,2.0,13.1,-1.5,-1.4,-3.3,-6.2,-0.5,0.3,-0.7,0.8,0.9,1.9,0.1,-1.7,-1.7,1.3,5.6,-11.3,-11.6,-0.4,-3.8,-1.6,-0.5,-0.4,10.5,-0.9,-1.9,-3.0,-1.2,3.0,1.3,0.2,-1.6,0.1,0.7,-0.5,0.8,0.5,1.6,2.0,5.5,8.6,7.8,5.9,8.0,7.5,15.6,47.2,42.7,43.3,49.8,21.2,21.4,27.5,28.4,21.1,19.4,18.4,13.3,3.9,0.2,2.0,2.0,7.1,7.4,8.7,8.6,8.4,8.4,7.7,5.5,3.5,-2.7,-0.1,-0.2,6.2,6.9,8.0,8.2,9.9,10.7,11.4,11.4,5.8,3.2,4.7,4.8,10.7,11.8,13.6,14.0,12.7,16.3,14.3,17.3,13.5,13.7,13.0,13.7,14.5,14.8,14.1,11.5,12.0,11.4,8.8,3.3,-1.5,0.5,0.2,0.0,0.2,2.3,2.2,2.8,3.6,1.9,4.7,4.3,-0.1,2.5,5.8,7.0,6.6,2.2,2.2,0.9,3.2,2.2,3.3,3.5,1.7,2.9,2.4,2.5,3.8,2.4,2.8,2.8
,,,,,,,,,,,,,,,,,,,,,,,,,,,,,,,,,,,,,,,,,,,,,,,,,,,,,,,,,,,,,,,,,,,,,,,,,,,,,,,,,,,,,,,,,,,,,,,,,,,,,,,,,,,,,,,,,,,,,,,,,,,,,,,,,,,,,,,,,,,,,,,,,,,,,,,,,,,,,,,,,,,,,,,,,,,,,,,,,,,,,,,,,,,,,,,,,,,,,,,,
Special value:,,,,,,,,,,,,,,,,,,,,,,,,,,,,,,,,,,,,,,,,,,,,,,,,,,,,,,,,,,,,,,,,,,,,,,,,,,,,,,,,,,,,,,,,,,,,,,,,,,,,,,,,,,,,,,,,,,,,,,,,,,,,,,,,,,,,,,,,,,,,,,,,,,,,,,,,,,,,,,,,,,,,,,,,,,,,,,,,,,,,,,,,,,,,,,,,,,,,,,,,
:,not available,,,,,,,,,,,,,,,,,,,,,,,,,,,,,,,,,,,,,,,,,,,,,,,,,,,,,,,,,,,,,,,,,,,,,,,,,,,,,,,,,,,,,,,,,,,,,,,,,,,,,,,,,,,,,,,,,,,,,,,,,,,,,,,,,,,,,,,,,,,,,,,,,,,,,,,,,,,,,,,,,,,,,,,,,,,,,,,,,,,,,,,,,,,,,,,,,,,,,,,
,,,,,,,,,,,,,,,,,,,,,,,,,,,,,,,,,,,,,,,,,,,,,,,,,,,,,,,,,,,,,,,,,,,,,,,,,,,,,,,,,,,,,,,,,,,,,,,,,,,,,,,,,,,,,,,,,,,,,,,,,,,,,,,,,,,,,,,,,,,,,,,,,,,,,,,,,,,,,,,,,,,,,,,,,,,,,,,,,,,,,,,,,,,,,,,,,,,,,,,,
INDIC,Expectations of the number of orders placed with suppliers over the next 3 months,,,,,,,,,,,,,,,,,,,,,,,,,,,,,,,,,,,,,,,,,,,,,,,,,,,,,,,,,,,,,,,,,,,,,,,,,,,,,,,,,,,,,,,,,,,,,,,,,,,,,,,,,,,,,,,,,,,,,,,,,,,,,,,,,,,,,,,,,,,,,,,,,,,,,,,,,,,,,,,,,,,,,,,,,,,,,,,,,,,,,,,,,,,,,,,,,,,,,,,
S_ADJ,Unadjusted data (i.e. neither seasonally adjusted nor calendar adjusted data),,,,,,,,,,,,,,,,,,,,,,,,,,,,,,,,,,,,,,,,,,,,,,,,,,,,,,,,,,,,,,,,,,,,,,,,,,,,,,,,,,,,,,,,,,,,,,,,,,,,,,,,,,,,,,,,,,,,,,,,,,,,,,,,,,,,,,,,,,,,,,,,,,,,,,,,,,,,,,,,,,,,,,,,,,,,,,,,,,,,,,,,,,,,,,,,,,,,,,,
UNIT,Balance,,,,,,,,,,,,,,,,,,,,,,,,,,,,,,,,,,,,,,,,,,,,,,,,,,,,,,,,,,,,,,,,,,,,,,,,,,,,,,,,,,,,,,,,,,,,,,,,,,,,,,,,,,,,,,,,,,,,,,,,,,,,,,,,,,,,,,,,,,,,,,,,,,,,,,,,,,,,,,,,,,,,,,,,,,,,,,,,,,,,,,,,,,,,,,,,,,,,,,,
,,,,,,,,,,,,,,,,,,,,,,,,,,,,,,,,,,,,,,,,,,,,,,,,,,,,,,,,,,,,,,,,,,,,,,,,,,,,,,,,,,,,,,,,,,,,,,,,,,,,,,,,,,,,,,,,,,,,,,,,,,,,,,,,,,,,,,,,,,,,,,,,,,,,,,,,,,,,,,,,,,,,,,,,,,,,,,,,,,,,,,,,,,,,,,,,,,,,,,,,
GEO/TIME,2000M01,2000M02,2000M03,2000M04,2000M05,2000M06,2000M07,2000M08,2000M09,2000M10,2000M11,2000M12,2001M01,2001M02,2001M03,2001M04,2001M05,2001M06,2001M07,2001M08,2001M09,2001M10,2001M11,2001M12,2002M01,2002M02,2002M03,2002M04,2002M05,2002M06,2002M07,2002M08,2002M09,2002M10,2002M11,2002M12,2003M01,2003M02,2003M03,2003M04,2003M05,2003M06,2003M07,2003M08,2003M09,2003M10,2003M11,2003M12,2004M01,2004M02,2004M03,2004M04,2004M05,2004M06,2004M07,2004M08,2004M09,2004M10,2004M11,2004M12,2005M01,2005M02,2005M03,2005M04,2005M05,2005M06,2005M07,2005M08,2005M09,2005M10,2005M11,2005M12,2006M01,2006M02,2006M03,2006M04,2006M05,2006M06,2006M07,2006M08,2006M09,2006M10,2006M11,2006M12,2007M01,2007M02,2007M03,2007M04,2007M05,2007M06,2007M07,2007M08,2007M09,2007M10,2007M11,2007M12,2008M01,2008M02,2008M03,2008M04,2008M05,2008M06,2008M07,2008M08,2008M09,2008M10,2008M11,2008M12,2009M01,2009M02,2009M03,2009M04,2009M05,2009M06,2009M07,2009M08,2009M09,2009M10,2009M11,2009M12,2010M01,2010M02,2010M03,2010M04,2010M05,2010M06,2010M07,2010M08,2010M09,2010M10,2010M11,2010M12,2011M01,2011M02,2011M03,2011M04,2011M05,2011M06,2011M07,2011M08,2011M09,2011M10,2011M11,2011M12,2012M01,2012M02,2012M03,2012M04,2012M05,2012M06,2012M07,2012M08,2012M09,2012M10,2012M11,2012M12,2013M01,2013M02,2013M03,2013M04,2013M05,2013M06,2013M07,2013M08,2013M09,2013M10,2013M11,2013M12,2014M01,2014M02,2014M03,2014M04,2014M05,2014M06,2014M07,2014M08,2014M09,2014M10,2014M11,2014M12,2015M01,2015M02,2015M03,2015M04,2015M05,2015M06,2015M07,2015M08,2015M09,2015M10,2015M11,2015M12,2016M01,2016M02,2016M03,2016M04,2016M05,2016M06,2016M07,2016M08
Estonia,-34.2,-34.2,-34.2,27.2,27.2,27.2,24.6,24.6,24.6,13.8,13.8,13.8,-41.4,-41.4,-41.4,40.2,40.2,40.2,38.3,36.4,34.5,32.6,30.7,28.8,26.9,25.2,23.2,21.4,19.5,17.8,19.7,29.0,21.1,23.7,3.5,-16.0,7.2,21.2,24.0,19.6,24.4,16.1,14.3,9.2,13.7,11.1,0.0,-25.9,-10.5,33.6,53.6,47.2,33.1,23.6,22.7,10.9,11.8,11.4,14.0,-31.0,-23.2,36.7,55.9,50.8,33.8,32.2,30.9,18.2,9.9,13.8,17.4,-10.8,-0.8,35.9,55.7,48.1,43.5,41.4,40.8,34.6,28.0,25.4,24.4,-15.6,0.7,41.5,54.3,56.3,38.8,40.0,26.2,37.3,25.6,15.6,15.0,-22.9,-22.9,19.4,29.9,20.0,20.0,2.2,-6.7,-14.1,-17.1,-28.9,-34.8,-61.7,-59.3,-40.6,-34.3,-26.9,-18.0,-35.2,-33.6,-35.7,-37.7,-33.8,-25.0,-49.2,-40.0,-8.5,9.2,23.1,20.8,17.8,23.8,1.6,1.5,2.3,7.6,-25.2,-22.1,20.0,44.3,50.0,48.4,38.8,16.0,2.4,-1.6,-1.6,-1.6,-32.2,-23.2,15.0,43.8,41.7,40.2,32.8,14.5,-1.6,-7.8,7.8,15.6,-14.6,-15.5,24.8,48.5,49.2,38.0,36.2,13.3,2.3,-3.1,6.6,15.3,-7.0,-13.8,27.9,38.0,46.8,38.5,25.6,14.2,3.1,-5.4,6.9,12.5,-12.0,-20.6,9.5,29.2,35.9,27.4,25.6,21.1,-1.6,-4.7,7.0,11.7,-13.1,-5.7,27.4,48.0,39.4,35.2,31.2,17.3,6.0
Latvia,-1.3,-1.3,-1.3,18.7,18.7,18.7,5.7,5.7,5.7,-0.3,-0.3,-0.3,0.7,0.7,0.7,13.7,13.7,13.7,6.7,6.7,6.7,0.7,0.7,0.7,23.7,23.7,23.7,21.7,15.7,13.7,7.8,5.8,13.0,9.1,8.9,1.6,-0.9,15.3,20.0,21.0,18.2,17.3,11.5,13.5,4.6,4.1,2.4,2.4,-4.3,12.5,18.9,21.1,11.3,17.2,10.9,12.4,8.1,5.9,8.4,-3.4,2.6,13.6,24.9,23.0,22.4,20.4,24.1,16.9,14.2,13.5,15.8,-2.3,6.2,22.6,32.0,35.0,31.5,30.4,22.8,20.2,15.5,13.6,18.9,5.8,12.9,34.7,36.4,34.2,35.6,28.9,26.6,22.8,17.6,12.9,16.0,-0.2,1.5,11.5,12.2,9.8,9.6,5.6,-2.6,-6.2,-12.4,-26.0,-28.7,-56.1,-53.6,-51.8,-42.1,-29.5,-26.6,-31.6,-31.5,-32.1,-32.1,-36.6,-30.0,-38.1,-38.3,-25.3,-6.6,9.6,6.2,10.6,4.3,0.5,-10.4,-11.2,-9.6,-19.7,-11.3,-1.1,9.4,10.3,10.8,14.4,11.4,0.4,-7.8,-8.3,-6.1,-13.3,-10.1,4.6,19.0,17.2,12.2,18.5,10.2,3.2,-1.6,-1.5,-6.3,-16.5,-5.4,12.4,17.0,20.6,19.0,16.8,6.6,7.4,-1.3,-1.7,1.6,-15.2,-9.9,12.5,17.2,23.5,23.1,18.6,11.9,4.1,1.2,4.2,3.5,-17.1,-12.6,3.8,15.8,15.0,17.2,15.8,8.8,2.3,-7.4,-4.2,-2.5,-16.9,-8.3,13.3,24.8,27.1,25.5,23.8,11.8,1.2
Lithuania,-13.0,-13.0,-13.0,-13.0,-13.0,-13.0,-13.0,-13.0,-13.0,-11.0,-11.0,-11.0,-13.0,-13.0,-13.0,4.0,4.0,4.0,-8.0,-8.0,-8.0,7.0,7.0,7.0,1.0,1.0,1.0,7.0,30.3,0.9,4.1,9.0,15.6,6.0,7.1,-21.6,-32.1,2.5,9.6,3.3,1.3,4.0,-0.5,4.2,8.9,8.4,5.0,-2.6,-6.4,14.2,54.7,46.3,41.6,40.4,51.4,11.4,18.3,20.1,24.5,4.9,-1.0,20.6,10.4,21.1,9.9,7.5,20.4,25.7,26.9,31.0,56.1,33.7,11.9,5.8,15.8,61.1,28.3,22.0,27.8,30.4,20.9,58.6,62.8,48.0,-0.7,18.6,57.8,31.4,14.5,20.1,16.5,21.0,53.2,48.0,46.5,3.8,-21.0,-1.8,18.7,13.2,6.1,-1.0,1.2,9.4,7.1,28.6,12.7,-43.2,-71.1,-64.1,-69.4,-73.8,-58.0,-44.1,-54.8,-53.9,-52.6,-53.3,-59.1,-65.1,-77.8,-39.9,-32.3,-29.2,-20.3,-4.8,1.3,0.2,0.4,24.4,34.0,19.4,-43.5,-17.8,-1.0,36.9,11.2,12.1,13.2,-4.0,11.1,8.3,21.6,15.1,-50.2,-12.6,24.7,24.2,27.5,37.1,3.8,-3.6,-18.7,22.0,26.7,17.8,-43.0,-21.0,33.8,31.1,34.2,34.8,14.5,10.2,-13.6,3.3,25.6,-23.8,-21.5,20.1,39.4,25.7,36.8,18.5,19.9,6.2,-5.1,-0.9,-5.5,-10.2,-9.8,-4.9,-5.1,-6.1,9.1,18.1,22.2,12.4,-3.8,16.6,21.3,-27.8,-24.1,6.8,17.4,34.0,31.2,31.5,23.3,11.2
,,,,,,,,,,,,,,,,,,,,,,,,,,,,,,,,,,,,,,,,,,,,,,,,,,,,,,,,,,,,,,,,,,,,,,,,,,,,,,,,,,,,,,,,,,,,,,,,,,,,,,,,,,,,,,,,,,,,,,,,,,,,,,,,,,,,,,,,,,,,,,,,,,,,,,,,,,,,,,,,,,,,,,,,,,,,,,,,,,,,,,,,,,,,,,,,,,,,,,,,
Special value:,,,,,,,,,,,,,,,,,,,,,,,,,,,,,,,,,,,,,,,,,,,,,,,,,,,,,,,,,,,,,,,,,,,,,,,,,,,,,,,,,,,,,,,,,,,,,,,,,,,,,,,,,,,,,,,,,,,,,,,,,,,,,,,,,,,,,,,,,,,,,,,,,,,,,,,,,,,,,,,,,,,,,,,,,,,,,,,,,,,,,,,,,,,,,,,,,,,,,,,,
:,not available,,,,,,,,,,,,,,,,,,,,,,,,,,,,,,,,,,,,,,,,,,,,,,,,,,,,,,,,,,,,,,,,,,,,,,,,,,,,,,,,,,,,,,,,,,,,,,,,,,,,,,,,,,,,,,,,,,,,,,,,,,,,,,,,,,,,,,,,,,,,,,,,,,,,,,,,,,,,,,,,,,,,,,,,,,,,,,,,,,,,,,,,,,,,,,,,,,,,,,,
,,,,,,,,,,,,,,,,,,,,,,,,,,,,,,,,,,,,,,,,,,,,,,,,,,,,,,,,,,,,,,,,,,,,,,,,,,,,,,,,,,,,,,,,,,,,,,,,,,,,,,,,,,,,,,,,,,,,,,,,,,,,,,,,,,,,,,,,,,,,,,,,,,,,,,,,,,,,,,,,,,,,,,,,,,,,,,,,,,,,,,,,,,,,,,,,,,,,,,,,
INDIC,Expectations of the number of orders placed with suppliers over the next 3 months,,,,,,,,,,,,,,,,,,,,,,,,,,,,,,,,,,,,,,,,,,,,,,,,,,,,,,,,,,,,,,,,,,,,,,,,,,,,,,,,,,,,,,,,,,,,,,,,,,,,,,,,,,,,,,,,,,,,,,,,,,,,,,,,,,,,,,,,,,,,,,,,,,,,,,,,,,,,,,,,,,,,,,,,,,,,,,,,,,,,,,,,,,,,,,,,,,,,,,,
S_ADJ,"Seasonally adjusted data, not calendar adjusted data",,,,,,,,,,,,,,,,,,,,,,,,,,,,,,,,,,,,,,,,,,,,,,,,,,,,,,,,,,,,,,,,,,,,,,,,,,,,,,,,,,,,,,,,,,,,,,,,,,,,,,,,,,,,,,,,,,,,,,,,,,,,,,,,,,,,,,,,,,,,,,,,,,,,,,,,,,,,,,,,,,,,,,,,,,,,,,,,,,,,,,,,,,,,,,,,,,,,,,,
UNIT,Balance,,,,,,,,,,,,,,,,,,,,,,,,,,,,,,,,,,,,,,,,,,,,,,,,,,,,,,,,,,,,,,,,,,,,,,,,,,,,,,,,,,,,,,,,,,,,,,,,,,,,,,,,,,,,,,,,,,,,,,,,,,,,,,,,,,,,,,,,,,,,,,,,,,,,,,,,,,,,,,,,,,,,,,,,,,,,,,,,,,,,,,,,,,,,,,,,,,,,,,,
,,,,,,,,,,,,,,,,,,,,,,,,,,,,,,,,,,,,,,,,,,,,,,,,,,,,,,,,,,,,,,,,,,,,,,,,,,,,,,,,,,,,,,,,,,,,,,,,,,,,,,,,,,,,,,,,,,,,,,,,,,,,,,,,,,,,,,,,,,,,,,,,,,,,,,,,,,,,,,,,,,,,,,,,,,,,,,,,,,,,,,,,,,,,,,,,,,,,,,,,
GEO/TIME,2000M01,2000M02,2000M03,2000M04,2000M05,2000M06,2000M07,2000M08,2000M09,2000M10,2000M11,2000M12,2001M01,2001M02,2001M03,2001M04,2001M05,2001M06,2001M07,2001M08,2001M09,2001M10,2001M11,2001M12,2002M01,2002M02,2002M03,2002M04,2002M05,2002M06,2002M07,2002M08,2002M09,2002M10,2002M11,2002M12,2003M01,2003M02,2003M03,2003M04,2003M05,2003M06,2003M07,2003M08,2003M09,2003M10,2003M11,2003M12,2004M01,2004M02,2004M03,2004M04,2004M05,2004M06,2004M07,2004M08,2004M09,2004M10,2004M11,2004M12,2005M01,2005M02,2005M03,2005M04,2005M05,2005M06,2005M07,2005M08,2005M09,2005M10,2005M11,2005M12,2006M01,2006M02,2006M03,2006M04,2006M05,2006M06,2006M07,2006M08,2006M09,2006M10,2006M11,2006M12,2007M01,2007M02,2007M03,2007M04,2007M05,2007M06,2007M07,2007M08,2007M09,2007M10,2007M11,2007M12,2008M01,2008M02,2008M03,2008M04,2008M05,2008M06,2008M07,2008M08,2008M09,2008M10,2008M11,2008M12,2009M01,2009M02,2009M03,2009M04,2009M05,2009M06,2009M07,2009M08,2009M09,2009M10,2009M11,2009M12,2010M01,2010M02,2010M03,2010M04,2010M05,2010M06,2010M07,2010M08,2010M09,2010M10,2010M11,2010M12,2011M01,2011M02,2011M03,2011M04,2011M05,2011M06,2011M07,2011M08,2011M09,2011M10,2011M11,2011M12,2012M01,2012M02,2012M03,2012M04,2012M05,2012M06,2012M07,2012M08,2012M09,2012M10,2012M11,2012M12,2013M01,2013M02,2013M03,2013M04,2013M05,2013M06,2013M07,2013M08,2013M09,2013M10,2013M11,2013M12,2014M01,2014M02,2014M03,2014M04,2014M05,2014M06,2014M07,2014M08,2014M09,2014M10,2014M11,2014M12,2015M01,2015M02,2015M03,2015M04,2015M05,2015M06,2015M07,2015M08,2015M09,2015M10,2015M11,2015M12,2016M01,2016M02,2016M03,2016M04,2016M05,2016M06,2016M07,2016M08
Estonia,-1.4,-1.8,-2.3,-0.7,-0.8,-0.8,25.5,27.0,28.3,3.1,2.6,2.3,1.7,1.0,0.2,15.0,14.8,14.4,33.0,32.6,31.8,21.7,19.7,17.5,61.7,62.5,62.8,7.1,4.1,1.2,14.6,22.8,17.4,14.9,-1.9,-18.9,30.8,44.2,48.9,6.5,10.0,2.8,5.8,-0.2,5.3,2.1,-2.4,-19.5,5.9,41.5,62.0,34.7,23.6,18.6,19.4,9.1,10.4,10.1,19.1,-8.4,-4.3,29.2,42.7,34.7,24.5,28.2,28.0,19.7,12.9,15.9,24.9,21.9,21.3,22.3,29.6,27.3,31.1,34.8,36.0,37.2,34.1,31.8,34.1,26.7,28.1,28.6,26.4,32.5,25.9,30.6,20.6,37.2,31.1,23.0,23.3,21.0,10.2,8.4,2.6,-3.0,5.8,-7.2,-12.2,-16.0,-13.7,-22.0,-28.1,-21.5,-27.9,-49.2,-58.8,-51.0,-37.9,-48.1,-42.7,-43.1,-39.7,-32.0,-23.7,-15.0,-12.5,-15.9,-11.4,1.4,3.5,9.6,20.2,2.9,7.3,11.9,15.7,14.4,11.8,19.3,28.7,31.2,31.2,31.5,14.6,8.2,6.3,7.9,5.2,3.7,5.8,9.9,21.4,15.6,14.9,18.3,8.5,4.0,1.1,14.3,19.0,19.2,14.3,19.1,22.6,20.5,12.9,19.3,9.6,13.0,11.9,16.1,20.0,27.1,18.9,22.5,12.3,17.2,14.0,9.2,12.5,15.2,11.7,16.5,16.8,20.5,12.8,4.9,3.6,5.8,3.5,7.8,17.7,10.5,12.7,14.4,13.4,15.7,24.5,21.2,22.0,11.6,14.4,15.8,15.9,19.2
Latvia,1.6,1.6,1.4,10.8,11.1,11.4,4.4,4.6,4.8,3.7,3.7,3.6,4.6,4.5,4.1,5.5,5.7,6.1,5.0,5.2,5.6,5.4,5.4,5.4,25.1,26.0,26.9,15.2,10.5,8.8,8.6,6.7,12.3,15.4,15.2,9.1,2.3,15.4,19.8,12.8,11.8,11.3,12.1,13.9,4.9,9.8,8.3,9.8,-0.2,9.6,14.3,11.4,5.5,10.7,11.2,12.7,9.6,11.6,14.5,6.7,8.5,9.6,16.3,12.8,16.7,14.6,23.4,17.8,17.4,19.4,21.3,11.1,15.7,19.3,22.2,24.5,25.7,24.7,21.6,20.8,19.9,19.8,23.5,20.6,23.6,30.2,25.6,23.4,28.4,23.1,24.6,23.5,22.4,19.9,20.4,17.0,14.1,8.6,3.0,0.3,1.5,-0.8,-5.6,-6.8,-8.8,-18.9,-24.8,-37.0,-40.9,-53.7,-52.0,-43.0,-40.9,-43.2,-40.2,-38.3,-34.7,-34.0,-30.5,-22.1,-25.6,-24.9,-14.7,-2.9,-5.5,2.3,0.6,0.0,-5.8,-1.4,-2.5,2.5,7.0,6.1,6.9,1.6,1.7,6.1,7.2,0.1,-3.1,0.1,-0.8,5.2,5.0,8.9,12.4,5.3,0.9,6.1,2.7,1.1,2.2,5.3,-0.7,0.5,7.3,13.6,7.8,6.9,7.5,3.5,-0.4,5.4,4.2,5.6,8.2,3.3,3.1,10.9,6.8,9.6,11.5,6.5,6.7,4.8,8.6,12.1,11.5,4.0,2.5,2.3,4.8,1.5,5.0,3.4,3.7,2.9,0.1,2.2,3.8,3.8,5.5,8.9,11.7,12.3,12.0,11.7,8.6,4.2
Lithuania,-6.8,-7.1,-7.4,-14.7,-15.3,-15.9,-17.0,-17.4,-17.8,-12.6,-13.2,-14.1,-8.6,-8.6,-8.5,0.5,0.9,1.1,-9.4,-9.8,-10.2,6.6,6.9,7.2,6.7,7.0,7.2,5.4,24.8,1.3,5.7,9.3,14.5,7.2,8.1,-15.8,-22.6,4.6,10.4,-0.4,-7.2,1.4,-0.6,2.1,4.6,5.1,2.5,2.9,3.9,13.5,46.4,38.3,31.4,37.7,51.0,18.0,21.3,22.6,27.1,19.3,18.4,23.7,5.4,13.9,1.2,4.4,14.5,25.9,23.7,27.5,48.7,43.5,31.9,10.9,10.8,47.5,23.2,22.0,23.3,32.0,21.3,52.1,51.5,55.7,25.9,29.9,52.8,21.4,16.8,23.6,14.0,22.7,48.7,36.6,29.4,10.1,7.0,10.2,12.5,2.5,10.2,4.4,0.9,9.1,0.8,9.5,-7.9,-35.0,-38.5,-45.8,-68.7,-78.8,-55.7,-44.2,-57.2,-60.1,-65.5,-79.4,-86.1,-64.9,-52.4,-31.9,-37.6,-34.1,-20.4,-8.4,-0.9,-3.9,-8.4,3.4,15.3,29.0,-0.5,4.1,7.3,39.8,19.3,15.0,16.4,-0.6,6.9,-8.1,3.1,18.6,-7.6,3.0,24.9,19.1,24.6,27.5,1.1,-3.0,-21.1,4.2,6.3,14.3,1.4,-4.5,26.7,18.4,25.0,20.5,12.1,14.6,-4.2,-6.2,6.6,-23.9,21.3,33.6,27.1,10.4,23.0,4.5,17.4,13.2,9.5,-2.2,-15.8,-4.4,30.6,9.3,-16.8,-19.3,-8.6,-0.4,14.1,14.7,10.9,13.8,10.6,-14.9,10.6,16.4,5.2,20.7,13.1,14.5,14.6,13.1
,,,,,,,,,,,,,,,,,,,,,,,,,,,,,,,,,,,,,,,,,,,,,,,,,,,,,,,,,,,,,,,,,,,,,,,,,,,,,,,,,,,,,,,,,,,,,,,,,,,,,,,,,,,,,,,,,,,,,,,,,,,,,,,,,,,,,,,,,,,,,,,,,,,,,,,,,,,,,,,,,,,,,,,,,,,,,,,,,,,,,,,,,,,,,,,,,,,,,,,,
Special value:,,,,,,,,,,,,,,,,,,,,,,,,,,,,,,,,,,,,,,,,,,,,,,,,,,,,,,,,,,,,,,,,,,,,,,,,,,,,,,,,,,,,,,,,,,,,,,,,,,,,,,,,,,,,,,,,,,,,,,,,,,,,,,,,,,,,,,,,,,,,,,,,,,,,,,,,,,,,,,,,,,,,,,,,,,,,,,,,,,,,,,,,,,,,,,,,,,,,,,,,
:,not available,,,,,,,,,,,,,,,,,,,,,,,,,,,,,,,,,,,,,,,,,,,,,,,,,,,,,,,,,,,,,,,,,,,,,,,,,,,,,,,,,,,,,,,,,,,,,,,,,,,,,,,,,,,,,,,,,,,,,,,,,,,,,,,,,,,,,,,,,,,,,,,,,,,,,,,,,,,,,,,,,,,,,,,,,,,,,,,,,,,,,,,,,,,,,,,,,,,,,,,
,,,,,,,,,,,,,,,,,,,,,,,,,,,,,,,,,,,,,,,,,,,,,,,,,,,,,,,,,,,,,,,,,,,,,,,,,,,,,,,,,,,,,,,,,,,,,,,,,,,,,,,,,,,,,,,,,,,,,,,,,,,,,,,,,,,,,,,,,,,,,,,,,,,,,,,,,,,,,,,,,,,,,,,,,,,,,,,,,,,,,,,,,,,,,,,,,,,,,,,,
INDIC,Business activity expectations over the next 3 months,,,,,,,,,,,,,,,,,,,,,,,,,,,,,,,,,,,,,,,,,,,,,,,,,,,,,,,,,,,,,,,,,,,,,,,,,,,,,,,,,,,,,,,,,,,,,,,,,,,,,,,,,,,,,,,,,,,,,,,,,,,,,,,,,,,,,,,,,,,,,,,,,,,,,,,,,,,,,,,,,,,,,,,,,,,,,,,,,,,,,,,,,,,,,,,,,,,,,,,
S_ADJ,Unadjusted data (i.e. neither seasonally adjusted nor calendar adjusted data),,,,,,,,,,,,,,,,,,,,,,,,,,,,,,,,,,,,,,,,,,,,,,,,,,,,,,,,,,,,,,,,,,,,,,,,,,,,,,,,,,,,,,,,,,,,,,,,,,,,,,,,,,,,,,,,,,,,,,,,,,,,,,,,,,,,,,,,,,,,,,,,,,,,,,,,,,,,,,,,,,,,,,,,,,,,,,,,,,,,,,,,,,,,,,,,,,,,,,,
UNIT,Balance,,,,,,,,,,,,,,,,,,,,,,,,,,,,,,,,,,,,,,,,,,,,,,,,,,,,,,,,,,,,,,,,,,,,,,,,,,,,,,,,,,,,,,,,,,,,,,,,,,,,,,,,,,,,,,,,,,,,,,,,,,,,,,,,,,,,,,,,,,,,,,,,,,,,,,,,,,,,,,,,,,,,,,,,,,,,,,,,,,,,,,,,,,,,,,,,,,,,,,,
,,,,,,,,,,,,,,,,,,,,,,,,,,,,,,,,,,,,,,,,,,,,,,,,,,,,,,,,,,,,,,,,,,,,,,,,,,,,,,,,,,,,,,,,,,,,,,,,,,,,,,,,,,,,,,,,,,,,,,,,,,,,,,,,,,,,,,,,,,,,,,,,,,,,,,,,,,,,,,,,,,,,,,,,,,,,,,,,,,,,,,,,,,,,,,,,,,,,,,,,
GEO/TIME,2000M01,2000M02,2000M03,2000M04,2000M05,2000M06,2000M07,2000M08,2000M09,2000M10,2000M11,2000M12,2001M01,2001M02,2001M03,2001M04,2001M05,2001M06,2001M07,2001M08,2001M09,2001M10,2001M11,2001M12,2002M01,2002M02,2002M03,2002M04,2002M05,2002M06,2002M07,2002M08,2002M09,2002M10,2002M11,2002M12,2003M01,2003M02,2003M03,2003M04,2003M05,2003M06,2003M07,2003M08,2003M09,2003M10,2003M11,2003M12,2004M01,2004M02,2004M03,2004M04,2004M05,2004M06,2004M07,2004M08,2004M09,2004M10,2004M11,2004M12,2005M01,2005M02,2005M03,2005M04,2005M05,2005M06,2005M07,2005M08,2005M09,2005M10,2005M11,2005M12,2006M01,2006M02,2006M03,2006M04,2006M05,2006M06,2006M07,2006M08,2006M09,2006M10,2006M11,2006M12,2007M01,2007M02,2007M03,2007M04,2007M05,2007M06,2007M07,2007M08,2007M09,2007M10,2007M11,2007M12,2008M01,2008M02,2008M03,2008M04,2008M05,2008M06,2008M07,2008M08,2008M09,2008M10,2008M11,2008M12,2009M01,2009M02,2009M03,2009M04,2009M05,2009M06,2009M07,2009M08,2009M09,2009M10,2009M11,2009M12,2010M01,2010M02,2010M03,2010M04,2010M05,2010M06,2010M07,2010M08,2010M09,2010M10,2010M11,2010M12,2011M01,2011M02,2011M03,2011M04,2011M05,2011M06,2011M07,2011M08,2011M09,2011M10,2011M11,2011M12,2012M01,2012M02,2012M03,2012M04,2012M05,2012M06,2012M07,2012M08,2012M09,2012M10,2012M11,2012M12,2013M01,2013M02,2013M03,2013M04,2013M05,2013M06,2013M07,2013M08,2013M09,2013M10,2013M11,2013M12,2014M01,2014M02,2014M03,2014M04,2014M05,2014M06,2014M07,2014M08,2014M09,2014M10,2014M11,2014M12,2015M01,2015M02,2015M03,2015M04,2015M05,2015M06,2015M07,2015M08,2015M09,2015M10,2015M11,2015M12,2016M01,2016M02,2016M03,2016M04,2016M05,2016M06,2016M07,2016M08
Estonia,11.4,11.4,11.4,33.1,33.1,33.1,21.8,21.8,21.8,9.5,9.5,9.5,16.4,16.4,16.4,30.6,30.6,30.6,30.2,29.8,29.4,29.0,28.6,28.2,27.8,27.4,27.0,26.6,26.2,26.3,25.0,26.0,17.6,11.5,18.1,14.6,25.4,25.0,30.8,27.3,44.9,36.0,20.5,10.0,14.4,26.3,20.3,-15.2,-24.1,36.1,63.8,63.2,47.1,38.5,31.5,27.7,24.6,31.3,38.3,-17.3,-27.4,50.0,67.4,68.9,58.5,39.7,33.3,23.1,19.0,31.5,31.3,0.0,-10.7,35.7,66.4,74.4,63.4,50.0,42.9,32.6,31.1,34.9,39.0,-3.7,-12.1,52.3,74.6,77.0,59.3,50.4,28.5,38.9,26.6,28.0,32.9,-10.0,-19.3,25.4,45.9,44.4,33.6,17.3,3.0,-4.4,-10.2,-11.2,-25.6,-58.3,-66.7,-38.3,-18.5,-0.8,-7.9,-23.4,-34.3,-31.8,-33.8,-24.4,-20.5,-48.8,-51.1,-6.9,20.0,42.3,32.6,30.6,22.5,4.6,2.3,15.5,13.7,-44.2,-41.5,27.9,66.7,71.9,61.4,43.1,28.0,9.7,4.9,15.6,8.7,-25.6,-32.5,16.1,57.0,62.7,54.0,37.6,17.9,0.0,0.0,18.5,27.0,-9.2,-25.4,26.4,56.7,63.6,51.2,42.6,18.9,-0.8,-3.9,17.4,29.8,0.8,-16.9,36.1,60.8,63.7,46.7,33.1,17.3,8.6,0.8,21.5,24.6,-5.6,-21.4,16.5,42.6,55.5,44.2,34.1,27.0,8.5,7.8,17.8,26.6,-3.1,-3.3,31.2,61.9,57.1,44.7,39.5,21.8,5.9
Latvia,12.1,12.1,12.1,29.1,29.1,29.1,21.1,21.1,21.1,13.1,13.1,13.1,20.1,20.1,20.1,20.1,20.1,20.1,11.1,11.1,11.1,9.1,9.1,9.1,30.1,30.1,30.1,25.1,26.1,21.1,23.1,18.9,25.2,14.1,19.0,22.4,19.0,20.9,26.3,25.3,27.4,26.3,18.3,21.1,13.0,11.7,14.4,14.4,0.2,20.9,36.3,34.3,21.3,25.0,22.5,20.7,15.2,15.8,15.5,5.0,6.6,20.7,27.7,27.9,27.9,23.1,27.3,23.2,20.1,18.2,24.7,11.1,14.1,30.3,40.5,45.5,36.7,34.4,27.1,28.4,23.5,26.2,30.3,19.0,23.0,41.0,45.3,47.6,41.9,35.4,29.3,33.2,31.3,23.6,24.1,8.0,8.4,21.6,22.7,20.7,16.2,9.1,4.4,-0.3,-5.0,-14.9,-24.4,-50.7,-52.4,-38.9,-32.3,-15.4,-14.4,-26.8,-26.5,-30.4,-25.5,-28.7,-25.2,-34.8,-32.4,-17.0,8.0,15.9,18.7,16.9,11.8,-2.1,-11.5,-8.6,-8.9,-27.9,-15.6,10.4,18.8,21.6,20.4,20.0,11.1,0.8,-3.6,-3.7,2.2,-11.5,-7.0,11.4,27.1,28.5,19.4,26.7,11.8,5.8,2.5,6.6,-0.5,-13.8,-1.5,17.6,22.4,27.2,24.9,19.4,11.3,9.5,2.0,1.4,6.1,-9.4,-5.5,14.0,27.3,28.7,26.2,22.5,18.0,6.9,0.3,5.6,4.9,-12.2,-6.7,9.3,19.2,22.4,21.3,20.1,12.2,7.3,-2.2,1.3,2.6,-13.7,-4.9,16.6,31.9,33.6,30.9,24.1,15.4,7.2
Lithuania,-15.2,-15.2,-15.2,-16.2,-16.2,-16.2,-29.2,-29.2,-29.2,-30.2,-30.2,-30.2,-19.2,-19.2,-19.2,-0.2,-0.2,-0.2,-8.2,-8.2,-8.2,0.8,0.8,0.8,-0.2,-0.2,-0.2,19.8,14.8,3.0,2.6,5.4,14.1,4.7,11.7,7.3,-2.2,6.3,6.7,7.6,6.0,3.7,-1.7,2.6,6.8,1.2,4.8,-1.2,-4.3,10.1,53.3,52.8,51.4,42.1,13.8,9.6,13.8,16.5,12.9,10.2,-0.8,14.5,9.2,8.8,10.0,18.0,16.7,17.9,17.8,17.6,41.4,34.2,27.3,31.1,40.0,68.3,53.8,49.1,54.8,53.4,51.0,51.8,62.8,54.9,31.5,44.8,61.4,63.0,11.6,23.6,47.7,52.7,51.6,28.2,49.2,33.2,20.2,29.9,38.6,35.2,40.7,22.4,21.4,20.0,-0.1,-10.5,-38.2,-54.6,-66.2,-69.6,-50.1,-60.5,-42.0,-34.7,-50.4,-53.1,-48.7,-28.3,-48.0,-64.1,-42.0,-31.1,-23.9,-14.6,-0.3,11.1,13.4,22.0,17.9,-1.3,5.4,-3.7,-30.3,-31.9,-15.5,-1.2,10.7,12.0,12.4,7.5,-0.6,-5.0,8.0,-4.6,-47.6,-13.0,-5.8,32.9,9.8,24.5,-10.4,-17.6,-5.4,-1.7,-8.5,-15.1,-28.9,-12.8,22.1,20.8,28.0,47.0,12.3,2.9,-12.3,-5.0,-10.1,-14.0,-11.9,6.1,15.9,26.7,20.0,20.9,18.3,15.8,-6.1,-1.4,-8.1,-10.4,-15.7,-6.1,14.0,13.1,14.2,13.4,11.8,6.1,-0.2,-1.4,-7.4,-1.6,-11.2,2.8,13.4,10.9,14.8,16.5,12.0,3.8
,,,,,,,,,,,,,,,,,,,,,,,,,,,,,,,,,,,,,,,,,,,,,,,,,,,,,,,,,,,,,,,,,,,,,,,,,,,,,,,,,,,,,,,,,,,,,,,,,,,,,,,,,,,,,,,,,,,,,,,,,,,,,,,,,,,,,,,,,,,,,,,,,,,,,,,,,,,,,,,,,,,,,,,,,,,,,,,,,,,,,,,,,,,,,,,,,,,,,,,,
Special value:,,,,,,,,,,,,,,,,,,,,,,,,,,,,,,,,,,,,,,,,,,,,,,,,,,,,,,,,,,,,,,,,,,,,,,,,,,,,,,,,,,,,,,,,,,,,,,,,,,,,,,,,,,,,,,,,,,,,,,,,,,,,,,,,,,,,,,,,,,,,,,,,,,,,,,,,,,,,,,,,,,,,,,,,,,,,,,,,,,,,,,,,,,,,,,,,,,,,,,,,
:,not available,,,,,,,,,,,,,,,,,,,,,,,,,,,,,,,,,,,,,,,,,,,,,,,,,,,,,,,,,,,,,,,,,,,,,,,,,,,,,,,,,,,,,,,,,,,,,,,,,,,,,,,,,,,,,,,,,,,,,,,,,,,,,,,,,,,,,,,,,,,,,,,,,,,,,,,,,,,,,,,,,,,,,,,,,,,,,,,,,,,,,,,,,,,,,,,,,,,,,,,
,,,,,,,,,,,,,,,,,,,,,,,,,,,,,,,,,,,,,,,,,,,,,,,,,,,,,,,,,,,,,,,,,,,,,,,,,,,,,,,,,,,,,,,,,,,,,,,,,,,,,,,,,,,,,,,,,,,,,,,,,,,,,,,,,,,,,,,,,,,,,,,,,,,,,,,,,,,,,,,,,,,,,,,,,,,,,,,,,,,,,,,,,,,,,,,,,,,,,,,,
INDIC,Business activity expectations over the next 3 months,,,,,,,,,,,,,,,,,,,,,,,,,,,,,,,,,,,,,,,,,,,,,,,,,,,,,,,,,,,,,,,,,,,,,,,,,,,,,,,,,,,,,,,,,,,,,,,,,,,,,,,,,,,,,,,,,,,,,,,,,,,,,,,,,,,,,,,,,,,,,,,,,,,,,,,,,,,,,,,,,,,,,,,,,,,,,,,,,,,,,,,,,,,,,,,,,,,,,,,
S_ADJ,"Seasonally adjusted data, not calendar adjusted data",,,,,,,,,,,,,,,,,,,,,,,,,,,,,,,,,,,,,,,,,,,,,,,,,,,,,,,,,,,,,,,,,,,,,,,,,,,,,,,,,,,,,,,,,,,,,,,,,,,,,,,,,,,,,,,,,,,,,,,,,,,,,,,,,,,,,,,,,,,,,,,,,,,,,,,,,,,,,,,,,,,,,,,,,,,,,,,,,,,,,,,,,,,,,,,,,,,,,,,
UNIT,Balance,,,,,,,,,,,,,,,,,,,,,,,,,,,,,,,,,,,,,,,,,,,,,,,,,,,,,,,,,,,,,,,,,,,,,,,,,,,,,,,,,,,,,,,,,,,,,,,,,,,,,,,,,,,,,,,,,,,,,,,,,,,,,,,,,,,,,,,,,,,,,,,,,,,,,,,,,,,,,,,,,,,,,,,,,,,,,,,,,,,,,,,,,,,,,,,,,,,,,,,
,,,,,,,,,,,,,,,,,,,,,,,,,,,,,,,,,,,,,,,,,,,,,,,,,,,,,,,,,,,,,,,,,,,,,,,,,,,,,,,,,,,,,,,,,,,,,,,,,,,,,,,,,,,,,,,,,,,,,,,,,,,,,,,,,,,,,,,,,,,,,,,,,,,,,,,,,,,,,,,,,,,,,,,,,,,,,,,,,,,,,,,,,,,,,,,,,,,,,,,,
GEO/TIME,2000M01,2000M02,2000M03,2000M04,2000M05,2000M06,2000M07,2000M08,2000M09,2000M10,2000M11,2000M12,2001M01,2001M02,2001M03,2001M04,2001M05,2001M06,2001M07,2001M08,2001M09,2001M10,2001M11,2001M12,2002M01,2002M02,2002M03,2002M04,2002M05,2002M06,2002M07,2002M08,2002M09,2002M10,2002M11,2002M12,2003M01,2003M02,2003M03,2003M04,2003M05,2003M06,2003M07,2003M08,2003M09,2003M10,2003M11,2003M12,2004M01,2004M02,2004M03,2004M04,2004M05,2004M06,2004M07,2004M08,2004M09,2004M10,2004M11,2004M12,2005M01,2005M02,2005M03,2005M04,2005M05,2005M06,2005M07,2005M08,2005M09,2005M10,2005M11,2005M12,2006M01,2006M02,2006M03,2006M04,2006M05,2006M06,2006M07,2006M08,2006M09,2006M10,2006M11,2006M12,2007M01,2007M02,2007M03,2007M04,2007M05,2007M06,2007M07,2007M08,2007M09,2007M10,2007M11,2007M12,2008M01,2008M02,2008M03,2008M04,2008M05,2008M06,2008M07,2008M08,2008M09,2008M10,2008M11,2008M12,2009M01,2009M02,2009M03,2009M04,2009M05,2009M06,2009M07,2009M08,2009M09,2009M10,2009M11,2009M12,2010M01,2010M02,2010M03,2010M04,2010M05,2010M06,2010M07,2010M08,2010M09,2010M10,2010M11,2010M12,2011M01,2011M02,2011M03,2011M04,2011M05,2011M06,2011M07,2011M08,2011M09,2011M10,2011M11,2011M12,2012M01,2012M02,2012M03,2012M04,2012M05,2012M06,2012M07,2012M08,2012M09,2012M10,2012M11,2012M12,2013M01,2013M02,2013M03,2013M04,2013M05,2013M06,2013M07,2013M08,2013M09,2013M10,2013M11,2013M12,2014M01,2014M02,2014M03,2014M04,2014M05,2014M06,2014M07,2014M08,2014M09,2014M10,2014M11,2014M12,2015M01,2015M02,2015M03,2015M04,2015M05,2015M06,2015M07,2015M08,2015M09,2015M10,2015M11,2015M12,2016M01,2016M02,2016M03,2016M04,2016M05,2016M06,2016M07,2016M08
Estonia,25.8,25.6,24.3,17.9,17.9,17.8,22.4,22.8,23.0,15.0,14.8,14.6,31.1,30.9,30.9,16.7,16.3,15.9,26.5,26.3,26.4,30.9,30.9,30.8,41.1,41.6,42.2,18.0,17.0,16.4,22.2,23.0,15.9,14.3,19.4,16.5,30.5,31.2,36.2,20.0,33.9,27.0,18.9,9.9,14.8,28.4,22.6,-5.8,-14.4,34.0,57.4,51.7,36.1,31.8,32.3,31.6,30.1,35.3,41.3,4.4,-6.6,41.7,49.8,51.6,44.5,33.9,34.8,29.5,27.3,35.0,33.6,29.5,21.3,25.6,38.2,46.7,42.0,40.6,42.2,40.2,40.8,37.4,40.2,35.8,33.4,42.8,42.1,41.9,37.5,41.5,29.9,44.6,37.0,31.8,33.0,31.6,30.3,18.0,15.4,11.7,11.1,7.2,4.2,0.9,-1.0,-8.3,-23.7,-18.5,-19.1,-42.9,-48.4,-38.2,-35.0,-37.9,-37.5,-33.6,-31.0,-26.5,-22.8,-14.1,-8.4,-10.8,-7.4,5.9,8.4,18.9,24.8,10.4,13.0,20.6,20.0,1.4,8.5,29.2,42.2,37.8,38.2,32.4,30.1,18.5,17.3,19.9,15.1,19.2,15.6,15.6,26.7,22.1,23.4,20.5,14.8,8.5,11.4,19.0,29.0,32.5,22.7,24.4,23.4,21.0,19.3,23.8,16.4,12.3,11.8,19.2,30.2,40.5,33.0,34.1,27.1,22.8,17.5,16.8,18.1,24.9,20.7,25.0,24.9,30.6,27.2,15.2,10.0,15.0,15.6,17.6,26.7,24.9,27.6,20.9,23.7,27.7,40.1,29.0,30.1,20.5,20.5,25.5,24.0,24.1
Latvia,9.8,9.7,9.3,22.7,22.9,23.0,20.8,21.1,21.4,19.3,19.5,19.6,18.2,18.0,17.9,14.7,14.5,14.4,11.1,11.2,11.2,14.9,15.0,15.1,26.4,26.9,27.2,20.8,21.8,17.8,23.3,20.1,25.2,21.7,25.7,28.6,18.4,19.8,24.4,21.9,23.3,23.4,19.5,22.4,14.0,19.0,19.9,19.1,1.7,17.4,28.9,27.6,16.6,20.9,22.5,21.5,17.4,22.9,21.2,11.9,11.5,17.5,18.4,19.9,22.3,19.1,26.0,23.7,23.1,24.8,28.7,19.7,22.7,27.4,29.8,35.6,31.6,31.0,26.8,29.2,28.4,32.6,33.9,30.2,34.5,38.2,34.5,36.3,36.4,32.5,29.6,33.6,35.8,30.0,27.5,22.0,21.6,19.1,12.9,9.3,9.6,5.9,4.2,-0.8,-2.4,-9.6,-21.0,-33.9,-38.4,-42.2,-43.7,-32.5,-27.9,-34.8,-31.9,-35.2,-28.7,-28.0,-25.2,-19.4,-18.6,-18.5,-2.5,0.1,6.1,11.6,11.2,1.0,-6.1,0.0,-0.3,-3.4,4.8,13.3,11.6,7.9,7.6,12.5,8.6,3.6,1.2,2.8,7.9,11.0,11.6,12.0,15.8,11.4,4.3,14.6,6.7,8.4,8.1,12.8,6.2,8.5,15.0,16.0,9.1,8.9,9.2,5.6,5.5,11.3,8.6,7.8,12.5,13.0,10.7,11.2,13.0,10.9,11.5,9.6,13.6,10.7,9.9,13.7,12.7,11.2,9.8,6.8,5.4,5.5,7.5,7.0,7.7,9.8,7.0,7.8,8.9,8.4,9.9,12.4,16.7,16.2,16.8,12.8,12.5,11.0
Lithuania,-16.0,-16.0,-16.1,-20.7,-20.7,-20.7,-33.8,-34.3,-34.9,-21.6,-21.6,-21.6,-19.8,-19.7,-19.7,-5.8,-5.3,-4.8,-11.0,-11.2,-11.5,7.8,8.6,9.4,1.0,1.3,1.6,13.6,10.4,1.3,4.3,6.4,13.0,11.3,17.5,14.8,0.7,7.4,7.6,0.1,-0.1,0.3,0.0,2.6,4.1,3.7,5.8,2.5,-1.9,8.2,44.8,38.5,41.0,38.4,21.0,16.6,17.6,22.3,17.7,18.3,10.3,17.6,4.0,-2.8,-0.5,11.1,19.6,20.7,17.7,19.5,38.4,36.7,36.7,32.5,32.6,53.7,44.6,44.4,58.6,58.5,55.1,58.2,62.6,61.5,49.4,52.4,56.9,51.4,12.6,23.0,47.7,52.5,51.2,32.9,42.5,34.9,34.4,33.2,30.7,21.6,40.5,23.1,20.2,18.5,1.6,-3.1,-38.4,-47.1,-48.4,-62.2,-57.8,-74.3,-49.0,-42.6,-61.1,-65.1,-57.7,-34.6,-54.8,-59.8,-31.1,-27.7,-32.1,-25.6,-6.1,5.1,6.6,14.8,16.5,4.1,13.4,17.2,-2.2,-10.8,-9.6,-1.0,6.7,4.6,3.7,-3.1,-6.5,-7.7,8.9,9.3,-21.5,2.5,-3.2,25.3,-0.3,8.9,-18.3,-25.6,-12.5,-6.5,-10.0,-4.0,-2.1,1.5,21.1,9.3,13.6,23.9,6.0,-0.5,-13.2,-5.7,-8.8,-2.8,15.3,19.3,14.5,12.9,7.1,-0.9,13.0,15.2,0.2,3.4,-2.3,2.3,12.0,5.4,8.7,-3.3,-0.2,-9.6,4.7,4.4,5.7,3.2,-0.8,8.9,12.5,11.3,5.4,-4.1,0.6,-4.0,3.5,1.8
,,,,,,,,,,,,,,,,,,,,,,,,,,,,,,,,,,,,,,,,,,,,,,,,,,,,,,,,,,,,,,,,,,,,,,,,,,,,,,,,,,,,,,,,,,,,,,,,,,,,,,,,,,,,,,,,,,,,,,,,,,,,,,,,,,,,,,,,,,,,,,,,,,,,,,,,,,,,,,,,,,,,,,,,,,,,,,,,,,,,,,,,,,,,,,,,,,,,,,,,
Special value:,,,,,,,,,,,,,,,,,,,,,,,,,,,,,,,,,,,,,,,,,,,,,,,,,,,,,,,,,,,,,,,,,,,,,,,,,,,,,,,,,,,,,,,,,,,,,,,,,,,,,,,,,,,,,,,,,,,,,,,,,,,,,,,,,,,,,,,,,,,,,,,,,,,,,,,,,,,,,,,,,,,,,,,,,,,,,,,,,,,,,,,,,,,,,,,,,,,,,,,,
:,not available,,,,,,,,,,,,,,,,,,,,,,,,,,,,,,,,,,,,,,,,,,,,,,,,,,,,,,,,,,,,,,,,,,,,,,,,,,,,,,,,,,,,,,,,,,,,,,,,,,,,,,,,,,,,,,,,,,,,,,,,,,,,,,,,,,,,,,,,,,,,,,,,,,,,,,,,,,,,,,,,,,,,,,,,,,,,,,,,,,,,,,,,,,,,,,,,,,,,,,,
,,,,,,,,,,,,,,,,,,,,,,,,,,,,,,,,,,,,,,,,,,,,,,,,,,,,,,,,,,,,,,,,,,,,,,,,,,,,,,,,,,,,,,,,,,,,,,,,,,,,,,,,,,,,,,,,,,,,,,,,,,,,,,,,,,,,,,,,,,,,,,,,,,,,,,,,,,,,,,,,,,,,,,,,,,,,,,,,,,,,,,,,,,,,,,,,,,,,,,,,
INDIC,Employment expectations over the next 3 months,,,,,,,,,,,,,,,,,,,,,,,,,,,,,,,,,,,,,,,,,,,,,,,,,,,,,,,,,,,,,,,,,,,,,,,,,,,,,,,,,,,,,,,,,,,,,,,,,,,,,,,,,,,,,,,,,,,,,,,,,,,,,,,,,,,,,,,,,,,,,,,,,,,,,,,,,,,,,,,,,,,,,,,,,,,,,,,,,,,,,,,,,,,,,,,,,,,,,,,
S_ADJ,Unadjusted data (i.e. neither seasonally adjusted nor calendar adjusted data),,,,,,,,,,,,,,,,,,,,,,,,,,,,,,,,,,,,,,,,,,,,,,,,,,,,,,,,,,,,,,,,,,,,,,,,,,,,,,,,,,,,,,,,,,,,,,,,,,,,,,,,,,,,,,,,,,,,,,,,,,,,,,,,,,,,,,,,,,,,,,,,,,,,,,,,,,,,,,,,,,,,,,,,,,,,,,,,,,,,,,,,,,,,,,,,,,,,,,,
UNIT,Balance,,,,,,,,,,,,,,,,,,,,,,,,,,,,,,,,,,,,,,,,,,,,,,,,,,,,,,,,,,,,,,,,,,,,,,,,,,,,,,,,,,,,,,,,,,,,,,,,,,,,,,,,,,,,,,,,,,,,,,,,,,,,,,,,,,,,,,,,,,,,,,,,,,,,,,,,,,,,,,,,,,,,,,,,,,,,,,,,,,,,,,,,,,,,,,,,,,,,,,,
,,,,,,,,,,,,,,,,,,,,,,,,,,,,,,,,,,,,,,,,,,,,,,,,,,,,,,,,,,,,,,,,,,,,,,,,,,,,,,,,,,,,,,,,,,,,,,,,,,,,,,,,,,,,,,,,,,,,,,,,,,,,,,,,,,,,,,,,,,,,,,,,,,,,,,,,,,,,,,,,,,,,,,,,,,,,,,,,,,,,,,,,,,,,,,,,,,,,,,,,
GEO/TIME,2000M01,2000M02,2000M03,2000M04,2000M05,2000M06,2000M07,2000M08,2000M09,2000M10,2000M11,2000M12,2001M01,2001M02,2001M03,2001M04,2001M05,2001M06,2001M07,2001M08,2001M09,2001M10,2001M11,2001M12,2002M01,2002M02,2002M03,2002M04,2002M05,2002M06,2002M07,2002M08,2002M09,2002M10,2002M11,2002M12,2003M01,2003M02,2003M03,2003M04,2003M05,2003M06,2003M07,2003M08,2003M09,2003M10,2003M11,2003M12,2004M01,2004M02,2004M03,2004M04,2004M05,2004M06,2004M07,2004M08,2004M09,2004M10,2004M11,2004M12,2005M01,2005M02,2005M03,2005M04,2005M05,2005M06,2005M07,2005M08,2005M09,2005M10,2005M11,2005M12,2006M01,2006M02,2006M03,2006M04,2006M05,2006M06,2006M07,2006M08,2006M09,2006M10,2006M11,2006M12,2007M01,2007M02,2007M03,2007M04,2007M05,2007M06,2007M07,2007M08,2007M09,2007M10,2007M11,2007M12,2008M01,2008M02,2008M03,2008M04,2008M05,2008M06,2008M07,2008M08,2008M09,2008M10,2008M11,2008M12,2009M01,2009M02,2009M03,2009M04,2009M05,2009M06,2009M07,2009M08,2009M09,2009M10,2009M11,2009M12,2010M01,2010M02,2010M03,2010M04,2010M05,2010M06,2010M07,2010M08,2010M09,2010M10,2010M11,2010M12,2011M01,2011M02,2011M03,2011M04,2011M05,2011M06,2011M07,2011M08,2011M09,2011M10,2011M11,2011M12,2012M01,2012M02,2012M03,2012M04,2012M05,2012M06,2012M07,2012M08,2012M09,2012M10,2012M11,2012M12,2013M01,2013M02,2013M03,2013M04,2013M05,2013M06,2013M07,2013M08,2013M09,2013M10,2013M11,2013M12,2014M01,2014M02,2014M03,2014M04,2014M05,2014M06,2014M07,2014M08,2014M09,2014M10,2014M11,2014M12,2015M01,2015M02,2015M03,2015M04,2015M05,2015M06,2015M07,2015M08,2015M09,2015M10,2015M11,2015M12,2016M01,2016M02,2016M03,2016M04,2016M05,2016M06,2016M07,2016M08
Estonia,-15.8,-15.8,-15.8,-14.8,-14.8,-14.8,-9.6,-9.6,-9.6,-13.8,-13.8,-13.8,-17.2,-17.2,-17.2,-4.1,-4.1,-4.1,-4.0,-4.0,-3.9,-3.8,-3.8,-3.7,-3.6,-3.6,-3.5,-3.4,-3.4,1.3,-0.8,-2.0,-3.5,0.7,1.4,-2.3,-5.1,-3.6,2.8,1.4,4.0,8.0,0.8,-7.1,-5.7,-1.5,1.5,-6.5,-4.5,10.5,13.1,11.8,11.0,12.2,1.5,-0.8,-2.4,1.5,4.7,-3.1,-5.1,8.6,14.1,15.2,18.4,9.1,2.5,-8.4,-2.5,7.7,11.2,10.1,7.7,13.4,18.3,22.5,26.9,26.3,13.5,9.9,9.2,9.6,14.2,13.4,15.1,18.8,25.4,33.6,33.3,30.8,14.7,7.2,9.3,9.9,15.0,2.2,0.7,3.9,7.4,9.8,6.0,0.0,-7.5,-14.8,-11.4,-26.9,-30.4,-40.5,-44.5,-50.4,-45.5,-32.1,-28.4,-33.9,-34.8,-36.0,-41.1,-28.0,-35.6,-32.6,-25.2,-13.7,-7.1,1.6,2.3,-6.0,-4.7,-12.5,-9.3,-6.3,0.8,-0.8,-2.3,0.0,7.6,13.1,15.5,16.3,-3.2,-14.8,-10.6,-0.8,-0.8,-7.5,-4.1,-0.9,9.8,15.0,11.8,15.3,2.4,-7.2,-9.4,-4.8,0.0,-3.1,-9.4,0.8,4.6,6.3,13.7,15.1,-0.8,-10.8,-11.6,-0.8,3.9,-2.3,-6.1,-3.9,7.8,16.9,19.0,14.0,1.6,-6.3,-7.8,2.3,4.6,-1.6,-4.8,1.6,14.0,14.1,17.8,14.6,4.7,-7.0,-4.7,2.3,0.8,-3.9,-3.3,2.4,9.6,11.8,16.1,13.9,5.5,-9.4
Latvia,-2.0,-2.0,-2.0,3.0,3.0,3.0,0.0,0.0,0.0,6.0,6.0,6.0,-5.0,-5.0,-5.0,9.0,9.0,9.0,-5.0,-5.0,-5.0,9.0,9.0,9.0,3.0,3.0,3.0,9.0,0.0,1.0,-1.0,2.0,12.0,12.0,5.0,-1.0,3.0,2.0,8.0,10.0,11.0,12.0,11.0,5.0,3.0,7.0,3.0,-1.0,3.0,8.0,7.0,10.0,9.0,9.0,8.1,7.1,9.1,13.1,4.1,9.1,7.2,8.9,8.9,9.1,10.3,10.9,13.3,10.9,12.8,10.9,13.9,9.1,13.9,14.7,15.2,21.4,16.9,17.2,12.8,15.2,23.4,18.0,19.6,16.9,16.4,22.1,24.3,27.8,18.6,22.8,21.1,18.5,20.7,16.9,13.4,6.9,6.6,5.7,4.7,3.9,-0.7,-4.1,-5.5,-11.8,-14.2,-14.7,-15.9,-42.4,-38.0,-38.7,-37.2,-28.4,-26.8,-31.2,-32.4,-26.0,-31.2,-24.2,-23.7,-25.2,-27.2,-19.5,-13.3,-6.9,0.1,0.4,0.4,-3.5,-7.5,-4.6,-2.8,-7.6,-5.2,0.8,1.6,2.1,6.4,4.8,5.7,-0.9,-6.5,-5.7,-2.9,-7.2,-1.8,-0.6,7.7,9.5,9.1,10.0,3.4,-0.5,0.5,3.5,-1.2,-1.4,3.5,2.6,6.1,7.8,10.1,10.0,5.9,4.9,-0.5,-1.3,1.3,1.0,0.0,2.2,4.9,7.0,9.1,12.0,7.7,0.7,1.1,3.1,3.1,-2.1,-3.3,-0.6,5.5,5.8,8.2,6.5,2.4,2.6,-0.3,-2.3,-2.0,-4.9,-1.4,1.5,10.6,11.4,11.4,10.8,7.1,1.1
Lithuania,-35.8,-35.8,-35.8,-19.8,-19.8,-19.8,-19.8,-19.8,-19.8,-23.8,-23.8,-23.8,-30.8,-30.8,-30.8,-18.8,-18.8,-18.8,-24.8,-24.8,-24.8,-4.8,-4.8,-4.8,0.2,0.2,0.2,-2.8,4.6,-3.6,3.8,1.6,4.5,-3.2,-4.3,27.5,23.2,2.0,3.2,5.3,6.4,8.6,5.8,7.0,8.2,9.3,8.3,5.2,13.2,14.3,53.8,54.8,54.9,57.5,55.0,12.8,16.8,21.5,10.2,55.2,42.1,59.3,54.6,53.7,48.2,44.9,55.0,55.9,57.3,62.6,56.6,58.3,60.1,28.3,27.8,63.6,56.0,54.1,60.6,55.8,63.5,66.1,66.2,48.8,43.5,49.7,50.2,60.8,56.9,49.9,50.7,50.4,63.9,61.5,61.4,46.4,61.3,44.3,44.4,47.5,34.1,32.1,39.3,31.7,11.2,12.2,-6.2,-22.1,-46.4,-77.3,-76.5,-55.9,-52.5,-39.6,-39.7,-56.5,-55.2,-56.2,-60.9,-63.0,-62.8,-63.1,-56.1,-25.6,-22.5,-12.2,-16.7,-4.8,-5.0,22.6,26.5,27.1,5.2,-1.5,33.2,33.3,35.1,36.0,34.8,33.8,31.1,32.5,33.3,30.6,-25.2,0.0,22.6,1.8,27.4,27.2,7.5,15.1,20.4,30.1,25.1,28.7,-25.2,1.0,4.5,7.8,24.5,25.9,30.3,29.6,13.3,32.2,22.4,15.7,-4.9,18.6,26.1,20.7,25.4,29.4,12.5,22.4,11.6,12.8,8.2,-6.1,-5.9,-3.3,-2.4,-1.1,19.9,14.5,-7.2,4.9,11.9,15.0,9.4,6.0,4.8,3.3,10.6,6.8,11.4,15.7,8.6,-6.2
,,,,,,,,,,,,,,,,,,,,,,,,,,,,,,,,,,,,,,,,,,,,,,,,,,,,,,,,,,,,,,,,,,,,,,,,,,,,,,,,,,,,,,,,,,,,,,,,,,,,,,,,,,,,,,,,,,,,,,,,,,,,,,,,,,,,,,,,,,,,,,,,,,,,,,,,,,,,,,,,,,,,,,,,,,,,,,,,,,,,,,,,,,,,,,,,,,,,,,,,
Special value:,,,,,,,,,,,,,,,,,,,,,,,,,,,,,,,,,,,,,,,,,,,,,,,,,,,,,,,,,,,,,,,,,,,,,,,,,,,,,,,,,,,,,,,,,,,,,,,,,,,,,,,,,,,,,,,,,,,,,,,,,,,,,,,,,,,,,,,,,,,,,,,,,,,,,,,,,,,,,,,,,,,,,,,,,,,,,,,,,,,,,,,,,,,,,,,,,,,,,,,,
:,not available,,,,,,,,,,,,,,,,,,,,,,,,,,,,,,,,,,,,,,,,,,,,,,,,,,,,,,,,,,,,,,,,,,,,,,,,,,,,,,,,,,,,,,,,,,,,,,,,,,,,,,,,,,,,,,,,,,,,,,,,,,,,,,,,,,,,,,,,,,,,,,,,,,,,,,,,,,,,,,,,,,,,,,,,,,,,,,,,,,,,,,,,,,,,,,,,,,,,,,,
,,,,,,,,,,,,,,,,,,,,,,,,,,,,,,,,,,,,,,,,,,,,,,,,,,,,,,,,,,,,,,,,,,,,,,,,,,,,,,,,,,,,,,,,,,,,,,,,,,,,,,,,,,,,,,,,,,,,,,,,,,,,,,,,,,,,,,,,,,,,,,,,,,,,,,,,,,,,,,,,,,,,,,,,,,,,,,,,,,,,,,,,,,,,,,,,,,,,,,,,
INDIC,Employment expectations over the next 3 months,,,,,,,,,,,,,,,,,,,,,,,,,,,,,,,,,,,,,,,,,,,,,,,,,,,,,,,,,,,,,,,,,,,,,,,,,,,,,,,,,,,,,,,,,,,,,,,,,,,,,,,,,,,,,,,,,,,,,,,,,,,,,,,,,,,,,,,,,,,,,,,,,,,,,,,,,,,,,,,,,,,,,,,,,,,,,,,,,,,,,,,,,,,,,,,,,,,,,,,
S_ADJ,"Seasonally adjusted data, not calendar adjusted data",,,,,,,,,,,,,,,,,,,,,,,,,,,,,,,,,,,,,,,,,,,,,,,,,,,,,,,,,,,,,,,,,,,,,,,,,,,,,,,,,,,,,,,,,,,,,,,,,,,,,,,,,,,,,,,,,,,,,,,,,,,,,,,,,,,,,,,,,,,,,,,,,,,,,,,,,,,,,,,,,,,,,,,,,,,,,,,,,,,,,,,,,,,,,,,,,,,,,,,
UNIT,Balance,,,,,,,,,,,,,,,,,,,,,,,,,,,,,,,,,,,,,,,,,,,,,,,,,,,,,,,,,,,,,,,,,,,,,,,,,,,,,,,,,,,,,,,,,,,,,,,,,,,,,,,,,,,,,,,,,,,,,,,,,,,,,,,,,,,,,,,,,,,,,,,,,,,,,,,,,,,,,,,,,,,,,,,,,,,,,,,,,,,,,,,,,,,,,,,,,,,,,,,
,,,,,,,,,,,,,,,,,,,,,,,,,,,,,,,,,,,,,,,,,,,,,,,,,,,,,,,,,,,,,,,,,,,,,,,,,,,,,,,,,,,,,,,,,,,,,,,,,,,,,,,,,,,,,,,,,,,,,,,,,,,,,,,,,,,,,,,,,,,,,,,,,,,,,,,,,,,,,,,,,,,,,,,,,,,,,,,,,,,,,,,,,,,,,,,,,,,,,,,,
GEO/TIME,2000M01,2000M02,2000M03,2000M04,2000M05,2000M06,2000M07,2000M08,2000M09,2000M10,2000M11,2000M12,2001M01,2001M02,2001M03,2001M04,2001M05,2001M06,2001M07,2001M08,2001M09,2001M10,2001M11,2001M12,2002M01,2002M02,2002M03,2002M04,2002M05,2002M06,2002M07,2002M08,2002M09,2002M10,2002M11,2002M12,2003M01,2003M02,2003M03,2003M04,2003M05,2003M06,2003M07,2003M08,2003M09,2003M10,2003M11,2003M12,2004M01,2004M02,2004M03,2004M04,2004M05,2004M06,2004M07,2004M08,2004M09,2004M10,2004M11,2004M12,2005M01,2005M02,2005M03,2005M04,2005M05,2005M06,2005M07,2005M08,2005M09,2005M10,2005M11,2005M12,2006M01,2006M02,2006M03,2006M04,2006M05,2006M06,2006M07,2006M08,2006M09,2006M10,2006M11,2006M12,2007M01,2007M02,2007M03,2007M04,2007M05,2007M06,2007M07,2007M08,2007M09,2007M10,2007M11,2007M12,2008M01,2008M02,2008M03,2008M04,2008M05,2008M06,2008M07,2008M08,2008M09,2008M10,2008M11,2008M12,2009M01,2009M02,2009M03,2009M04,2009M05,2009M06,2009M07,2009M08,2009M09,2009M10,2009M11,2009M12,2010M01,2010M02,2010M03,2010M04,2010M05,2010M06,2010M07,2010M08,2010M09,2010M10,2010M11,2010M12,2011M01,2011M02,2011M03,2011M04,2011M05,2011M06,2011M07,2011M08,2011M09,2011M10,2011M11,2011M12,2012M01,2012M02,2012M03,2012M04,2012M05,2012M06,2012M07,2012M08,2012M09,2012M10,2012M11,2012M12,2013M01,2013M02,2013M03,2013M04,2013M05,2013M06,2013M07,2013M08,2013M09,2013M10,2013M11,2013M12,2014M01,2014M02,2014M03,2014M04,2014M05,2014M06,2014M07,2014M08,2014M09,2014M10,2014M11,2014M12,2015M01,2015M02,2015M03,2015M04,2015M05,2015M06,2015M07,2015M08,2015M09,2015M10,2015M11,2015M12,2016M01,2016M02,2016M03,2016M04,2016M05,2016M06,2016M07,2016M08
Estonia,-12.5,-12.7,-12.9,-15.7,-15.9,-16.1,-10.2,-10.1,-10.0,-15.9,-16.0,-16.0,-11.7,-12.0,-12.3,-5.4,-5.3,-5.2,-5.2,-5.1,-5.0,-6.5,-6.5,-6.8,1.3,1.9,2.3,-3.4,-3.3,0.7,-1.4,-2.3,-3.5,-1.5,-1.0,-4.0,-1.1,0.2,5.4,0.1,2.5,5.1,-0.4,-6.5,-5.2,-3.2,-0.9,-6.7,-1.6,10.8,12.5,9.4,8.7,8.5,2.0,2.2,1.0,2.2,4.1,0.4,-0.4,6.8,9.8,10.9,13.9,4.9,4.0,-2.3,2.4,8.0,9.6,13.4,12.6,10.8,12.3,16.2,19.6,20.5,16.2,18.5,17.1,13.0,14.6,18.3,20.9,16.7,18.8,25.0,23.8,23.9,18.7,17.3,18.1,14.8,16.0,8.7,7.8,3.3,1.4,0.3,-4.8,-7.9,-5.1,-6.1,-5.0,-21.2,-28.5,-33.5,-37.6,-49.1,-51.1,-44.9,-43.4,-45.9,-38.2,-34.1,-40.1,-27.9,-36.0,-28.2,-21.0,-13.0,-11.3,-9.5,-9.2,-12.4,-4.2,-5.9,-3.2,-0.8,5.6,8.6,7.1,6.4,8.1,5.8,7.0,11.9,0.1,-5.6,-3.6,3.1,2.6,0.1,2.3,2.4,6.3,4.1,0.4,6.6,2.3,0.4,-2.6,-3.0,1.3,2.3,-4.0,1.5,-1.2,-5.3,0.8,4.2,-0.7,-1.5,-2.8,1.5,4.5,2.7,0.4,-2.1,1.8,5.5,6.0,2.5,3.3,5.0,3.8,5.9,5.7,4.5,3.5,4.4,8.0,3.6,5.0,3.0,6.0,4.2,6.6,5.6,1.5,1.8,4.7,4.9,3.1,1.6,2.6,1.7,5.6,1.6
Latvia,-3.7,-3.9,-3.6,1.6,2.3,3.0,-1.6,-1.2,-0.8,7.2,8.0,8.8,-3.5,-3.8,-4.1,6.3,6.9,7.4,-4.3,-4.6,-4.8,7.4,8.1,8.8,5.6,5.7,5.8,6.1,-1.0,-0.1,1.2,3.5,11.7,9.0,3.8,-0.8,5.8,5.0,10.0,6.2,9.2,10.0,13.2,7.8,4.0,3.8,1.9,-0.3,5.8,10.3,8.6,5.9,6.9,6.5,9.5,9.6,9.8,9.1,4.3,10.3,9.8,10.5,9.7,5.7,8.6,8.9,13.6,13.1,12.8,7.9,14.6,12.1,16.0,15.6,15.4,18.4,15.7,15.7,13.2,16.9,22.3,16.3,20.8,20.5,18.8,22.4,23.9,24.6,18.7,21.9,21.7,20.5,19.6,16.8,15.6,11.7,10.0,6.6,4.6,1.0,-0.5,-5.0,-5.8,-10.7,-16.0,-15.7,-16.2,-36.3,-35.2,-38.8,-39.3,-35.3,-30.9,-35.4,-35.7,-29.2,-35.8,-28.5,-27.5,-21.0,-24.0,-18.9,-14.4,-12.2,-3.0,-1.5,0.2,-2.4,-5.5,-3.4,-1.5,2.5,3.5,6.0,4.6,0.6,4.2,3.7,5.4,0.6,-3.2,-5.0,-4.2,0.2,3.8,1.8,6.7,4.9,2.9,5.2,0.2,-1.2,3.1,3.5,-1.1,4.7,7.5,4.3,4.1,3.3,3.1,4.0,2.6,5.0,3.5,0.9,2.8,6.7,3.7,3.8,2.7,2.9,2.7,5.6,4.7,2.0,5.3,6.2,6.1,3.8,0.9,1.6,3.2,2.0,2.2,0.2,-0.1,3.6,3.2,0.5,0.7,0.4,2.0,3.0,6.9,6.6,5.2,4.6,5.1,2.8
Lithuania,-35.6,-35.5,-35.0,-23.1,-22.6,-22.2,-27.0,-26.2,-25.5,-18.8,-18.3,-17.9,-27.2,-27.1,-26.9,-19.8,-19.4,-19.0,-30.3,-30.7,-31.1,-4.0,-2.8,-1.7,1.2,2.0,2.8,-3.2,3.7,-2.1,1.3,-0.1,2.2,0.1,-0.2,26.4,22.9,6.9,8.4,5.8,5.5,9.5,5.6,7.1,7.5,9.6,9.3,0.7,8.6,15.2,48.6,48.2,48.7,54.3,54.7,22.5,25.3,27.7,19.2,50.3,40.0,59.9,48.9,47.8,42.9,42.0,51.8,63.6,64.6,68.7,67.8,54.7,58.8,33.7,25.6,54.6,49.7,50.0,54.9,61.3,67.3,68.6,74.3,48.2,46.0,56.8,50.4,51.3,50.9,46.2,43.3,53.2,62.6,60.0,65.8,47.7,62.9,52.9,49.4,41.2,33.5,33.3,35.5,34.8,12.7,10.9,-1.9,-16.1,-40.0,-61.6,-66.0,-63.9,-58.2,-47.4,-53.5,-64.4,-65.8,-69.6,-69.9,-65.1,-62.9,-53.1,-48.7,-35.9,-29.2,-20.8,-26.6,-10.5,-9.2,13.2,22.2,32.9,18.5,23.7,50.6,36.0,39.5,36.8,34.7,36.2,34.9,28.9,32.1,35.3,-4.0,24.0,32.5,3.2,22.7,17.5,1.0,8.0,13.8,15.6,13.9,21.2,-3.2,18.0,7.3,7.0,14.6,13.4,23.1,22.0,10.1,18.3,12.7,8.3,19.9,34.1,28.6,24.7,19.1,20.8,11.9,18.3,13.0,4.1,2.9,-8.4,22.5,10.4,-0.3,3.4,10.5,4.4,-6.4,-0.9,9.9,4.3,3.3,4.1,26.2,12.5,12.3,11.8,3.6,6.8,10.7,-7.6
,,,,,,,,,,,,,,,,,,,,,,,,,,,,,,,,,,,,,,,,,,,,,,,,,,,,,,,,,,,,,,,,,,,,,,,,,,,,,,,,,,,,,,,,,,,,,,,,,,,,,,,,,,,,,,,,,,,,,,,,,,,,,,,,,,,,,,,,,,,,,,,,,,,,,,,,,,,,,,,,,,,,,,,,,,,,,,,,,,,,,,,,,,,,,,,,,,,,,,,,
Special value:,,,,,,,,,,,,,,,,,,,,,,,,,,,,,,,,,,,,,,,,,,,,,,,,,,,,,,,,,,,,,,,,,,,,,,,,,,,,,,,,,,,,,,,,,,,,,,,,,,,,,,,,,,,,,,,,,,,,,,,,,,,,,,,,,,,,,,,,,,,,,,,,,,,,,,,,,,,,,,,,,,,,,,,,,,,,,,,,,,,,,,,,,,,,,,,,,,,,,,,,
:,not available,,,,,,,,,,,,,,,,,,,,,,,,,,,,,,,,,,,,,,,,,,,,,,,,,,,,,,,,,,,,,,,,,,,,,,,,,,,,,,,,,,,,,,,,,,,,,,,,,,,,,,,,,,,,,,,,,,,,,,,,,,,,,,,,,,,,,,,,,,,,,,,,,,,,,,,,,,,,,,,,,,,,,,,,,,,,,,,,,,,,,,,,,,,,,,,,,,,,,,,
