Import prices in industry - monthly data [sts_inpi_m],,,,,,,,,,,,,,,,,,,,,,,,,,,,,,,,,,,,,,,,,,,,,,,,,,,,,,,,,,,,,,,,,,,,,,,,,,,,,,,,,,,,,,,,,,,,,,,,,,,,,,,,,,,,,,,,,,,,,,,,,,,,,,,,,,,,,,,,,,,,,,,,,,,,,,,,,,,,,,,,,,,,,,,,,,,,,,,,,,,,,,,,,,,,,,,,,,,,,,,,
,,,,,,,,,,,,,,,,,,,,,,,,,,,,,,,,,,,,,,,,,,,,,,,,,,,,,,,,,,,,,,,,,,,,,,,,,,,,,,,,,,,,,,,,,,,,,,,,,,,,,,,,,,,,,,,,,,,,,,,,,,,,,,,,,,,,,,,,,,,,,,,,,,,,,,,,,,,,,,,,,,,,,,,,,,,,,,,,,,,,,,,,,,,,,,,,,,,,,,,,
Last update,22.09.16,,,,,,,,,,,,,,,,,,,,,,,,,,,,,,,,,,,,,,,,,,,,,,,,,,,,,,,,,,,,,,,,,,,,,,,,,,,,,,,,,,,,,,,,,,,,,,,,,,,,,,,,,,,,,,,,,,,,,,,,,,,,,,,,,,,,,,,,,,,,,,,,,,,,,,,,,,,,,,,,,,,,,,,,,,,,,,,,,,,,,,,,,,,,,,,,,,,,,,,
Extracted on,26.09.16,,,,,,,,,,,,,,,,,,,,,,,,,,,,,,,,,,,,,,,,,,,,,,,,,,,,,,,,,,,,,,,,,,,,,,,,,,,,,,,,,,,,,,,,,,,,,,,,,,,,,,,,,,,,,,,,,,,,,,,,,,,,,,,,,,,,,,,,,,,,,,,,,,,,,,,,,,,,,,,,,,,,,,,,,,,,,,,,,,,,,,,,,,,,,,,,,,,,,,,
Source of data,Eurostat,,,,,,,,,,,,,,,,,,,,,,,,,,,,,,,,,,,,,,,,,,,,,,,,,,,,,,,,,,,,,,,,,,,,,,,,,,,,,,,,,,,,,,,,,,,,,,,,,,,,,,,,,,,,,,,,,,,,,,,,,,,,,,,,,,,,,,,,,,,,,,,,,,,,,,,,,,,,,,,,,,,,,,,,,,,,,,,,,,,,,,,,,,,,,,,,,,,,,,,
,,,,,,,,,,,,,,,,,,,,,,,,,,,,,,,,,,,,,,,,,,,,,,,,,,,,,,,,,,,,,,,,,,,,,,,,,,,,,,,,,,,,,,,,,,,,,,,,,,,,,,,,,,,,,,,,,,,,,,,,,,,,,,,,,,,,,,,,,,,,,,,,,,,,,,,,,,,,,,,,,,,,,,,,,,,,,,,,,,,,,,,,,,,,,,,,,,,,,,,,
INDIC_BT,Import price index,,,,,,,,,,,,,,,,,,,,,,,,,,,,,,,,,,,,,,,,,,,,,,,,,,,,,,,,,,,,,,,,,,,,,,,,,,,,,,,,,,,,,,,,,,,,,,,,,,,,,,,,,,,,,,,,,,,,,,,,,,,,,,,,,,,,,,,,,,,,,,,,,,,,,,,,,,,,,,,,,,,,,,,,,,,,,,,,,,,,,,,,,,,,,,,,,,,,,,,
NACE_R2,"Mining and quarrying; manufacturing; electricity, gas, steam and air conditioning supply",,,,,,,,,,,,,,,,,,,,,,,,,,,,,,,,,,,,,,,,,,,,,,,,,,,,,,,,,,,,,,,,,,,,,,,,,,,,,,,,,,,,,,,,,,,,,,,,,,,,,,,,,,,,,,,,,,,,,,,,,,,,,,,,,,,,,,,,,,,,,,,,,,,,,,,,,,,,,,,,,,,,,,,,,,,,,,,,,,,,,,,,,,,,,,,,,,,,,,,
S_ADJ,Unadjusted data (i.e. neither seasonally adjusted nor calendar adjusted data),,,,,,,,,,,,,,,,,,,,,,,,,,,,,,,,,,,,,,,,,,,,,,,,,,,,,,,,,,,,,,,,,,,,,,,,,,,,,,,,,,,,,,,,,,,,,,,,,,,,,,,,,,,,,,,,,,,,,,,,,,,,,,,,,,,,,,,,,,,,,,,,,,,,,,,,,,,,,,,,,,,,,,,,,,,,,,,,,,,,,,,,,,,,,,,,,,,,,,,
UNIT,"Index, 2010=100",,,,,,,,,,,,,,,,,,,,,,,,,,,,,,,,,,,,,,,,,,,,,,,,,,,,,,,,,,,,,,,,,,,,,,,,,,,,,,,,,,,,,,,,,,,,,,,,,,,,,,,,,,,,,,,,,,,,,,,,,,,,,,,,,,,,,,,,,,,,,,,,,,,,,,,,,,,,,,,,,,,,,,,,,,,,,,,,,,,,,,,,,,,,,,,,,,,,,,,
,,,,,,,,,,,,,,,,,,,,,,,,,,,,,,,,,,,,,,,,,,,,,,,,,,,,,,,,,,,,,,,,,,,,,,,,,,,,,,,,,,,,,,,,,,,,,,,,,,,,,,,,,,,,,,,,,,,,,,,,,,,,,,,,,,,,,,,,,,,,,,,,,,,,,,,,,,,,,,,,,,,,,,,,,,,,,,,,,,,,,,,,,,,,,,,,,,,,,,,,
GEO/TIME,2000M01,2000M02,2000M03,2000M04,2000M05,2000M06,2000M07,2000M08,2000M09,2000M10,2000M11,2000M12,2001M01,2001M02,2001M03,2001M04,2001M05,2001M06,2001M07,2001M08,2001M09,2001M10,2001M11,2001M12,2002M01,2002M02,2002M03,2002M04,2002M05,2002M06,2002M07,2002M08,2002M09,2002M10,2002M11,2002M12,2003M01,2003M02,2003M03,2003M04,2003M05,2003M06,2003M07,2003M08,2003M09,2003M10,2003M11,2003M12,2004M01,2004M02,2004M03,2004M04,2004M05,2004M06,2004M07,2004M08,2004M09,2004M10,2004M11,2004M12,2005M01,2005M02,2005M03,2005M04,2005M05,2005M06,2005M07,2005M08,2005M09,2005M10,2005M11,2005M12,2006M01,2006M02,2006M03,2006M04,2006M05,2006M06,2006M07,2006M08,2006M09,2006M10,2006M11,2006M12,2007M01,2007M02,2007M03,2007M04,2007M05,2007M06,2007M07,2007M08,2007M09,2007M10,2007M11,2007M12,2008M01,2008M02,2008M03,2008M04,2008M05,2008M06,2008M07,2008M08,2008M09,2008M10,2008M11,2008M12,2009M01,2009M02,2009M03,2009M04,2009M05,2009M06,2009M07,2009M08,2009M09,2009M10,2009M11,2009M12,2010M01,2010M02,2010M03,2010M04,2010M05,2010M06,2010M07,2010M08,2010M09,2010M10,2010M11,2010M12,2011M01,2011M02,2011M03,2011M04,2011M05,2011M06,2011M07,2011M08,2011M09,2011M10,2011M11,2011M12,2012M01,2012M02,2012M03,2012M04,2012M05,2012M06,2012M07,2012M08,2012M09,2012M10,2012M11,2012M12,2013M01,2013M02,2013M03,2013M04,2013M05,2013M06,2013M07,2013M08,2013M09,2013M10,2013M11,2013M12,2014M01,2014M02,2014M03,2014M04,2014M05,2014M06,2014M07,2014M08,2014M09,2014M10,2014M11,2014M12,2015M01,2015M02,2015M03,2015M04,2015M05,2015M06,2015M07,2015M08,2015M09,2015M10,2015M11,2015M12,2016M01,2016M02,2016M03,2016M04,2016M05,2016M06,2016M07,2016M08
Estonia,:,:,:,:,:,:,:,:,:,:,:,:,:,:,:,:,:,:,:,:,:,:,:,:,:,:,:,:,:,:,:,:,:,:,:,:,:,:,:,:,:,:,:,:,:,:,:,:,:,:,:,:,:,:,:,:,:,:,:,:,:,:,:,:,:,:,:,:,:,:,:,:,:,:,:,:,:,:,:,:,:,:,:,:,:,:,:,:,:,:,:,:,:,:,:,:,:,:,:,:,:,:,:,:,:,:,:,:,:,:,:,:,:,:,:,:,:,:,:,:,:,:,:,:,:,:,:,:,:,:,:,:,107.0,108.3,109.8,111.0,112.9,111.3,111.5,113.1,112.7,111.6,113.2,111.6,112.9,115.1,116.6,117.3,117.3,115.5,114.4,116.3,116.8,116.4,115.1,114.4,113.8,114.5,115.1,114.1,113.0,113.0,112.5,113.3,113.8,112.4,116.5,111.8,112.1,111.4,111.4,111.2,111.5,111.7,112.2,111.5,111.8,110.6,109.6,107.6,105.6,106.1,107.8,109.1,109.9,109.2,108.6,107.2,105.2,104.9,104.8,104.3,102.8,101.5,102.3,103.4,104.3,105.7,104.7,104.1
Latvia,:,:,:,:,:,:,:,:,:,:,:,:,:,:,:,:,:,:,:,:,:,:,:,:,:,:,:,:,:,:,:,:,:,:,:,:,:,:,:,:,:,:,:,:,:,:,:,:,:,:,:,:,:,:,:,:,:,:,:,:,:,:,:,:,:,:,:,:,:,:,:,:,:,:,:,:,:,:,:,:,:,:,:,:,:,:,:,:,:,:,:,:,:,:,:,:,:,:,:,:,:,:,:,:,:,:,:,:,:,:,:,:,:,:,:,:,:,:,:,:,:,:,:,:,:,:,:,:,:,:,:,:,:,:,:,:,:,:,:,:,:,:,:,:,:,:,:,:,:,:,:,:,:,:,:,:,:,:,:,:,:,:,:,:,:,:,:,:,121.7,121.2,119.4,119.7,117.8,118.8,120.4,121.1,120.3,119.6,118.1,117.8,121.0,121.2,121.0,118.3,119.3,118.9,117.8,115.4,114.0,114.0,113.9,113.7,110.4,108.0,107.5,108.1,108.7,110.4,110.4,:
Lithuania,:,:,:,:,:,:,:,:,:,:,:,:,:,:,:,:,:,:,:,:,:,:,:,:,:,:,:,:,:,:,:,:,:,:,:,:,:,:,:,:,:,:,:,:,:,:,:,:,:,:,:,:,:,:,:,:,:,:,:,:,:,:,:,:,:,:,:,:,:,:,:,:,:,:,:,:,:,:,:,:,:,:,:,:,:,:,:,:,:,:,:,:,:,:,:,:,:,:,:,:,:,:,:,:,:,:,:,:,:,:,:,:,:,:,:,:,:,:,:,:,94.3,95.9,98.3,99.9,98.6,101.3,100.8,100.1,101.2,100.7,102.2,106.7,108.1,111.0,114.7,116.5,114.8,114.5,116.9,113.9,117.8,116.1,116.4,117.5,119.2,121.5,122.9,120.8,119.4,116.3,119.4,123.3,121.2,120.7,120.5,119.2,119.7,120.1,119.1,117.3,117.5,117.1,118.5,118.8,118.5,116.5,115.9,116.1,115.7,115.9,114.7,114.5,115.0,115.7,114.6,114.0,113.6,111.8,109.6,105.2,101.7,104.9,105.8,106.9,107.6,106.7,105.3,102.4,101.2,101.4,99.8,97.7,94.0,93.6,95.6,96.6,97.8,98.6,:,:
,,,,,,,,,,,,,,,,,,,,,,,,,,,,,,,,,,,,,,,,,,,,,,,,,,,,,,,,,,,,,,,,,,,,,,,,,,,,,,,,,,,,,,,,,,,,,,,,,,,,,,,,,,,,,,,,,,,,,,,,,,,,,,,,,,,,,,,,,,,,,,,,,,,,,,,,,,,,,,,,,,,,,,,,,,,,,,,,,,,,,,,,,,,,,,,,,,,,,,,,
Special value:,,,,,,,,,,,,,,,,,,,,,,,,,,,,,,,,,,,,,,,,,,,,,,,,,,,,,,,,,,,,,,,,,,,,,,,,,,,,,,,,,,,,,,,,,,,,,,,,,,,,,,,,,,,,,,,,,,,,,,,,,,,,,,,,,,,,,,,,,,,,,,,,,,,,,,,,,,,,,,,,,,,,,,,,,,,,,,,,,,,,,,,,,,,,,,,,,,,,,,,,
:,not available,,,,,,,,,,,,,,,,,,,,,,,,,,,,,,,,,,,,,,,,,,,,,,,,,,,,,,,,,,,,,,,,,,,,,,,,,,,,,,,,,,,,,,,,,,,,,,,,,,,,,,,,,,,,,,,,,,,,,,,,,,,,,,,,,,,,,,,,,,,,,,,,,,,,,,,,,,,,,,,,,,,,,,,,,,,,,,,,,,,,,,,,,,,,,,,,,,,,,,,
,,,,,,,,,,,,,,,,,,,,,,,,,,,,,,,,,,,,,,,,,,,,,,,,,,,,,,,,,,,,,,,,,,,,,,,,,,,,,,,,,,,,,,,,,,,,,,,,,,,,,,,,,,,,,,,,,,,,,,,,,,,,,,,,,,,,,,,,,,,,,,,,,,,,,,,,,,,,,,,,,,,,,,,,,,,,,,,,,,,,,,,,,,,,,,,,,,,,,,,,
INDIC_BT,Import price index,,,,,,,,,,,,,,,,,,,,,,,,,,,,,,,,,,,,,,,,,,,,,,,,,,,,,,,,,,,,,,,,,,,,,,,,,,,,,,,,,,,,,,,,,,,,,,,,,,,,,,,,,,,,,,,,,,,,,,,,,,,,,,,,,,,,,,,,,,,,,,,,,,,,,,,,,,,,,,,,,,,,,,,,,,,,,,,,,,,,,,,,,,,,,,,,,,,,,,,
NACE_R2,"Mining and quarrying; manufacturing; electricity, gas, steam and air conditioning supply",,,,,,,,,,,,,,,,,,,,,,,,,,,,,,,,,,,,,,,,,,,,,,,,,,,,,,,,,,,,,,,,,,,,,,,,,,,,,,,,,,,,,,,,,,,,,,,,,,,,,,,,,,,,,,,,,,,,,,,,,,,,,,,,,,,,,,,,,,,,,,,,,,,,,,,,,,,,,,,,,,,,,,,,,,,,,,,,,,,,,,,,,,,,,,,,,,,,,,,
S_ADJ,Unadjusted data (i.e. neither seasonally adjusted nor calendar adjusted data),,,,,,,,,,,,,,,,,,,,,,,,,,,,,,,,,,,,,,,,,,,,,,,,,,,,,,,,,,,,,,,,,,,,,,,,,,,,,,,,,,,,,,,,,,,,,,,,,,,,,,,,,,,,,,,,,,,,,,,,,,,,,,,,,,,,,,,,,,,,,,,,,,,,,,,,,,,,,,,,,,,,,,,,,,,,,,,,,,,,,,,,,,,,,,,,,,,,,,,
UNIT,Percentage change over previous period,,,,,,,,,,,,,,,,,,,,,,,,,,,,,,,,,,,,,,,,,,,,,,,,,,,,,,,,,,,,,,,,,,,,,,,,,,,,,,,,,,,,,,,,,,,,,,,,,,,,,,,,,,,,,,,,,,,,,,,,,,,,,,,,,,,,,,,,,,,,,,,,,,,,,,,,,,,,,,,,,,,,,,,,,,,,,,,,,,,,,,,,,,,,,,,,,,,,,,,
,,,,,,,,,,,,,,,,,,,,,,,,,,,,,,,,,,,,,,,,,,,,,,,,,,,,,,,,,,,,,,,,,,,,,,,,,,,,,,,,,,,,,,,,,,,,,,,,,,,,,,,,,,,,,,,,,,,,,,,,,,,,,,,,,,,,,,,,,,,,,,,,,,,,,,,,,,,,,,,,,,,,,,,,,,,,,,,,,,,,,,,,,,,,,,,,,,,,,,,,
GEO/TIME,2000M01,2000M02,2000M03,2000M04,2000M05,2000M06,2000M07,2000M08,2000M09,2000M10,2000M11,2000M12,2001M01,2001M02,2001M03,2001M04,2001M05,2001M06,2001M07,2001M08,2001M09,2001M10,2001M11,2001M12,2002M01,2002M02,2002M03,2002M04,2002M05,2002M06,2002M07,2002M08,2002M09,2002M10,2002M11,2002M12,2003M01,2003M02,2003M03,2003M04,2003M05,2003M06,2003M07,2003M08,2003M09,2003M10,2003M11,2003M12,2004M01,2004M02,2004M03,2004M04,2004M05,2004M06,2004M07,2004M08,2004M09,2004M10,2004M11,2004M12,2005M01,2005M02,2005M03,2005M04,2005M05,2005M06,2005M07,2005M08,2005M09,2005M10,2005M11,2005M12,2006M01,2006M02,2006M03,2006M04,2006M05,2006M06,2006M07,2006M08,2006M09,2006M10,2006M11,2006M12,2007M01,2007M02,2007M03,2007M04,2007M05,2007M06,2007M07,2007M08,2007M09,2007M10,2007M11,2007M12,2008M01,2008M02,2008M03,2008M04,2008M05,2008M06,2008M07,2008M08,2008M09,2008M10,2008M11,2008M12,2009M01,2009M02,2009M03,2009M04,2009M05,2009M06,2009M07,2009M08,2009M09,2009M10,2009M11,2009M12,2010M01,2010M02,2010M03,2010M04,2010M05,2010M06,2010M07,2010M08,2010M09,2010M10,2010M11,2010M12,2011M01,2011M02,2011M03,2011M04,2011M05,2011M06,2011M07,2011M08,2011M09,2011M10,2011M11,2011M12,2012M01,2012M02,2012M03,2012M04,2012M05,2012M06,2012M07,2012M08,2012M09,2012M10,2012M11,2012M12,2013M01,2013M02,2013M03,2013M04,2013M05,2013M06,2013M07,2013M08,2013M09,2013M10,2013M11,2013M12,2014M01,2014M02,2014M03,2014M04,2014M05,2014M06,2014M07,2014M08,2014M09,2014M10,2014M11,2014M12,2015M01,2015M02,2015M03,2015M04,2015M05,2015M06,2015M07,2015M08,2015M09,2015M10,2015M11,2015M12,2016M01,2016M02,2016M03,2016M04,2016M05,2016M06,2016M07,2016M08
Estonia,:,:,:,:,:,:,:,:,:,:,:,:,:,:,:,:,:,:,:,:,:,:,:,:,:,:,:,:,:,:,:,:,:,:,:,:,:,:,:,:,:,:,:,:,:,:,:,:,:,:,:,:,:,:,:,:,:,:,:,:,:,:,:,:,:,:,:,:,:,:,:,:,:,:,:,:,:,:,:,:,:,:,:,:,:,:,:,:,:,:,:,:,:,:,:,:,:,:,:,:,:,:,:,:,:,:,:,:,:,:,:,:,:,:,:,:,:,:,:,:,:,:,:,:,:,:,:,:,:,:,:,:,:,1.2,1.4,1.1,1.7,-1.4,0.2,1.4,-0.4,-1.0,1.4,-1.4,1.2,1.9,1.3,0.6,0.0,-1.5,-1.0,1.7,0.4,-0.3,-1.1,-0.6,-0.5,0.6,0.5,-0.9,-1.0,0.0,-0.4,0.7,0.4,-1.2,3.6,-4.0,0.3,-0.6,0.0,-0.2,0.3,0.2,0.4,-0.6,0.3,-1.1,-0.9,-1.8,-1.9,0.5,1.6,1.2,0.7,-0.6,-0.5,-1.3,-1.9,-0.3,-0.1,-0.5,-1.4,-1.3,0.8,1.1,0.9,1.3,-0.9,-0.6
Latvia,:,:,:,:,:,:,:,:,:,:,:,:,:,:,:,:,:,:,:,:,:,:,:,:,:,:,:,:,:,:,:,:,:,:,:,:,:,:,:,:,:,:,:,:,:,:,:,:,:,:,:,:,:,:,:,:,:,:,:,:,:,:,:,:,:,:,:,:,:,:,:,:,:,:,:,:,:,:,:,:,:,:,:,:,:,:,:,:,:,:,:,:,:,:,:,:,:,:,:,:,:,:,:,:,:,:,:,:,:,:,:,:,:,:,:,:,:,:,:,:,:,:,:,:,:,:,:,:,:,:,:,:,:,:,:,:,:,:,:,:,:,:,:,:,:,:,:,:,:,:,:,:,:,:,:,:,:,:,:,:,:,:,:,:,:,:,:,:,:,-0.4,-1.5,0.3,-1.6,0.9,1.3,0.6,-0.7,-0.6,-1.3,-0.2,2.7,0.2,-0.1,-2.2,0.8,-0.3,-1.0,-2.0,-1.2,0.0,-0.1,-0.2,-2.9,-2.2,-0.5,0.6,0.6,1.5,0.0,:
Lithuania,:,:,:,:,:,:,:,:,:,:,:,:,:,:,:,:,:,:,:,:,:,:,:,:,:,:,:,:,:,:,:,:,:,:,:,:,:,:,:,:,:,:,:,:,:,:,:,:,:,:,:,:,:,:,:,:,:,:,:,:,:,:,:,:,:,:,:,:,:,:,:,:,:,:,:,:,:,:,:,:,:,:,:,:,:,:,:,:,:,:,:,:,:,:,:,:,:,:,:,:,:,:,:,:,:,:,:,:,:,:,:,:,:,:,:,:,:,:,:,:,:,1.8,2.5,1.6,-1.3,2.8,-0.5,-0.7,1.1,-0.5,1.5,4.4,1.3,2.7,3.3,1.6,-1.5,-0.3,2.1,-2.5,3.4,-1.5,0.3,1.0,1.4,1.9,1.1,-1.6,-1.2,-2.5,2.6,3.2,-1.7,-0.4,-0.2,-1.1,0.4,0.3,-0.8,-1.5,0.2,-0.4,1.1,0.3,-0.2,-1.7,-0.5,0.2,-0.3,0.2,-1.0,-0.2,0.4,0.6,-0.9,-0.5,-0.3,-1.6,-2.0,-4.0,-3.3,3.2,0.8,1.1,0.6,-0.9,-1.3,-2.8,-1.1,0.2,-1.5,-2.1,-3.8,-0.4,2.1,1.1,1.2,0.8,:,:
,,,,,,,,,,,,,,,,,,,,,,,,,,,,,,,,,,,,,,,,,,,,,,,,,,,,,,,,,,,,,,,,,,,,,,,,,,,,,,,,,,,,,,,,,,,,,,,,,,,,,,,,,,,,,,,,,,,,,,,,,,,,,,,,,,,,,,,,,,,,,,,,,,,,,,,,,,,,,,,,,,,,,,,,,,,,,,,,,,,,,,,,,,,,,,,,,,,,,,,,
Special value:,,,,,,,,,,,,,,,,,,,,,,,,,,,,,,,,,,,,,,,,,,,,,,,,,,,,,,,,,,,,,,,,,,,,,,,,,,,,,,,,,,,,,,,,,,,,,,,,,,,,,,,,,,,,,,,,,,,,,,,,,,,,,,,,,,,,,,,,,,,,,,,,,,,,,,,,,,,,,,,,,,,,,,,,,,,,,,,,,,,,,,,,,,,,,,,,,,,,,,,,
:,not available,,,,,,,,,,,,,,,,,,,,,,,,,,,,,,,,,,,,,,,,,,,,,,,,,,,,,,,,,,,,,,,,,,,,,,,,,,,,,,,,,,,,,,,,,,,,,,,,,,,,,,,,,,,,,,,,,,,,,,,,,,,,,,,,,,,,,,,,,,,,,,,,,,,,,,,,,,,,,,,,,,,,,,,,,,,,,,,,,,,,,,,,,,,,,,,,,,,,,,,
,,,,,,,,,,,,,,,,,,,,,,,,,,,,,,,,,,,,,,,,,,,,,,,,,,,,,,,,,,,,,,,,,,,,,,,,,,,,,,,,,,,,,,,,,,,,,,,,,,,,,,,,,,,,,,,,,,,,,,,,,,,,,,,,,,,,,,,,,,,,,,,,,,,,,,,,,,,,,,,,,,,,,,,,,,,,,,,,,,,,,,,,,,,,,,,,,,,,,,,,
INDIC_BT,Import price index,,,,,,,,,,,,,,,,,,,,,,,,,,,,,,,,,,,,,,,,,,,,,,,,,,,,,,,,,,,,,,,,,,,,,,,,,,,,,,,,,,,,,,,,,,,,,,,,,,,,,,,,,,,,,,,,,,,,,,,,,,,,,,,,,,,,,,,,,,,,,,,,,,,,,,,,,,,,,,,,,,,,,,,,,,,,,,,,,,,,,,,,,,,,,,,,,,,,,,,
NACE_R2,"Mining and quarrying; manufacturing; electricity, gas, steam and air conditioning supply",,,,,,,,,,,,,,,,,,,,,,,,,,,,,,,,,,,,,,,,,,,,,,,,,,,,,,,,,,,,,,,,,,,,,,,,,,,,,,,,,,,,,,,,,,,,,,,,,,,,,,,,,,,,,,,,,,,,,,,,,,,,,,,,,,,,,,,,,,,,,,,,,,,,,,,,,,,,,,,,,,,,,,,,,,,,,,,,,,,,,,,,,,,,,,,,,,,,,,,
S_ADJ,Unadjusted data (i.e. neither seasonally adjusted nor calendar adjusted data),,,,,,,,,,,,,,,,,,,,,,,,,,,,,,,,,,,,,,,,,,,,,,,,,,,,,,,,,,,,,,,,,,,,,,,,,,,,,,,,,,,,,,,,,,,,,,,,,,,,,,,,,,,,,,,,,,,,,,,,,,,,,,,,,,,,,,,,,,,,,,,,,,,,,,,,,,,,,,,,,,,,,,,,,,,,,,,,,,,,,,,,,,,,,,,,,,,,,,,
UNIT,Percentage change compared to same period in previous year,,,,,,,,,,,,,,,,,,,,,,,,,,,,,,,,,,,,,,,,,,,,,,,,,,,,,,,,,,,,,,,,,,,,,,,,,,,,,,,,,,,,,,,,,,,,,,,,,,,,,,,,,,,,,,,,,,,,,,,,,,,,,,,,,,,,,,,,,,,,,,,,,,,,,,,,,,,,,,,,,,,,,,,,,,,,,,,,,,,,,,,,,,,,,,,,,,,,,,,
,,,,,,,,,,,,,,,,,,,,,,,,,,,,,,,,,,,,,,,,,,,,,,,,,,,,,,,,,,,,,,,,,,,,,,,,,,,,,,,,,,,,,,,,,,,,,,,,,,,,,,,,,,,,,,,,,,,,,,,,,,,,,,,,,,,,,,,,,,,,,,,,,,,,,,,,,,,,,,,,,,,,,,,,,,,,,,,,,,,,,,,,,,,,,,,,,,,,,,,,
GEO/TIME,2000M01,2000M02,2000M03,2000M04,2000M05,2000M06,2000M07,2000M08,2000M09,2000M10,2000M11,2000M12,2001M01,2001M02,2001M03,2001M04,2001M05,2001M06,2001M07,2001M08,2001M09,2001M10,2001M11,2001M12,2002M01,2002M02,2002M03,2002M04,2002M05,2002M06,2002M07,2002M08,2002M09,2002M10,2002M11,2002M12,2003M01,2003M02,2003M03,2003M04,2003M05,2003M06,2003M07,2003M08,2003M09,2003M10,2003M11,2003M12,2004M01,2004M02,2004M03,2004M04,2004M05,2004M06,2004M07,2004M08,2004M09,2004M10,2004M11,2004M12,2005M01,2005M02,2005M03,2005M04,2005M05,2005M06,2005M07,2005M08,2005M09,2005M10,2005M11,2005M12,2006M01,2006M02,2006M03,2006M04,2006M05,2006M06,2006M07,2006M08,2006M09,2006M10,2006M11,2006M12,2007M01,2007M02,2007M03,2007M04,2007M05,2007M06,2007M07,2007M08,2007M09,2007M10,2007M11,2007M12,2008M01,2008M02,2008M03,2008M04,2008M05,2008M06,2008M07,2008M08,2008M09,2008M10,2008M11,2008M12,2009M01,2009M02,2009M03,2009M04,2009M05,2009M06,2009M07,2009M08,2009M09,2009M10,2009M11,2009M12,2010M01,2010M02,2010M03,2010M04,2010M05,2010M06,2010M07,2010M08,2010M09,2010M10,2010M11,2010M12,2011M01,2011M02,2011M03,2011M04,2011M05,2011M06,2011M07,2011M08,2011M09,2011M10,2011M11,2011M12,2012M01,2012M02,2012M03,2012M04,2012M05,2012M06,2012M07,2012M08,2012M09,2012M10,2012M11,2012M12,2013M01,2013M02,2013M03,2013M04,2013M05,2013M06,2013M07,2013M08,2013M09,2013M10,2013M11,2013M12,2014M01,2014M02,2014M03,2014M04,2014M05,2014M06,2014M07,2014M08,2014M09,2014M10,2014M11,2014M12,2015M01,2015M02,2015M03,2015M04,2015M05,2015M06,2015M07,2015M08,2015M09,2015M10,2015M11,2015M12,2016M01,2016M02,2016M03,2016M04,2016M05,2016M06,2016M07,2016M08
Estonia,:,:,:,:,:,:,:,:,:,:,:,:,:,:,:,:,:,:,:,:,:,:,:,:,:,:,:,:,:,:,:,:,:,:,:,:,:,:,:,:,:,:,:,:,:,:,:,:,:,:,:,:,:,:,:,:,:,:,:,:,:,:,:,:,:,:,:,:,:,:,:,:,:,:,:,:,:,:,:,:,:,:,:,:,:,:,:,:,:,:,:,:,:,:,:,:,:,:,:,:,:,:,:,:,:,:,:,:,:,:,:,:,:,:,:,:,:,:,:,:,:,:,:,:,:,:,:,:,:,:,:,:,:,:,:,:,:,:,:,:,:,:,:,:,5.5,6.3,6.2,5.7,3.9,3.8,2.6,2.8,3.6,4.3,1.7,2.5,0.8,-0.5,-1.3,-2.7,-3.7,-2.2,-1.7,-2.6,-2.6,-3.4,1.2,-2.3,-1.5,-2.7,-3.2,-2.5,-1.3,-1.2,-0.3,-1.6,-1.8,-1.6,-5.9,-3.8,-5.8,-4.8,-3.2,-1.9,-1.4,-2.2,-3.2,-3.9,-5.9,-5.2,-4.4,-3.1,-2.7,-4.3,-5.1,-5.2,-5.1,-3.2,-3.6,-2.9
Latvia,:,:,:,:,:,:,:,:,:,:,:,:,:,:,:,:,:,:,:,:,:,:,:,:,:,:,:,:,:,:,:,:,:,:,:,:,:,:,:,:,:,:,:,:,:,:,:,:,:,:,:,:,:,:,:,:,:,:,:,:,:,:,:,:,:,:,:,:,:,:,:,:,:,:,:,:,:,:,:,:,:,:,:,:,:,:,:,:,:,:,:,:,:,:,:,:,:,:,:,:,:,:,:,:,:,:,:,:,:,:,:,:,:,:,:,:,:,:,:,:,:,:,:,:,:,:,:,:,:,:,:,:,:,:,:,:,:,:,:,:,:,:,:,:,:,:,:,:,:,:,:,:,:,:,:,:,:,:,:,:,:,:,:,:,:,:,:,:,:,:,:,:,:,:,:,:,:,:,:,:,-0.6,0.0,1.4,-1.1,1.3,0.1,-2.1,-4.7,-5.2,-4.7,-3.5,-3.5,-8.7,-10.9,-11.2,-8.6,-8.9,-7.2,-6.3,:
Lithuania,:,:,:,:,:,:,:,:,:,:,:,:,:,:,:,:,:,:,:,:,:,:,:,:,:,:,:,:,:,:,:,:,:,:,:,:,:,:,:,:,:,:,:,:,:,:,:,:,:,:,:,:,:,:,:,:,:,:,:,:,:,:,:,:,:,:,:,:,:,:,:,:,:,:,:,:,:,:,:,:,:,:,:,:,:,:,:,:,:,:,:,:,:,:,:,:,:,:,:,:,:,:,:,:,:,:,:,:,:,:,:,:,:,:,:,:,:,:,:,:,:,:,:,:,:,:,:,:,:,:,:,:,14.6,15.7,16.6,16.7,16.5,13.0,15.9,13.8,16.5,15.3,13.9,10.1,10.3,9.4,7.1,3.7,4.0,1.6,2.2,8.2,2.8,4.0,3.5,1.4,0.4,-1.2,-3.0,-2.9,-1.5,0.7,-0.8,-3.6,-2.2,-3.5,-3.9,-2.6,-3.3,-3.5,-3.7,-2.4,-2.2,-1.3,-3.3,-4.1,-4.2,-4.0,-5.4,-9.4,-12.1,-9.5,-7.8,-6.6,-6.4,-7.8,-8.1,-10.2,-10.9,-9.3,-8.9,-7.1,-7.6,-10.8,-9.6,-9.7,-9.1,-7.6,:,:
,,,,,,,,,,,,,,,,,,,,,,,,,,,,,,,,,,,,,,,,,,,,,,,,,,,,,,,,,,,,,,,,,,,,,,,,,,,,,,,,,,,,,,,,,,,,,,,,,,,,,,,,,,,,,,,,,,,,,,,,,,,,,,,,,,,,,,,,,,,,,,,,,,,,,,,,,,,,,,,,,,,,,,,,,,,,,,,,,,,,,,,,,,,,,,,,,,,,,,,,
Special value:,,,,,,,,,,,,,,,,,,,,,,,,,,,,,,,,,,,,,,,,,,,,,,,,,,,,,,,,,,,,,,,,,,,,,,,,,,,,,,,,,,,,,,,,,,,,,,,,,,,,,,,,,,,,,,,,,,,,,,,,,,,,,,,,,,,,,,,,,,,,,,,,,,,,,,,,,,,,,,,,,,,,,,,,,,,,,,,,,,,,,,,,,,,,,,,,,,,,,,,,
:,not available,,,,,,,,,,,,,,,,,,,,,,,,,,,,,,,,,,,,,,,,,,,,,,,,,,,,,,,,,,,,,,,,,,,,,,,,,,,,,,,,,,,,,,,,,,,,,,,,,,,,,,,,,,,,,,,,,,,,,,,,,,,,,,,,,,,,,,,,,,,,,,,,,,,,,,,,,,,,,,,,,,,,,,,,,,,,,,,,,,,,,,,,,,,,,,,,,,,,,,,
