"Turnover in industry, total - monthly data [sts_intv_m]",,,,,,,,,,,,,,,,,,,,,,,,,,,,,,,,,,,,,,,,,,,,,,,,,,,,,,,,,,,,,,,,,,,,,,,,,,,,,,,,,,,,,,,,,,,,,,,,,,,,,,,,,,,,,,,,,,,,,,,,,,,,,,,,,,,,,,,,,,,,,,,,,,,,,,,,,,,,,,,,,,,,,,,,,,,,,,,,,,,,,,,,,,,,,,,,,,,,,,,
,,,,,,,,,,,,,,,,,,,,,,,,,,,,,,,,,,,,,,,,,,,,,,,,,,,,,,,,,,,,,,,,,,,,,,,,,,,,,,,,,,,,,,,,,,,,,,,,,,,,,,,,,,,,,,,,,,,,,,,,,,,,,,,,,,,,,,,,,,,,,,,,,,,,,,,,,,,,,,,,,,,,,,,,,,,,,,,,,,,,,,,,,,,,,,,,,,,,,,,
Last update,22.09.16,,,,,,,,,,,,,,,,,,,,,,,,,,,,,,,,,,,,,,,,,,,,,,,,,,,,,,,,,,,,,,,,,,,,,,,,,,,,,,,,,,,,,,,,,,,,,,,,,,,,,,,,,,,,,,,,,,,,,,,,,,,,,,,,,,,,,,,,,,,,,,,,,,,,,,,,,,,,,,,,,,,,,,,,,,,,,,,,,,,,,,,,,,,,,,,,,,,,,,
Extracted on,26.09.16,,,,,,,,,,,,,,,,,,,,,,,,,,,,,,,,,,,,,,,,,,,,,,,,,,,,,,,,,,,,,,,,,,,,,,,,,,,,,,,,,,,,,,,,,,,,,,,,,,,,,,,,,,,,,,,,,,,,,,,,,,,,,,,,,,,,,,,,,,,,,,,,,,,,,,,,,,,,,,,,,,,,,,,,,,,,,,,,,,,,,,,,,,,,,,,,,,,,,,
Source of data,Eurostat,,,,,,,,,,,,,,,,,,,,,,,,,,,,,,,,,,,,,,,,,,,,,,,,,,,,,,,,,,,,,,,,,,,,,,,,,,,,,,,,,,,,,,,,,,,,,,,,,,,,,,,,,,,,,,,,,,,,,,,,,,,,,,,,,,,,,,,,,,,,,,,,,,,,,,,,,,,,,,,,,,,,,,,,,,,,,,,,,,,,,,,,,,,,,,,,,,,,,,
,,,,,,,,,,,,,,,,,,,,,,,,,,,,,,,,,,,,,,,,,,,,,,,,,,,,,,,,,,,,,,,,,,,,,,,,,,,,,,,,,,,,,,,,,,,,,,,,,,,,,,,,,,,,,,,,,,,,,,,,,,,,,,,,,,,,,,,,,,,,,,,,,,,,,,,,,,,,,,,,,,,,,,,,,,,,,,,,,,,,,,,,,,,,,,,,,,,,,,,
INDIC_BT,Index of turnover - Total,,,,,,,,,,,,,,,,,,,,,,,,,,,,,,,,,,,,,,,,,,,,,,,,,,,,,,,,,,,,,,,,,,,,,,,,,,,,,,,,,,,,,,,,,,,,,,,,,,,,,,,,,,,,,,,,,,,,,,,,,,,,,,,,,,,,,,,,,,,,,,,,,,,,,,,,,,,,,,,,,,,,,,,,,,,,,,,,,,,,,,,,,,,,,,,,,,,,,,
NACE_R2,Mining and quarrying; manufacturing,,,,,,,,,,,,,,,,,,,,,,,,,,,,,,,,,,,,,,,,,,,,,,,,,,,,,,,,,,,,,,,,,,,,,,,,,,,,,,,,,,,,,,,,,,,,,,,,,,,,,,,,,,,,,,,,,,,,,,,,,,,,,,,,,,,,,,,,,,,,,,,,,,,,,,,,,,,,,,,,,,,,,,,,,,,,,,,,,,,,,,,,,,,,,,,,,,,,,,
S_ADJ,Unadjusted data (i.e. neither seasonally adjusted nor calendar adjusted data),,,,,,,,,,,,,,,,,,,,,,,,,,,,,,,,,,,,,,,,,,,,,,,,,,,,,,,,,,,,,,,,,,,,,,,,,,,,,,,,,,,,,,,,,,,,,,,,,,,,,,,,,,,,,,,,,,,,,,,,,,,,,,,,,,,,,,,,,,,,,,,,,,,,,,,,,,,,,,,,,,,,,,,,,,,,,,,,,,,,,,,,,,,,,,,,,,,,,,
UNIT,"Index, 2010=100",,,,,,,,,,,,,,,,,,,,,,,,,,,,,,,,,,,,,,,,,,,,,,,,,,,,,,,,,,,,,,,,,,,,,,,,,,,,,,,,,,,,,,,,,,,,,,,,,,,,,,,,,,,,,,,,,,,,,,,,,,,,,,,,,,,,,,,,,,,,,,,,,,,,,,,,,,,,,,,,,,,,,,,,,,,,,,,,,,,,,,,,,,,,,,,,,,,,,,
,,,,,,,,,,,,,,,,,,,,,,,,,,,,,,,,,,,,,,,,,,,,,,,,,,,,,,,,,,,,,,,,,,,,,,,,,,,,,,,,,,,,,,,,,,,,,,,,,,,,,,,,,,,,,,,,,,,,,,,,,,,,,,,,,,,,,,,,,,,,,,,,,,,,,,,,,,,,,,,,,,,,,,,,,,,,,,,,,,,,,,,,,,,,,,,,,,,,,,,
GEO/TIME,2000M01,2000M02,2000M03,2000M04,2000M05,2000M06,2000M07,2000M08,2000M09,2000M10,2000M11,2000M12,2001M01,2001M02,2001M03,2001M04,2001M05,2001M06,2001M07,2001M08,2001M09,2001M10,2001M11,2001M12,2002M01,2002M02,2002M03,2002M04,2002M05,2002M06,2002M07,2002M08,2002M09,2002M10,2002M11,2002M12,2003M01,2003M02,2003M03,2003M04,2003M05,2003M06,2003M07,2003M08,2003M09,2003M10,2003M11,2003M12,2004M01,2004M02,2004M03,2004M04,2004M05,2004M06,2004M07,2004M08,2004M09,2004M10,2004M11,2004M12,2005M01,2005M02,2005M03,2005M04,2005M05,2005M06,2005M07,2005M08,2005M09,2005M10,2005M11,2005M12,2006M01,2006M02,2006M03,2006M04,2006M05,2006M06,2006M07,2006M08,2006M09,2006M10,2006M11,2006M12,2007M01,2007M02,2007M03,2007M04,2007M05,2007M06,2007M07,2007M08,2007M09,2007M10,2007M11,2007M12,2008M01,2008M02,2008M03,2008M04,2008M05,2008M06,2008M07,2008M08,2008M09,2008M10,2008M11,2008M12,2009M01,2009M02,2009M03,2009M04,2009M05,2009M06,2009M07,2009M08,2009M09,2009M10,2009M11,2009M12,2010M01,2010M02,2010M03,2010M04,2010M05,2010M06,2010M07,2010M08,2010M09,2010M10,2010M11,2010M12,2011M01,2011M02,2011M03,2011M04,2011M05,2011M06,2011M07,2011M08,2011M09,2011M10,2011M11,2011M12,2012M01,2012M02,2012M03,2012M04,2012M05,2012M06,2012M07,2012M08,2012M09,2012M10,2012M11,2012M12,2013M01,2013M02,2013M03,2013M04,2013M05,2013M06,2013M07,2013M08,2013M09,2013M10,2013M11,2013M12,2014M01,2014M02,2014M03,2014M04,2014M05,2014M06,2014M07,2014M08,2014M09,2014M10,2014M11,2014M12,2015M01,2015M02,2015M03,2015M04,2015M05,2015M06,2015M07,2015M08,2015M09,2015M10,2015M11,2015M12,2016M01,2016M02,2016M03,2016M04,2016M05,2016M06,2016M07
Estonia,35.7,38.0,43.8,40.6,45.8,46.6,38.6,46.3,46.6,48.1,48.7,43.8,44.5,43.4,50.9,47.9,53.1,52.4,48.0,52.4,50.9,56.7,55.1,46.6,47.5,48.0,51.7,56.8,59.6,53.6,52.8,55.7,59.8,62.8,58.2,50.7,52.3,52.8,59.4,60.2,62.8,60.1,57.1,60.7,67.3,71.0,64.7,60.6,56.6,57.7,69.9,69.7,71.0,71.7,65.6,70.3,75.1,75.0,75.9,70.3,63.9,67.7,78.0,78.7,83.4,82.0,73.1,82.5,87.9,84.7,87.2,82.4,76.6,73.6,92.8,86.0,99.3,98.6,83.5,96.4,98.0,101.9,100.9,90.3,89.4,91.2,107.4,104.7,114.4,111.2,97.3,110.8,109.4,118.5,113.0,96.6,103.0,105.9,107.2,119.1,115.5,112.3,109.0,104.8,119.7,112.6,93.6,83.9,76.4,74.0,81.7,78.0,78.9,80.8,75.2,80.1,85.7,84.7,82.4,76.9,72.0,76.4,92.5,91.2,98.1,99.7,94.2,101.8,117.4,120.2,122.2,114.4,109.9,111.9,138.1,129.7,137.1,130.0,125.0,140.5,129.3,127.4,128.4,115.6,118.5,119.4,132.5,127.6,139.7,136.0,121.5,137.1,138.3,141.7,144.3,116.4,135.4,128.9,136.4,146.7,154.8,140.5,136.3,139.5,140.4,152.0,142.5,118.8,127.7,126.9,145.5,147.3,150.1,144.3,144.3,142.5,159.2,162.3,151.0,131.1,130.8,129.8,153.4,146.8,144.2,146.2,134.2,137.1,146.2,149.9,142.3,129.0,120.6,132.6,146.9,148.3,152.0,148.8,125.5
Latvia,31.9,34.4,37.6,34.8,40.0,42.2,36.5,40.0,39.0,40.4,40.2,40.5,37.8,39.5,44.6,40.9,49.6,46.9,45.9,46.9,43.9,48.5,45.7,40.4,42.6,40.9,44.3,51.3,53.7,48.3,47.9,51.7,50.6,53.5,52.2,47.6,46.8,47.6,52.1,56.2,58.2,57.5,61.1,56.4,61.3,62.5,56.2,57.8,54.0,58.1,67.3,68.3,70.4,68.9,72.8,69.3,72.1,69.8,72.0,74.0,64.2,67.7,76.9,80.7,81.4,84.7,84.2,85.0,84.7,87.7,88.4,87.1,76.9,78.6,92.4,88.4,97.7,102.5,95.2,103.5,101.5,106.3,101.3,97.9,96.5,95.7,115.0,105.3,122.6,117.7,114.7,121.0,111.1,121.8,116.9,103.8,107.3,113.1,111.7,129.1,122.9,120.7,121.4,122.8,127.8,119.0,100.4,95.5,78.6,78.6,86.3,88.4,87.4,91.6,87.1,85.4,92.7,93.4,86.2,86.2,72.8,79.6,93.6,97.8,101.2,102.2,107.6,109.7,114.5,112.7,105.2,102.9,97.8,98.8,116.4,112.3,123.4,123.8,117.8,126.1,128.2,125.8,124.5,113.5,117.0,112.9,130.8,126.1,141.2,137.1,133.5,145.9,138.0,143.4,134.5,117.2,124.4,116.2,125.7,128.2,139.6,134.7,138.7,140.3,137.7,146.8,136.6,121.4,119.3,121.6,132.4,136.2,136.9,131.8,136.9,129.0,141.3,143.8,124.8,118.3,116.3,115.3,136.2,141.0,132.8,137.3,138.2,129.5,137.7,140.1,129.7,121.1,113.4,123.2,132.0,139.0,142.5,135.3,128.0
Lithuania,33.8,35.2,42.4,36.1,38.3,41.5,41.1,43.3,46.3,40.8,43.1,42.5,41.1,38.7,40.6,39.2,48.2,44.6,43.4,43.0,42.5,46.4,41.7,39.1,36.1,35.3,44.3,43.2,47.9,45.2,43.7,44.7,46.9,47.4,44.8,46.1,43.6,47.9,46.0,42.3,44.8,45.7,50.5,52.6,52.6,55.5,52.8,53.1,45.5,49.9,54.1,56.5,53.2,58.9,58.9,60.7,65.2,68.5,62.5,64.4,60.9,57.9,72.2,70.1,75.7,74.2,72.3,80.2,89.9,80.1,85.8,85.6,78.1,76.2,91.1,84.7,99.5,94.9,89.3,88.6,93.2,86.6,85.2,81.2,78.6,76.1,88.9,92.0,100.4,103.0,106.5,106.7,98.9,99.8,98.6,103.3,102.1,107.9,117.8,129.2,130.5,136.9,139.1,128.6,130.7,112.1,97.0,87.6,76.4,74.7,76.1,77.3,82.3,90.3,89.2,86.8,86.5,83.6,82.7,83.6,73.2,79.1,87.0,94.0,98.0,106.5,105.3,107.7,107.0,112.6,112.8,116.7,111.2,110.3,117.9,114.8,131.6,133.5,129.7,133.6,135.0,129.8,129.8,126.3,123.6,118.6,132.2,132.7,106.1,131.4,137.7,154.1,148.8,154.6,145.5,135.4,135.0,131.4,144.0,135.2,134.4,136.4,142.1,145.6,145.4,149.2,136.5,130.2,118.7,121.6,123.9,137.9,141.8,134.4,142.5,131.6,143.1,146.9,135.9,123.3,107.3,117.6,129.7,131.2,139.3,143.4,141.2,129.0,129.9,139.2,134.0,121.9,107.2,116.0,123.6,118.8,132.5,132.9,127.8
,,,,,,,,,,,,,,,,,,,,,,,,,,,,,,,,,,,,,,,,,,,,,,,,,,,,,,,,,,,,,,,,,,,,,,,,,,,,,,,,,,,,,,,,,,,,,,,,,,,,,,,,,,,,,,,,,,,,,,,,,,,,,,,,,,,,,,,,,,,,,,,,,,,,,,,,,,,,,,,,,,,,,,,,,,,,,,,,,,,,,,,,,,,,,,,,,,,,,,,
Special value:,,,,,,,,,,,,,,,,,,,,,,,,,,,,,,,,,,,,,,,,,,,,,,,,,,,,,,,,,,,,,,,,,,,,,,,,,,,,,,,,,,,,,,,,,,,,,,,,,,,,,,,,,,,,,,,,,,,,,,,,,,,,,,,,,,,,,,,,,,,,,,,,,,,,,,,,,,,,,,,,,,,,,,,,,,,,,,,,,,,,,,,,,,,,,,,,,,,,,,,
:,not available,,,,,,,,,,,,,,,,,,,,,,,,,,,,,,,,,,,,,,,,,,,,,,,,,,,,,,,,,,,,,,,,,,,,,,,,,,,,,,,,,,,,,,,,,,,,,,,,,,,,,,,,,,,,,,,,,,,,,,,,,,,,,,,,,,,,,,,,,,,,,,,,,,,,,,,,,,,,,,,,,,,,,,,,,,,,,,,,,,,,,,,,,,,,,,,,,,,,,,
,,,,,,,,,,,,,,,,,,,,,,,,,,,,,,,,,,,,,,,,,,,,,,,,,,,,,,,,,,,,,,,,,,,,,,,,,,,,,,,,,,,,,,,,,,,,,,,,,,,,,,,,,,,,,,,,,,,,,,,,,,,,,,,,,,,,,,,,,,,,,,,,,,,,,,,,,,,,,,,,,,,,,,,,,,,,,,,,,,,,,,,,,,,,,,,,,,,,,,,
INDIC_BT,Index of turnover - Total,,,,,,,,,,,,,,,,,,,,,,,,,,,,,,,,,,,,,,,,,,,,,,,,,,,,,,,,,,,,,,,,,,,,,,,,,,,,,,,,,,,,,,,,,,,,,,,,,,,,,,,,,,,,,,,,,,,,,,,,,,,,,,,,,,,,,,,,,,,,,,,,,,,,,,,,,,,,,,,,,,,,,,,,,,,,,,,,,,,,,,,,,,,,,,,,,,,,,,
NACE_R2,Mining and quarrying; manufacturing,,,,,,,,,,,,,,,,,,,,,,,,,,,,,,,,,,,,,,,,,,,,,,,,,,,,,,,,,,,,,,,,,,,,,,,,,,,,,,,,,,,,,,,,,,,,,,,,,,,,,,,,,,,,,,,,,,,,,,,,,,,,,,,,,,,,,,,,,,,,,,,,,,,,,,,,,,,,,,,,,,,,,,,,,,,,,,,,,,,,,,,,,,,,,,,,,,,,,,
S_ADJ,Unadjusted data (i.e. neither seasonally adjusted nor calendar adjusted data),,,,,,,,,,,,,,,,,,,,,,,,,,,,,,,,,,,,,,,,,,,,,,,,,,,,,,,,,,,,,,,,,,,,,,,,,,,,,,,,,,,,,,,,,,,,,,,,,,,,,,,,,,,,,,,,,,,,,,,,,,,,,,,,,,,,,,,,,,,,,,,,,,,,,,,,,,,,,,,,,,,,,,,,,,,,,,,,,,,,,,,,,,,,,,,,,,,,,,
UNIT,Percentage change over previous period,,,,,,,,,,,,,,,,,,,,,,,,,,,,,,,,,,,,,,,,,,,,,,,,,,,,,,,,,,,,,,,,,,,,,,,,,,,,,,,,,,,,,,,,,,,,,,,,,,,,,,,,,,,,,,,,,,,,,,,,,,,,,,,,,,,,,,,,,,,,,,,,,,,,,,,,,,,,,,,,,,,,,,,,,,,,,,,,,,,,,,,,,,,,,,,,,,,,,,
,,,,,,,,,,,,,,,,,,,,,,,,,,,,,,,,,,,,,,,,,,,,,,,,,,,,,,,,,,,,,,,,,,,,,,,,,,,,,,,,,,,,,,,,,,,,,,,,,,,,,,,,,,,,,,,,,,,,,,,,,,,,,,,,,,,,,,,,,,,,,,,,,,,,,,,,,,,,,,,,,,,,,,,,,,,,,,,,,,,,,,,,,,,,,,,,,,,,,,,
GEO/TIME,2000M01,2000M02,2000M03,2000M04,2000M05,2000M06,2000M07,2000M08,2000M09,2000M10,2000M11,2000M12,2001M01,2001M02,2001M03,2001M04,2001M05,2001M06,2001M07,2001M08,2001M09,2001M10,2001M11,2001M12,2002M01,2002M02,2002M03,2002M04,2002M05,2002M06,2002M07,2002M08,2002M09,2002M10,2002M11,2002M12,2003M01,2003M02,2003M03,2003M04,2003M05,2003M06,2003M07,2003M08,2003M09,2003M10,2003M11,2003M12,2004M01,2004M02,2004M03,2004M04,2004M05,2004M06,2004M07,2004M08,2004M09,2004M10,2004M11,2004M12,2005M01,2005M02,2005M03,2005M04,2005M05,2005M06,2005M07,2005M08,2005M09,2005M10,2005M11,2005M12,2006M01,2006M02,2006M03,2006M04,2006M05,2006M06,2006M07,2006M08,2006M09,2006M10,2006M11,2006M12,2007M01,2007M02,2007M03,2007M04,2007M05,2007M06,2007M07,2007M08,2007M09,2007M10,2007M11,2007M12,2008M01,2008M02,2008M03,2008M04,2008M05,2008M06,2008M07,2008M08,2008M09,2008M10,2008M11,2008M12,2009M01,2009M02,2009M03,2009M04,2009M05,2009M06,2009M07,2009M08,2009M09,2009M10,2009M11,2009M12,2010M01,2010M02,2010M03,2010M04,2010M05,2010M06,2010M07,2010M08,2010M09,2010M10,2010M11,2010M12,2011M01,2011M02,2011M03,2011M04,2011M05,2011M06,2011M07,2011M08,2011M09,2011M10,2011M11,2011M12,2012M01,2012M02,2012M03,2012M04,2012M05,2012M06,2012M07,2012M08,2012M09,2012M10,2012M11,2012M12,2013M01,2013M02,2013M03,2013M04,2013M05,2013M06,2013M07,2013M08,2013M09,2013M10,2013M11,2013M12,2014M01,2014M02,2014M03,2014M04,2014M05,2014M06,2014M07,2014M08,2014M09,2014M10,2014M11,2014M12,2015M01,2015M02,2015M03,2015M04,2015M05,2015M06,2015M07,2015M08,2015M09,2015M10,2015M11,2015M12,2016M01,2016M02,2016M03,2016M04,2016M05,2016M06,2016M07
Estonia,:,:,:,:,:,:,:,:,:,:,:,:,:,:,:,:,:,:,:,:,:,:,:,:,:,:,:,:,:,:,:,:,:,:,:,:,:,:,:,:,:,:,:,:,:,:,:,:,:,:,:,:,:,:,:,:,:,:,:,:,:,:,:,:,:,:,:,:,:,:,:,:,:,:,:,:,:,:,:,:,:,:,:,:,:,:,:,:,:,:,:,:,:,:,:,:,:,:,:,:,:,:,:,:,:,:,:,:,:,:,:,:,:,:,:,:,:,:,:,:,:,:,:,:,:,:,:,:,:,:,:,:,:,:,:,:,:,:,:,:,:,:,:,:,:,:,:,:,:,:,:,:,:,:,:,:,:,:,:,:,:,:,:,:,:,:,:,:,:,:,:,:,:,:,:,:,:,:,:,:,:,:,:,:,:,:,:,:,:,:,:,:,:,:,:,:,:,:,:
Latvia,:,:,:,:,:,:,:,:,:,:,:,:,:,:,:,:,:,:,:,:,:,:,:,:,:,:,:,:,:,:,:,:,:,:,:,:,:,:,:,:,:,:,:,:,:,:,:,:,:,:,:,:,:,:,:,:,:,:,:,:,:,:,:,:,:,:,:,:,:,:,:,:,:,:,:,:,:,:,:,:,:,:,:,:,:,:,:,:,:,:,:,:,:,:,:,:,:,:,:,:,:,:,:,:,:,:,:,:,:,:,:,:,:,:,:,:,:,:,:,:,:,:,:,:,:,:,:,:,:,:,:,:,:,:,:,:,:,:,:,:,:,:,:,:,:,:,:,:,:,:,:,:,:,:,:,:,:,:,:,:,:,:,:,:,:,:,:,:,:,:,:,:,:,:,:,:,:,:,:,:,:,:,:,:,:,:,:,:,:,:,:,:,:,:,:,:,:,:,:
Lithuania,:,:,:,:,:,:,:,:,:,:,:,:,:,:,:,:,:,:,:,:,:,:,:,:,:,:,:,:,:,:,:,:,:,:,:,:,:,:,:,:,:,:,:,:,:,:,:,:,:,:,:,:,:,:,:,:,:,:,:,:,:,:,:,:,:,:,:,:,:,:,:,:,:,:,:,:,:,:,:,:,:,:,:,:,:,:,:,:,:,:,:,:,:,:,:,:,:,:,:,:,:,:,:,:,:,:,:,:,:,:,:,:,:,:,:,:,:,:,:,:,:,:,:,:,:,:,:,:,:,:,:,:,:,:,:,:,:,:,:,:,:,:,:,:,:,:,:,:,:,:,:,:,:,:,:,:,:,:,:,:,:,:,:,:,:,:,:,:,:,:,:,:,:,:,:,:,:,:,:,:,:,:,:,:,:,:,:,:,:,:,:,:,:,:,:,:,:,:,:
,,,,,,,,,,,,,,,,,,,,,,,,,,,,,,,,,,,,,,,,,,,,,,,,,,,,,,,,,,,,,,,,,,,,,,,,,,,,,,,,,,,,,,,,,,,,,,,,,,,,,,,,,,,,,,,,,,,,,,,,,,,,,,,,,,,,,,,,,,,,,,,,,,,,,,,,,,,,,,,,,,,,,,,,,,,,,,,,,,,,,,,,,,,,,,,,,,,,,,,
Special value:,,,,,,,,,,,,,,,,,,,,,,,,,,,,,,,,,,,,,,,,,,,,,,,,,,,,,,,,,,,,,,,,,,,,,,,,,,,,,,,,,,,,,,,,,,,,,,,,,,,,,,,,,,,,,,,,,,,,,,,,,,,,,,,,,,,,,,,,,,,,,,,,,,,,,,,,,,,,,,,,,,,,,,,,,,,,,,,,,,,,,,,,,,,,,,,,,,,,,,,
:,not available,,,,,,,,,,,,,,,,,,,,,,,,,,,,,,,,,,,,,,,,,,,,,,,,,,,,,,,,,,,,,,,,,,,,,,,,,,,,,,,,,,,,,,,,,,,,,,,,,,,,,,,,,,,,,,,,,,,,,,,,,,,,,,,,,,,,,,,,,,,,,,,,,,,,,,,,,,,,,,,,,,,,,,,,,,,,,,,,,,,,,,,,,,,,,,,,,,,,,,
,,,,,,,,,,,,,,,,,,,,,,,,,,,,,,,,,,,,,,,,,,,,,,,,,,,,,,,,,,,,,,,,,,,,,,,,,,,,,,,,,,,,,,,,,,,,,,,,,,,,,,,,,,,,,,,,,,,,,,,,,,,,,,,,,,,,,,,,,,,,,,,,,,,,,,,,,,,,,,,,,,,,,,,,,,,,,,,,,,,,,,,,,,,,,,,,,,,,,,,
INDIC_BT,Index of turnover - Total,,,,,,,,,,,,,,,,,,,,,,,,,,,,,,,,,,,,,,,,,,,,,,,,,,,,,,,,,,,,,,,,,,,,,,,,,,,,,,,,,,,,,,,,,,,,,,,,,,,,,,,,,,,,,,,,,,,,,,,,,,,,,,,,,,,,,,,,,,,,,,,,,,,,,,,,,,,,,,,,,,,,,,,,,,,,,,,,,,,,,,,,,,,,,,,,,,,,,,
NACE_R2,Mining and quarrying; manufacturing,,,,,,,,,,,,,,,,,,,,,,,,,,,,,,,,,,,,,,,,,,,,,,,,,,,,,,,,,,,,,,,,,,,,,,,,,,,,,,,,,,,,,,,,,,,,,,,,,,,,,,,,,,,,,,,,,,,,,,,,,,,,,,,,,,,,,,,,,,,,,,,,,,,,,,,,,,,,,,,,,,,,,,,,,,,,,,,,,,,,,,,,,,,,,,,,,,,,,,
S_ADJ,Unadjusted data (i.e. neither seasonally adjusted nor calendar adjusted data),,,,,,,,,,,,,,,,,,,,,,,,,,,,,,,,,,,,,,,,,,,,,,,,,,,,,,,,,,,,,,,,,,,,,,,,,,,,,,,,,,,,,,,,,,,,,,,,,,,,,,,,,,,,,,,,,,,,,,,,,,,,,,,,,,,,,,,,,,,,,,,,,,,,,,,,,,,,,,,,,,,,,,,,,,,,,,,,,,,,,,,,,,,,,,,,,,,,,,
UNIT,Percentage change compared to same period in previous year,,,,,,,,,,,,,,,,,,,,,,,,,,,,,,,,,,,,,,,,,,,,,,,,,,,,,,,,,,,,,,,,,,,,,,,,,,,,,,,,,,,,,,,,,,,,,,,,,,,,,,,,,,,,,,,,,,,,,,,,,,,,,,,,,,,,,,,,,,,,,,,,,,,,,,,,,,,,,,,,,,,,,,,,,,,,,,,,,,,,,,,,,,,,,,,,,,,,,,
,,,,,,,,,,,,,,,,,,,,,,,,,,,,,,,,,,,,,,,,,,,,,,,,,,,,,,,,,,,,,,,,,,,,,,,,,,,,,,,,,,,,,,,,,,,,,,,,,,,,,,,,,,,,,,,,,,,,,,,,,,,,,,,,,,,,,,,,,,,,,,,,,,,,,,,,,,,,,,,,,,,,,,,,,,,,,,,,,,,,,,,,,,,,,,,,,,,,,,,
GEO/TIME,2000M01,2000M02,2000M03,2000M04,2000M05,2000M06,2000M07,2000M08,2000M09,2000M10,2000M11,2000M12,2001M01,2001M02,2001M03,2001M04,2001M05,2001M06,2001M07,2001M08,2001M09,2001M10,2001M11,2001M12,2002M01,2002M02,2002M03,2002M04,2002M05,2002M06,2002M07,2002M08,2002M09,2002M10,2002M11,2002M12,2003M01,2003M02,2003M03,2003M04,2003M05,2003M06,2003M07,2003M08,2003M09,2003M10,2003M11,2003M12,2004M01,2004M02,2004M03,2004M04,2004M05,2004M06,2004M07,2004M08,2004M09,2004M10,2004M11,2004M12,2005M01,2005M02,2005M03,2005M04,2005M05,2005M06,2005M07,2005M08,2005M09,2005M10,2005M11,2005M12,2006M01,2006M02,2006M03,2006M04,2006M05,2006M06,2006M07,2006M08,2006M09,2006M10,2006M11,2006M12,2007M01,2007M02,2007M03,2007M04,2007M05,2007M06,2007M07,2007M08,2007M09,2007M10,2007M11,2007M12,2008M01,2008M02,2008M03,2008M04,2008M05,2008M06,2008M07,2008M08,2008M09,2008M10,2008M11,2008M12,2009M01,2009M02,2009M03,2009M04,2009M05,2009M06,2009M07,2009M08,2009M09,2009M10,2009M11,2009M12,2010M01,2010M02,2010M03,2010M04,2010M05,2010M06,2010M07,2010M08,2010M09,2010M10,2010M11,2010M12,2011M01,2011M02,2011M03,2011M04,2011M05,2011M06,2011M07,2011M08,2011M09,2011M10,2011M11,2011M12,2012M01,2012M02,2012M03,2012M04,2012M05,2012M06,2012M07,2012M08,2012M09,2012M10,2012M11,2012M12,2013M01,2013M02,2013M03,2013M04,2013M05,2013M06,2013M07,2013M08,2013M09,2013M10,2013M11,2013M12,2014M01,2014M02,2014M03,2014M04,2014M05,2014M06,2014M07,2014M08,2014M09,2014M10,2014M11,2014M12,2015M01,2015M02,2015M03,2015M04,2015M05,2015M06,2015M07,2015M08,2015M09,2015M10,2015M11,2015M12,2016M01,2016M02,2016M03,2016M04,2016M05,2016M06,2016M07
Estonia,:,:,:,:,:,:,:,:,:,:,:,:,:,:,:,:,:,:,:,:,:,:,:,:,:,:,:,:,:,:,:,:,:,:,:,:,:,:,:,:,:,:,:,:,:,:,:,:,:,:,:,:,:,:,:,:,:,:,:,:,:,:,:,:,:,:,:,:,:,:,:,:,:,:,:,:,:,:,:,:,:,:,:,:,:,:,:,:,:,:,:,:,:,:,:,:,:,:,:,:,:,:,:,:,:,:,:,:,:,:,:,:,:,:,:,:,:,:,:,:,:,:,:,:,:,:,:,:,:,:,:,:,:,:,:,:,:,:,:,:,:,:,:,:,:,:,:,:,:,:,:,:,:,:,:,:,:,:,:,:,:,:,:,:,:,:,:,:,:,:,:,:,:,:,:,:,:,:,:,:,:,:,:,:,:,:,:,:,:,:,:,:,:,:,:,:,:,:,:
Latvia,:,:,:,:,:,:,:,:,:,:,:,:,:,:,:,:,:,:,:,:,:,:,:,:,:,:,:,:,:,:,:,:,:,:,:,:,:,:,:,:,:,:,:,:,:,:,:,:,:,:,:,:,:,:,:,:,:,:,:,:,:,:,:,:,:,:,:,:,:,:,:,:,:,:,:,:,:,:,:,:,:,:,:,:,:,:,:,:,:,:,:,:,:,:,:,:,:,:,:,:,:,:,:,:,:,:,:,:,:,:,:,:,:,:,:,:,:,:,:,:,:,:,:,:,:,:,:,:,:,:,:,:,:,:,:,:,:,:,:,:,:,:,:,:,:,:,:,:,:,:,:,:,:,:,:,:,:,:,:,:,:,:,:,:,:,:,:,:,:,:,:,:,:,:,:,:,:,:,:,:,:,:,:,:,:,:,:,:,:,:,:,:,:,:,:,:,:,:,:
Lithuania,:,:,:,:,:,:,:,:,:,:,:,:,:,:,:,:,:,:,:,:,:,:,:,:,:,:,:,:,:,:,:,:,:,:,:,:,:,:,:,:,:,:,:,:,:,:,:,:,:,:,:,:,:,:,:,:,:,:,:,:,:,:,:,:,:,:,:,:,:,:,:,:,:,:,:,:,:,:,:,:,:,:,:,:,:,:,:,:,:,:,:,:,:,:,:,:,:,:,:,:,:,:,:,:,:,:,:,:,:,:,:,:,:,:,:,:,:,:,:,:,:,:,:,:,:,:,:,:,:,:,:,:,:,:,:,:,:,:,:,:,:,:,:,:,:,:,:,:,:,:,:,:,:,:,:,:,:,:,:,:,:,:,:,:,:,:,:,:,:,:,:,:,:,:,:,:,:,:,:,:,:,:,:,:,:,:,:,:,:,:,:,:,:,:,:,:,:,:,:
,,,,,,,,,,,,,,,,,,,,,,,,,,,,,,,,,,,,,,,,,,,,,,,,,,,,,,,,,,,,,,,,,,,,,,,,,,,,,,,,,,,,,,,,,,,,,,,,,,,,,,,,,,,,,,,,,,,,,,,,,,,,,,,,,,,,,,,,,,,,,,,,,,,,,,,,,,,,,,,,,,,,,,,,,,,,,,,,,,,,,,,,,,,,,,,,,,,,,,,
Special value:,,,,,,,,,,,,,,,,,,,,,,,,,,,,,,,,,,,,,,,,,,,,,,,,,,,,,,,,,,,,,,,,,,,,,,,,,,,,,,,,,,,,,,,,,,,,,,,,,,,,,,,,,,,,,,,,,,,,,,,,,,,,,,,,,,,,,,,,,,,,,,,,,,,,,,,,,,,,,,,,,,,,,,,,,,,,,,,,,,,,,,,,,,,,,,,,,,,,,,,
:,not available,,,,,,,,,,,,,,,,,,,,,,,,,,,,,,,,,,,,,,,,,,,,,,,,,,,,,,,,,,,,,,,,,,,,,,,,,,,,,,,,,,,,,,,,,,,,,,,,,,,,,,,,,,,,,,,,,,,,,,,,,,,,,,,,,,,,,,,,,,,,,,,,,,,,,,,,,,,,,,,,,,,,,,,,,,,,,,,,,,,,,,,,,,,,,,,,,,,,,,
,,,,,,,,,,,,,,,,,,,,,,,,,,,,,,,,,,,,,,,,,,,,,,,,,,,,,,,,,,,,,,,,,,,,,,,,,,,,,,,,,,,,,,,,,,,,,,,,,,,,,,,,,,,,,,,,,,,,,,,,,,,,,,,,,,,,,,,,,,,,,,,,,,,,,,,,,,,,,,,,,,,,,,,,,,,,,,,,,,,,,,,,,,,,,,,,,,,,,,,
INDIC_BT,Index of turnover - Total,,,,,,,,,,,,,,,,,,,,,,,,,,,,,,,,,,,,,,,,,,,,,,,,,,,,,,,,,,,,,,,,,,,,,,,,,,,,,,,,,,,,,,,,,,,,,,,,,,,,,,,,,,,,,,,,,,,,,,,,,,,,,,,,,,,,,,,,,,,,,,,,,,,,,,,,,,,,,,,,,,,,,,,,,,,,,,,,,,,,,,,,,,,,,,,,,,,,,,
NACE_R2,Mining and quarrying; manufacturing,,,,,,,,,,,,,,,,,,,,,,,,,,,,,,,,,,,,,,,,,,,,,,,,,,,,,,,,,,,,,,,,,,,,,,,,,,,,,,,,,,,,,,,,,,,,,,,,,,,,,,,,,,,,,,,,,,,,,,,,,,,,,,,,,,,,,,,,,,,,,,,,,,,,,,,,,,,,,,,,,,,,,,,,,,,,,,,,,,,,,,,,,,,,,,,,,,,,,,
S_ADJ,"Calendar adjusted data, not seasonally adjusted data",,,,,,,,,,,,,,,,,,,,,,,,,,,,,,,,,,,,,,,,,,,,,,,,,,,,,,,,,,,,,,,,,,,,,,,,,,,,,,,,,,,,,,,,,,,,,,,,,,,,,,,,,,,,,,,,,,,,,,,,,,,,,,,,,,,,,,,,,,,,,,,,,,,,,,,,,,,,,,,,,,,,,,,,,,,,,,,,,,,,,,,,,,,,,,,,,,,,,,
UNIT,"Index, 2010=100",,,,,,,,,,,,,,,,,,,,,,,,,,,,,,,,,,,,,,,,,,,,,,,,,,,,,,,,,,,,,,,,,,,,,,,,,,,,,,,,,,,,,,,,,,,,,,,,,,,,,,,,,,,,,,,,,,,,,,,,,,,,,,,,,,,,,,,,,,,,,,,,,,,,,,,,,,,,,,,,,,,,,,,,,,,,,,,,,,,,,,,,,,,,,,,,,,,,,,
,,,,,,,,,,,,,,,,,,,,,,,,,,,,,,,,,,,,,,,,,,,,,,,,,,,,,,,,,,,,,,,,,,,,,,,,,,,,,,,,,,,,,,,,,,,,,,,,,,,,,,,,,,,,,,,,,,,,,,,,,,,,,,,,,,,,,,,,,,,,,,,,,,,,,,,,,,,,,,,,,,,,,,,,,,,,,,,,,,,,,,,,,,,,,,,,,,,,,,,
GEO/TIME,2000M01,2000M02,2000M03,2000M04,2000M05,2000M06,2000M07,2000M08,2000M09,2000M10,2000M11,2000M12,2001M01,2001M02,2001M03,2001M04,2001M05,2001M06,2001M07,2001M08,2001M09,2001M10,2001M11,2001M12,2002M01,2002M02,2002M03,2002M04,2002M05,2002M06,2002M07,2002M08,2002M09,2002M10,2002M11,2002M12,2003M01,2003M02,2003M03,2003M04,2003M05,2003M06,2003M07,2003M08,2003M09,2003M10,2003M11,2003M12,2004M01,2004M02,2004M03,2004M04,2004M05,2004M06,2004M07,2004M08,2004M09,2004M10,2004M11,2004M12,2005M01,2005M02,2005M03,2005M04,2005M05,2005M06,2005M07,2005M08,2005M09,2005M10,2005M11,2005M12,2006M01,2006M02,2006M03,2006M04,2006M05,2006M06,2006M07,2006M08,2006M09,2006M10,2006M11,2006M12,2007M01,2007M02,2007M03,2007M04,2007M05,2007M06,2007M07,2007M08,2007M09,2007M10,2007M11,2007M12,2008M01,2008M02,2008M03,2008M04,2008M05,2008M06,2008M07,2008M08,2008M09,2008M10,2008M11,2008M12,2009M01,2009M02,2009M03,2009M04,2009M05,2009M06,2009M07,2009M08,2009M09,2009M10,2009M11,2009M12,2010M01,2010M02,2010M03,2010M04,2010M05,2010M06,2010M07,2010M08,2010M09,2010M10,2010M11,2010M12,2011M01,2011M02,2011M03,2011M04,2011M05,2011M06,2011M07,2011M08,2011M09,2011M10,2011M11,2011M12,2012M01,2012M02,2012M03,2012M04,2012M05,2012M06,2012M07,2012M08,2012M09,2012M10,2012M11,2012M12,2013M01,2013M02,2013M03,2013M04,2013M05,2013M06,2013M07,2013M08,2013M09,2013M10,2013M11,2013M12,2014M01,2014M02,2014M03,2014M04,2014M05,2014M06,2014M07,2014M08,2014M09,2014M10,2014M11,2014M12,2015M01,2015M02,2015M03,2015M04,2015M05,2015M06,2015M07,2015M08,2015M09,2015M10,2015M11,2015M12,2016M01,2016M02,2016M03,2016M04,2016M05,2016M06,2016M07
Estonia,36.8,36.8,42.0,43.0,44.8,45.9,39.8,45.2,47.1,48.3,48.0,45.2,43.5,43.7,50.1,49.4,51.9,53.0,48.2,51.2,52.9,55.4,54.3,48.1,46.4,48.4,54.4,54.8,58.2,55.7,51.6,55.9,60.5,61.4,58.9,50.9,51.1,53.2,60.0,60.5,63.0,60.8,55.8,62.6,66.3,69.4,67.2,59.2,56.8,57.4,67.0,70.0,73.2,70.6,65.9,70.6,74.0,77.3,74.7,68.7,65.9,68.2,77.8,78.0,83.7,80.8,75.4,80.6,86.6,87.3,85.9,82.7,76.9,74.2,88.9,91.2,97.0,97.1,86.1,94.2,99.1,102.3,99.4,93.1,87.4,91.9,105.7,108.1,111.8,112.5,97.7,108.3,113.7,115.8,111.3,99.6,100.7,102.6,112.8,115.0,115.9,113.6,106.5,108.1,117.9,110.0,97.3,82.0,76.7,74.6,80.4,78.4,81.4,79.6,73.5,82.6,84.4,85.0,83.4,75.1,74.2,77.0,88.6,91.6,101.2,98.2,94.6,102.2,115.6,123.9,120.3,111.8,113.3,112.8,132.3,133.9,137.6,128.0,128.9,137.3,127.3,131.4,126.4,116.0,119.0,115.7,130.4,131.7,136.5,137.6,122.0,134.0,143.7,138.5,142.1,120.0,132.3,129.9,143.5,141.6,151.3,146.0,133.2,140.0,142.0,148.5,144.2,119.3,124.8,127.9,147.1,148.0,150.7,146.0,141.0,146.9,156.8,158.6,156.9,128.1,131.3,130.8,150.9,147.5,148.7,144.0,131.1,141.4,144.0,150.5,143.9,126.1,124.4,128.5,146.5,147.0,152.6,146.5,129.4
Latvia,33.3,35.6,38.4,38.4,41.6,43.1,39.8,41.6,41.4,42.4,40.4,43.8,39.1,40.6,46.2,44.1,50.5,47.4,48.8,48.6,47.6,49.5,45.8,45.5,43.8,42.6,48.5,51.5,54.1,52.1,50.5,55.0,53.9,54.5,55.5,52.6,47.9,49.2,54.7,57.9,60.5,62.4,63.6,61.4,63.4,63.6,61.5,61.2,56.9,60.5,67.2,71.1,74.5,72.7,76.8,74.0,74.3,75.2,73.8,74.6,67.4,70.0,80.8,81.6,85.4,89.2,90.9,88.3,87.8,94.1,91.8,90.8,79.0,81.4,92.2,96.9,103.4,105.1,105.3,108.7,109.2,113.9,104.7,109.3,100.6,100.2,119.8,115.6,131.2,123.5,125.9,128.4,124.4,128.1,120.9,121.1,113.9,118.6,126.0,129.2,131.0,132.5,127.7,132.6,131.9,123.7,111.4,104.9,82.5,82.2,88.4,90.7,94.5,94.7,88.3,90.6,92.6,94.3,88.6,85.7,76.3,79.2,89.9,96.7,103.1,102.8,108.3,110.2,112.6,117.0,105.1,98.9,96.9,96.6,110.7,113.6,122.0,124.0,122.6,124.8,126.3,129.0,123.1,108.8,112.8,109.9,126.5,126.8,138.2,132.0,133.4,141.7,140.6,138.0,129.1,123.2,119.4,113.3,128.5,122.4,135.6,138.1,136.5,141.5,138.7,143.1,138.8,125.2,116.0,120.6,132.1,134.4,136.3,134.7,134.0,132.7,137.8,138.8,129.8,119.6,115.0,112.6,131.6,136.9,136.5,135.7,134.2,132.8,133.8,137.6,129.3,117.9,114.0,119.0,130.9,131.8,139.2,133.4,130.3
Lithuania,34.5,34.3,41.8,37.0,37.7,41.1,41.9,42.7,46.6,40.9,42.7,43.4,40.5,39.0,40.7,39.5,47.5,44.9,43.5,42.4,43.6,45.7,41.3,39.9,35.6,35.6,45.2,42.8,47.2,46.3,43.1,44.8,47.3,46.7,45.1,46.2,43.0,48.2,46.9,41.9,44.9,46.0,49.7,53.7,52.1,54.7,54.1,52.3,45.6,49.4,53.3,55.9,54.3,58.3,59.0,60.9,64.6,69.9,61.9,63.4,62.1,58.3,71.1,70.6,75.9,73.5,73.8,79.0,89.0,81.7,84.9,85.8,78.3,76.8,89.7,86.8,98.0,94.0,91.1,87.3,93.9,86.8,84.4,82.8,77.4,76.7,89.1,92.7,98.9,103.8,106.8,105.1,101.4,98.3,97.6,105.4,100.6,105.1,120.2,127.9,130.8,137.9,137.0,131.2,129.4,110.4,99.5,86.3,76.6,75.2,76.3,76.5,84.0,89.4,87.9,88.6,85.6,83.8,83.3,82.4,74.7,79.7,85.7,93.1,100.0,105.4,105.6,108.0,105.9,114.9,111.7,115.0,113.4,111.1,116.1,115.7,131.9,132.2,132.3,131.6,133.7,132.4,128.5,126.6,123.9,115.5,132.5,133.7,104.5,132.4,138.0,151.8,152.6,152.3,144.1,138.1,133.0,132.4,146.9,133.9,132.4,139.8,140.0,146.0,146.5,147.0,137.5,130.5,116.9,122.5,126.4,136.5,142.2,135.4,140.4,134.3,141.7,144.7,139.3,121.5,107.6,118.5,130.0,129.9,142.1,142.0,139.1,131.6,128.6,139.5,135.0,120.1,109.4,112.9,121.8,119.7,132.8,131.0,:
,,,,,,,,,,,,,,,,,,,,,,,,,,,,,,,,,,,,,,,,,,,,,,,,,,,,,,,,,,,,,,,,,,,,,,,,,,,,,,,,,,,,,,,,,,,,,,,,,,,,,,,,,,,,,,,,,,,,,,,,,,,,,,,,,,,,,,,,,,,,,,,,,,,,,,,,,,,,,,,,,,,,,,,,,,,,,,,,,,,,,,,,,,,,,,,,,,,,,,,
Special value:,,,,,,,,,,,,,,,,,,,,,,,,,,,,,,,,,,,,,,,,,,,,,,,,,,,,,,,,,,,,,,,,,,,,,,,,,,,,,,,,,,,,,,,,,,,,,,,,,,,,,,,,,,,,,,,,,,,,,,,,,,,,,,,,,,,,,,,,,,,,,,,,,,,,,,,,,,,,,,,,,,,,,,,,,,,,,,,,,,,,,,,,,,,,,,,,,,,,,,,
:,not available,,,,,,,,,,,,,,,,,,,,,,,,,,,,,,,,,,,,,,,,,,,,,,,,,,,,,,,,,,,,,,,,,,,,,,,,,,,,,,,,,,,,,,,,,,,,,,,,,,,,,,,,,,,,,,,,,,,,,,,,,,,,,,,,,,,,,,,,,,,,,,,,,,,,,,,,,,,,,,,,,,,,,,,,,,,,,,,,,,,,,,,,,,,,,,,,,,,,,,
,,,,,,,,,,,,,,,,,,,,,,,,,,,,,,,,,,,,,,,,,,,,,,,,,,,,,,,,,,,,,,,,,,,,,,,,,,,,,,,,,,,,,,,,,,,,,,,,,,,,,,,,,,,,,,,,,,,,,,,,,,,,,,,,,,,,,,,,,,,,,,,,,,,,,,,,,,,,,,,,,,,,,,,,,,,,,,,,,,,,,,,,,,,,,,,,,,,,,,,
INDIC_BT,Index of turnover - Total,,,,,,,,,,,,,,,,,,,,,,,,,,,,,,,,,,,,,,,,,,,,,,,,,,,,,,,,,,,,,,,,,,,,,,,,,,,,,,,,,,,,,,,,,,,,,,,,,,,,,,,,,,,,,,,,,,,,,,,,,,,,,,,,,,,,,,,,,,,,,,,,,,,,,,,,,,,,,,,,,,,,,,,,,,,,,,,,,,,,,,,,,,,,,,,,,,,,,,
NACE_R2,Mining and quarrying; manufacturing,,,,,,,,,,,,,,,,,,,,,,,,,,,,,,,,,,,,,,,,,,,,,,,,,,,,,,,,,,,,,,,,,,,,,,,,,,,,,,,,,,,,,,,,,,,,,,,,,,,,,,,,,,,,,,,,,,,,,,,,,,,,,,,,,,,,,,,,,,,,,,,,,,,,,,,,,,,,,,,,,,,,,,,,,,,,,,,,,,,,,,,,,,,,,,,,,,,,,,
S_ADJ,"Calendar adjusted data, not seasonally adjusted data",,,,,,,,,,,,,,,,,,,,,,,,,,,,,,,,,,,,,,,,,,,,,,,,,,,,,,,,,,,,,,,,,,,,,,,,,,,,,,,,,,,,,,,,,,,,,,,,,,,,,,,,,,,,,,,,,,,,,,,,,,,,,,,,,,,,,,,,,,,,,,,,,,,,,,,,,,,,,,,,,,,,,,,,,,,,,,,,,,,,,,,,,,,,,,,,,,,,,,
UNIT,Percentage change over previous period,,,,,,,,,,,,,,,,,,,,,,,,,,,,,,,,,,,,,,,,,,,,,,,,,,,,,,,,,,,,,,,,,,,,,,,,,,,,,,,,,,,,,,,,,,,,,,,,,,,,,,,,,,,,,,,,,,,,,,,,,,,,,,,,,,,,,,,,,,,,,,,,,,,,,,,,,,,,,,,,,,,,,,,,,,,,,,,,,,,,,,,,,,,,,,,,,,,,,,
,,,,,,,,,,,,,,,,,,,,,,,,,,,,,,,,,,,,,,,,,,,,,,,,,,,,,,,,,,,,,,,,,,,,,,,,,,,,,,,,,,,,,,,,,,,,,,,,,,,,,,,,,,,,,,,,,,,,,,,,,,,,,,,,,,,,,,,,,,,,,,,,,,,,,,,,,,,,,,,,,,,,,,,,,,,,,,,,,,,,,,,,,,,,,,,,,,,,,,,
GEO/TIME,2000M01,2000M02,2000M03,2000M04,2000M05,2000M06,2000M07,2000M08,2000M09,2000M10,2000M11,2000M12,2001M01,2001M02,2001M03,2001M04,2001M05,2001M06,2001M07,2001M08,2001M09,2001M10,2001M11,2001M12,2002M01,2002M02,2002M03,2002M04,2002M05,2002M06,2002M07,2002M08,2002M09,2002M10,2002M11,2002M12,2003M01,2003M02,2003M03,2003M04,2003M05,2003M06,2003M07,2003M08,2003M09,2003M10,2003M11,2003M12,2004M01,2004M02,2004M03,2004M04,2004M05,2004M06,2004M07,2004M08,2004M09,2004M10,2004M11,2004M12,2005M01,2005M02,2005M03,2005M04,2005M05,2005M06,2005M07,2005M08,2005M09,2005M10,2005M11,2005M12,2006M01,2006M02,2006M03,2006M04,2006M05,2006M06,2006M07,2006M08,2006M09,2006M10,2006M11,2006M12,2007M01,2007M02,2007M03,2007M04,2007M05,2007M06,2007M07,2007M08,2007M09,2007M10,2007M11,2007M12,2008M01,2008M02,2008M03,2008M04,2008M05,2008M06,2008M07,2008M08,2008M09,2008M10,2008M11,2008M12,2009M01,2009M02,2009M03,2009M04,2009M05,2009M06,2009M07,2009M08,2009M09,2009M10,2009M11,2009M12,2010M01,2010M02,2010M03,2010M04,2010M05,2010M06,2010M07,2010M08,2010M09,2010M10,2010M11,2010M12,2011M01,2011M02,2011M03,2011M04,2011M05,2011M06,2011M07,2011M08,2011M09,2011M10,2011M11,2011M12,2012M01,2012M02,2012M03,2012M04,2012M05,2012M06,2012M07,2012M08,2012M09,2012M10,2012M11,2012M12,2013M01,2013M02,2013M03,2013M04,2013M05,2013M06,2013M07,2013M08,2013M09,2013M10,2013M11,2013M12,2014M01,2014M02,2014M03,2014M04,2014M05,2014M06,2014M07,2014M08,2014M09,2014M10,2014M11,2014M12,2015M01,2015M02,2015M03,2015M04,2015M05,2015M06,2015M07,2015M08,2015M09,2015M10,2015M11,2015M12,2016M01,2016M02,2016M03,2016M04,2016M05,2016M06,2016M07
Estonia,:,:,:,:,:,:,:,:,:,:,:,:,:,:,:,:,:,:,:,:,:,:,:,:,:,:,:,:,:,:,:,:,:,:,:,:,:,:,:,:,:,:,:,:,:,:,:,:,:,:,:,:,:,:,:,:,:,:,:,:,:,:,:,:,:,:,:,:,:,:,:,:,:,:,:,:,:,:,:,:,:,:,:,:,:,:,:,:,:,:,:,:,:,:,:,:,:,:,:,:,:,:,:,:,:,:,:,:,:,:,:,:,:,:,:,:,:,:,:,:,:,:,:,:,:,:,:,:,:,:,:,:,:,:,:,:,:,:,:,:,:,:,:,:,:,:,:,:,:,:,:,:,:,:,:,:,:,:,:,:,:,:,:,:,:,:,:,:,:,:,:,:,:,:,:,:,:,:,:,:,:,:,:,:,:,:,:,:,:,:,:,:,:,:,:,:,:,:,:
Latvia,:,:,:,:,:,:,:,:,:,:,:,:,:,:,:,:,:,:,:,:,:,:,:,:,:,:,:,:,:,:,:,:,:,:,:,:,:,:,:,:,:,:,:,:,:,:,:,:,:,:,:,:,:,:,:,:,:,:,:,:,:,:,:,:,:,:,:,:,:,:,:,:,:,:,:,:,:,:,:,:,:,:,:,:,:,:,:,:,:,:,:,:,:,:,:,:,:,:,:,:,:,:,:,:,:,:,:,:,:,:,:,:,:,:,:,:,:,:,:,:,:,:,:,:,:,:,:,:,:,:,:,:,:,:,:,:,:,:,:,:,:,:,:,:,:,:,:,:,:,:,:,:,:,:,:,:,:,:,:,:,:,:,:,:,:,:,:,:,:,:,:,:,:,:,:,:,:,:,:,:,:,:,:,:,:,:,:,:,:,:,:,:,:,:,:,:,:,:,:
Lithuania,:,:,:,:,:,:,:,:,:,:,:,:,:,:,:,:,:,:,:,:,:,:,:,:,:,:,:,:,:,:,:,:,:,:,:,:,:,:,:,:,:,:,:,:,:,:,:,:,:,:,:,:,:,:,:,:,:,:,:,:,:,:,:,:,:,:,:,:,:,:,:,:,:,:,:,:,:,:,:,:,:,:,:,:,:,:,:,:,:,:,:,:,:,:,:,:,:,:,:,:,:,:,:,:,:,:,:,:,:,:,:,:,:,:,:,:,:,:,:,:,:,:,:,:,:,:,:,:,:,:,:,:,:,:,:,:,:,:,:,:,:,:,:,:,:,:,:,:,:,:,:,:,:,:,:,:,:,:,:,:,:,:,:,:,:,:,:,:,:,:,:,:,:,:,:,:,:,:,:,:,:,:,:,:,:,:,:,:,:,:,:,:,:,:,:,:,:,:,:
,,,,,,,,,,,,,,,,,,,,,,,,,,,,,,,,,,,,,,,,,,,,,,,,,,,,,,,,,,,,,,,,,,,,,,,,,,,,,,,,,,,,,,,,,,,,,,,,,,,,,,,,,,,,,,,,,,,,,,,,,,,,,,,,,,,,,,,,,,,,,,,,,,,,,,,,,,,,,,,,,,,,,,,,,,,,,,,,,,,,,,,,,,,,,,,,,,,,,,,
Special value:,,,,,,,,,,,,,,,,,,,,,,,,,,,,,,,,,,,,,,,,,,,,,,,,,,,,,,,,,,,,,,,,,,,,,,,,,,,,,,,,,,,,,,,,,,,,,,,,,,,,,,,,,,,,,,,,,,,,,,,,,,,,,,,,,,,,,,,,,,,,,,,,,,,,,,,,,,,,,,,,,,,,,,,,,,,,,,,,,,,,,,,,,,,,,,,,,,,,,,,
:,not available,,,,,,,,,,,,,,,,,,,,,,,,,,,,,,,,,,,,,,,,,,,,,,,,,,,,,,,,,,,,,,,,,,,,,,,,,,,,,,,,,,,,,,,,,,,,,,,,,,,,,,,,,,,,,,,,,,,,,,,,,,,,,,,,,,,,,,,,,,,,,,,,,,,,,,,,,,,,,,,,,,,,,,,,,,,,,,,,,,,,,,,,,,,,,,,,,,,,,,
,,,,,,,,,,,,,,,,,,,,,,,,,,,,,,,,,,,,,,,,,,,,,,,,,,,,,,,,,,,,,,,,,,,,,,,,,,,,,,,,,,,,,,,,,,,,,,,,,,,,,,,,,,,,,,,,,,,,,,,,,,,,,,,,,,,,,,,,,,,,,,,,,,,,,,,,,,,,,,,,,,,,,,,,,,,,,,,,,,,,,,,,,,,,,,,,,,,,,,,
INDIC_BT,Index of turnover - Total,,,,,,,,,,,,,,,,,,,,,,,,,,,,,,,,,,,,,,,,,,,,,,,,,,,,,,,,,,,,,,,,,,,,,,,,,,,,,,,,,,,,,,,,,,,,,,,,,,,,,,,,,,,,,,,,,,,,,,,,,,,,,,,,,,,,,,,,,,,,,,,,,,,,,,,,,,,,,,,,,,,,,,,,,,,,,,,,,,,,,,,,,,,,,,,,,,,,,,
NACE_R2,Mining and quarrying; manufacturing,,,,,,,,,,,,,,,,,,,,,,,,,,,,,,,,,,,,,,,,,,,,,,,,,,,,,,,,,,,,,,,,,,,,,,,,,,,,,,,,,,,,,,,,,,,,,,,,,,,,,,,,,,,,,,,,,,,,,,,,,,,,,,,,,,,,,,,,,,,,,,,,,,,,,,,,,,,,,,,,,,,,,,,,,,,,,,,,,,,,,,,,,,,,,,,,,,,,,,
S_ADJ,"Calendar adjusted data, not seasonally adjusted data",,,,,,,,,,,,,,,,,,,,,,,,,,,,,,,,,,,,,,,,,,,,,,,,,,,,,,,,,,,,,,,,,,,,,,,,,,,,,,,,,,,,,,,,,,,,,,,,,,,,,,,,,,,,,,,,,,,,,,,,,,,,,,,,,,,,,,,,,,,,,,,,,,,,,,,,,,,,,,,,,,,,,,,,,,,,,,,,,,,,,,,,,,,,,,,,,,,,,,
UNIT,Percentage change compared to same period in previous year,,,,,,,,,,,,,,,,,,,,,,,,,,,,,,,,,,,,,,,,,,,,,,,,,,,,,,,,,,,,,,,,,,,,,,,,,,,,,,,,,,,,,,,,,,,,,,,,,,,,,,,,,,,,,,,,,,,,,,,,,,,,,,,,,,,,,,,,,,,,,,,,,,,,,,,,,,,,,,,,,,,,,,,,,,,,,,,,,,,,,,,,,,,,,,,,,,,,,,
,,,,,,,,,,,,,,,,,,,,,,,,,,,,,,,,,,,,,,,,,,,,,,,,,,,,,,,,,,,,,,,,,,,,,,,,,,,,,,,,,,,,,,,,,,,,,,,,,,,,,,,,,,,,,,,,,,,,,,,,,,,,,,,,,,,,,,,,,,,,,,,,,,,,,,,,,,,,,,,,,,,,,,,,,,,,,,,,,,,,,,,,,,,,,,,,,,,,,,,
GEO/TIME,2000M01,2000M02,2000M03,2000M04,2000M05,2000M06,2000M07,2000M08,2000M09,2000M10,2000M11,2000M12,2001M01,2001M02,2001M03,2001M04,2001M05,2001M06,2001M07,2001M08,2001M09,2001M10,2001M11,2001M12,2002M01,2002M02,2002M03,2002M04,2002M05,2002M06,2002M07,2002M08,2002M09,2002M10,2002M11,2002M12,2003M01,2003M02,2003M03,2003M04,2003M05,2003M06,2003M07,2003M08,2003M09,2003M10,2003M11,2003M12,2004M01,2004M02,2004M03,2004M04,2004M05,2004M06,2004M07,2004M08,2004M09,2004M10,2004M11,2004M12,2005M01,2005M02,2005M03,2005M04,2005M05,2005M06,2005M07,2005M08,2005M09,2005M10,2005M11,2005M12,2006M01,2006M02,2006M03,2006M04,2006M05,2006M06,2006M07,2006M08,2006M09,2006M10,2006M11,2006M12,2007M01,2007M02,2007M03,2007M04,2007M05,2007M06,2007M07,2007M08,2007M09,2007M10,2007M11,2007M12,2008M01,2008M02,2008M03,2008M04,2008M05,2008M06,2008M07,2008M08,2008M09,2008M10,2008M11,2008M12,2009M01,2009M02,2009M03,2009M04,2009M05,2009M06,2009M07,2009M08,2009M09,2009M10,2009M11,2009M12,2010M01,2010M02,2010M03,2010M04,2010M05,2010M06,2010M07,2010M08,2010M09,2010M10,2010M11,2010M12,2011M01,2011M02,2011M03,2011M04,2011M05,2011M06,2011M07,2011M08,2011M09,2011M10,2011M11,2011M12,2012M01,2012M02,2012M03,2012M04,2012M05,2012M06,2012M07,2012M08,2012M09,2012M10,2012M11,2012M12,2013M01,2013M02,2013M03,2013M04,2013M05,2013M06,2013M07,2013M08,2013M09,2013M10,2013M11,2013M12,2014M01,2014M02,2014M03,2014M04,2014M05,2014M06,2014M07,2014M08,2014M09,2014M10,2014M11,2014M12,2015M01,2015M02,2015M03,2015M04,2015M05,2015M06,2015M07,2015M08,2015M09,2015M10,2015M11,2015M12,2016M01,2016M02,2016M03,2016M04,2016M05,2016M06,2016M07
Estonia,17.2,18.2,18.5,19.3,20.0,23.0,17.9,18.7,19.1,15.6,18.1,16.8,18.1,18.8,19.4,14.9,15.9,15.5,21.1,13.2,12.2,14.8,13.1,6.4,6.7,10.6,8.6,10.9,12.2,5.1,7.1,9.2,14.4,10.8,8.5,5.9,10.1,10.0,10.4,10.3,8.2,9.2,8.1,11.9,9.6,13.1,14.2,16.4,11.2,7.9,11.5,15.8,16.1,16.1,18.0,12.7,11.6,11.5,11.2,16.0,16.0,18.8,16.2,11.4,14.4,14.4,14.5,14.2,17.0,12.9,14.9,20.4,16.7,8.7,14.3,16.8,15.9,20.2,14.2,16.8,14.5,17.1,15.7,12.6,13.6,23.9,18.9,18.5,15.2,15.9,13.4,14.9,14.7,13.2,12.0,7.0,15.2,11.7,6.7,6.4,3.7,1.0,9.1,-0.2,3.7,-5.0,-12.6,-17.7,-23.8,-27.3,-28.7,-31.8,-29.8,-30.0,-31.0,-23.6,-28.4,-22.7,-14.3,-8.3,-3.2,3.2,10.2,16.9,24.3,23.4,28.7,23.7,37.0,45.8,44.4,48.8,52.6,46.5,49.3,46.1,36.0,30.4,36.3,34.4,10.1,6.0,5.1,3.8,5.0,2.6,-1.4,-1.6,-0.8,7.5,-5.4,-2.4,12.9,5.4,12.4,3.4,11.2,12.3,10.1,7.5,10.8,6.1,9.2,4.5,-1.2,7.3,1.4,-0.6,-5.7,-1.6,2.5,4.5,-0.4,0.0,5.9,4.9,10.4,6.8,8.9,7.4,5.2,2.3,2.6,-0.3,-1.3,-1.4,-7.0,-3.8,-8.2,-5.1,-8.3,-1.6,-5.3,-1.8,-3.0,-0.3,2.6,1.8,-1.3
Latvia,:,:,:,:,:,:,:,:,:,:,:,:,17.4,14.1,20.2,14.9,21.6,10.0,22.6,16.9,14.9,16.7,13.4,4.0,11.9,4.7,5.0,16.7,6.9,10.0,3.4,13.2,13.1,10.1,21.0,15.6,9.2,15.6,12.8,12.5,11.9,19.7,26.0,11.6,17.7,16.6,10.9,16.4,18.9,23.0,22.8,22.8,23.3,16.5,20.8,20.5,17.3,18.3,20.0,21.9,18.4,15.6,20.2,14.8,14.6,22.7,18.2,19.3,18.2,25.2,24.3,21.6,17.2,16.3,14.1,18.8,21.1,17.9,15.9,23.1,24.3,21.1,14.1,20.4,27.3,23.1,29.9,19.3,26.9,17.5,19.6,18.2,14.0,12.5,15.5,10.8,13.3,18.4,5.2,11.7,-0.2,7.3,1.4,3.3,6.0,-3.5,-7.8,-13.3,-27.6,-30.7,-29.8,-29.8,-27.8,-28.6,-30.9,-31.7,-29.8,-23.8,-20.5,-18.4,-7.5,-3.7,1.7,6.6,9.1,8.6,22.7,21.7,21.6,24.0,18.6,15.4,27.0,22.0,23.1,17.5,18.3,20.7,13.2,13.3,12.1,10.3,17.1,10.1,16.4,13.8,14.3,11.6,13.3,6.5,8.8,13.5,11.4,6.9,4.8,13.1,5.8,3.1,1.6,-3.5,-1.9,4.6,2.3,-0.1,-1.4,3.7,7.5,1.6,-2.8,6.4,2.8,9.9,0.5,-2.5,-1.8,-6.2,-0.6,-3.0,-6.5,-4.5,-0.8,-6.6,-0.3,1.9,0.2,0.7,0.1,0.1,-2.9,-0.9,-0.4,-1.4,-0.9,5.6,-0.5,-3.7,1.9,-1.7,-2.8
Lithuania,17.8,24.6,22.9,0.8,6.6,10.7,12.1,21.9,21.1,9.5,22.8,21.9,17.4,13.7,-2.6,6.7,25.8,9.4,3.8,-0.7,-6.6,11.8,-3.2,-8.0,-12.2,-8.8,11.0,8.3,-0.6,3.1,-1.1,5.8,8.4,2.2,9.3,15.9,20.8,35.7,3.8,-2.1,-4.8,-0.6,15.6,19.7,10.2,17.1,19.9,13.2,6.2,2.5,13.6,33.6,20.8,26.7,18.7,13.4,24.0,27.8,14.3,21.3,36.2,18.0,33.5,26.3,39.8,26.0,24.9,29.8,37.9,16.9,37.3,35.3,26.0,31.6,26.2,23.0,29.2,27.9,23.5,10.5,5.5,6.2,-0.7,-3.5,-1.1,-0.1,-0.7,6.7,0.9,10.4,17.2,20.4,8.0,13.2,15.7,27.2,29.9,37.1,34.8,38.0,32.3,32.9,28.3,24.8,27.6,12.3,1.9,-18.1,-23.9,-28.4,-36.5,-40.2,-35.8,-35.2,-35.9,-32.5,-33.8,-24.1,-16.2,-4.6,-2.5,5.9,12.3,21.6,19.1,17.9,20.1,21.9,23.7,37.1,34.0,39.6,51.9,39.4,35.5,24.3,32.0,25.4,25.3,21.9,26.2,15.3,15.1,10.1,9.2,3.9,14.1,15.6,-20.8,0.2,4.3,15.3,14.1,15.0,12.1,9.1,7.3,14.6,10.8,0.1,26.7,5.6,1.4,-3.9,-4.0,-3.5,-4.5,-5.5,-12.1,-7.5,-14.0,2.0,7.4,-3.2,0.3,-8.0,-3.3,-1.5,1.3,-6.9,-8.0,-3.3,2.9,-4.9,0.0,4.8,-0.9,-2.0,-9.2,-3.6,-3.1,-1.1,1.7,-4.7,-6.4,-7.9,-6.5,-7.7,:
,,,,,,,,,,,,,,,,,,,,,,,,,,,,,,,,,,,,,,,,,,,,,,,,,,,,,,,,,,,,,,,,,,,,,,,,,,,,,,,,,,,,,,,,,,,,,,,,,,,,,,,,,,,,,,,,,,,,,,,,,,,,,,,,,,,,,,,,,,,,,,,,,,,,,,,,,,,,,,,,,,,,,,,,,,,,,,,,,,,,,,,,,,,,,,,,,,,,,,,
Special value:,,,,,,,,,,,,,,,,,,,,,,,,,,,,,,,,,,,,,,,,,,,,,,,,,,,,,,,,,,,,,,,,,,,,,,,,,,,,,,,,,,,,,,,,,,,,,,,,,,,,,,,,,,,,,,,,,,,,,,,,,,,,,,,,,,,,,,,,,,,,,,,,,,,,,,,,,,,,,,,,,,,,,,,,,,,,,,,,,,,,,,,,,,,,,,,,,,,,,,,
:,not available,,,,,,,,,,,,,,,,,,,,,,,,,,,,,,,,,,,,,,,,,,,,,,,,,,,,,,,,,,,,,,,,,,,,,,,,,,,,,,,,,,,,,,,,,,,,,,,,,,,,,,,,,,,,,,,,,,,,,,,,,,,,,,,,,,,,,,,,,,,,,,,,,,,,,,,,,,,,,,,,,,,,,,,,,,,,,,,,,,,,,,,,,,,,,,,,,,,,,,
,,,,,,,,,,,,,,,,,,,,,,,,,,,,,,,,,,,,,,,,,,,,,,,,,,,,,,,,,,,,,,,,,,,,,,,,,,,,,,,,,,,,,,,,,,,,,,,,,,,,,,,,,,,,,,,,,,,,,,,,,,,,,,,,,,,,,,,,,,,,,,,,,,,,,,,,,,,,,,,,,,,,,,,,,,,,,,,,,,,,,,,,,,,,,,,,,,,,,,,
INDIC_BT,Index of turnover - Total,,,,,,,,,,,,,,,,,,,,,,,,,,,,,,,,,,,,,,,,,,,,,,,,,,,,,,,,,,,,,,,,,,,,,,,,,,,,,,,,,,,,,,,,,,,,,,,,,,,,,,,,,,,,,,,,,,,,,,,,,,,,,,,,,,,,,,,,,,,,,,,,,,,,,,,,,,,,,,,,,,,,,,,,,,,,,,,,,,,,,,,,,,,,,,,,,,,,,,
NACE_R2,Mining and quarrying; manufacturing,,,,,,,,,,,,,,,,,,,,,,,,,,,,,,,,,,,,,,,,,,,,,,,,,,,,,,,,,,,,,,,,,,,,,,,,,,,,,,,,,,,,,,,,,,,,,,,,,,,,,,,,,,,,,,,,,,,,,,,,,,,,,,,,,,,,,,,,,,,,,,,,,,,,,,,,,,,,,,,,,,,,,,,,,,,,,,,,,,,,,,,,,,,,,,,,,,,,,,
S_ADJ,Seasonally and calendar adjusted data,,,,,,,,,,,,,,,,,,,,,,,,,,,,,,,,,,,,,,,,,,,,,,,,,,,,,,,,,,,,,,,,,,,,,,,,,,,,,,,,,,,,,,,,,,,,,,,,,,,,,,,,,,,,,,,,,,,,,,,,,,,,,,,,,,,,,,,,,,,,,,,,,,,,,,,,,,,,,,,,,,,,,,,,,,,,,,,,,,,,,,,,,,,,,,,,,,,,,,
UNIT,"Index, 2010=100",,,,,,,,,,,,,,,,,,,,,,,,,,,,,,,,,,,,,,,,,,,,,,,,,,,,,,,,,,,,,,,,,,,,,,,,,,,,,,,,,,,,,,,,,,,,,,,,,,,,,,,,,,,,,,,,,,,,,,,,,,,,,,,,,,,,,,,,,,,,,,,,,,,,,,,,,,,,,,,,,,,,,,,,,,,,,,,,,,,,,,,,,,,,,,,,,,,,,,
,,,,,,,,,,,,,,,,,,,,,,,,,,,,,,,,,,,,,,,,,,,,,,,,,,,,,,,,,,,,,,,,,,,,,,,,,,,,,,,,,,,,,,,,,,,,,,,,,,,,,,,,,,,,,,,,,,,,,,,,,,,,,,,,,,,,,,,,,,,,,,,,,,,,,,,,,,,,,,,,,,,,,,,,,,,,,,,,,,,,,,,,,,,,,,,,,,,,,,,
GEO/TIME,2000M01,2000M02,2000M03,2000M04,2000M05,2000M06,2000M07,2000M08,2000M09,2000M10,2000M11,2000M12,2001M01,2001M02,2001M03,2001M04,2001M05,2001M06,2001M07,2001M08,2001M09,2001M10,2001M11,2001M12,2002M01,2002M02,2002M03,2002M04,2002M05,2002M06,2002M07,2002M08,2002M09,2002M10,2002M11,2002M12,2003M01,2003M02,2003M03,2003M04,2003M05,2003M06,2003M07,2003M08,2003M09,2003M10,2003M11,2003M12,2004M01,2004M02,2004M03,2004M04,2004M05,2004M06,2004M07,2004M08,2004M09,2004M10,2004M11,2004M12,2005M01,2005M02,2005M03,2005M04,2005M05,2005M06,2005M07,2005M08,2005M09,2005M10,2005M11,2005M12,2006M01,2006M02,2006M03,2006M04,2006M05,2006M06,2006M07,2006M08,2006M09,2006M10,2006M11,2006M12,2007M01,2007M02,2007M03,2007M04,2007M05,2007M06,2007M07,2007M08,2007M09,2007M10,2007M11,2007M12,2008M01,2008M02,2008M03,2008M04,2008M05,2008M06,2008M07,2008M08,2008M09,2008M10,2008M11,2008M12,2009M01,2009M02,2009M03,2009M04,2009M05,2009M06,2009M07,2009M08,2009M09,2009M10,2009M11,2009M12,2010M01,2010M02,2010M03,2010M04,2010M05,2010M06,2010M07,2010M08,2010M09,2010M10,2010M11,2010M12,2011M01,2011M02,2011M03,2011M04,2011M05,2011M06,2011M07,2011M08,2011M09,2011M10,2011M11,2011M12,2012M01,2012M02,2012M03,2012M04,2012M05,2012M06,2012M07,2012M08,2012M09,2012M10,2012M11,2012M12,2013M01,2013M02,2013M03,2013M04,2013M05,2013M06,2013M07,2013M08,2013M09,2013M10,2013M11,2013M12,2014M01,2014M02,2014M03,2014M04,2014M05,2014M06,2014M07,2014M08,2014M09,2014M10,2014M11,2014M12,2015M01,2015M02,2015M03,2015M04,2015M05,2015M06,2015M07,2015M08,2015M09,2015M10,2015M11,2015M12,2016M01,2016M02,2016M03,2016M04,2016M05,2016M06,2016M07
Estonia,40.8,40.8,41.2,42.2,42.3,44.2,42.8,44.5,44.9,45.1,46.0,47.7,48.2,48.4,49.1,48.4,49.0,51.1,51.6,50.4,50.3,51.6,52.1,51.0,51.6,53.5,53.3,53.6,54.9,53.7,55.2,55.1,57.4,57.1,56.5,54.3,56.8,58.9,58.8,59.1,59.3,58.7,59.6,61.7,62.9,64.5,64.6,63.2,63.2,63.6,65.5,68.3,68.7,68.2,70.2,69.7,70.2,72.0,71.9,73.4,73.2,75.6,76.1,76.1,78.6,78.0,80.3,79.7,82.2,81.4,82.8,88.5,85.2,82.1,86.9,88.8,91.1,93.7,91.7,93.2,94.2,95.5,95.9,99.9,96.6,101.4,103.2,105.2,105.0,108.7,103.9,107.2,108.0,108.2,107.5,107.3,110.8,112.9,110.1,112.0,109.1,110.1,113.1,107.0,112.1,102.8,93.9,88.6,84.1,81.9,78.4,76.4,76.6,77.3,77.9,81.6,80.3,79.5,80.5,81.6,81.3,84.5,86.3,89.3,95.1,95.5,100.0,100.9,110.2,116.1,116.2,122.1,123.9,123.6,128.5,130.1,129.2,124.4,136.0,135.4,121.6,123.3,122.2,127.5,129.9,126.7,126.5,127.9,128.1,133.6,128.7,132.2,137.3,130.0,137.1,132.7,144.5,142.1,138.9,137.4,141.9,141.6,140.5,138.3,135.7,139.3,138.9,132.4,136.7,139.9,142.1,143.4,141.3,141.6,148.9,145.2,149.8,148.5,150.9,142.4,144.1,143.1,145.5,142.7,139.4,139.7,138.7,139.9,137.7,140.9,138.5,140.2,136.6,140.5,141.1,142.1,142.9,142.0,137.0
Latvia,37.7,39.5,38.5,38.3,39.0,41.2,38.8,40.2,40.7,41.1,41.4,45.2,44.3,45.1,46.3,44.0,47.4,45.3,47.5,47.0,46.7,47.9,46.9,47.0,49.6,47.5,48.7,51.2,50.8,49.8,48.9,53.1,52.7,52.7,56.6,54.4,54.3,55.0,55.0,57.5,56.9,59.6,61.4,59.3,62.0,61.4,62.7,63.6,64.6,67.7,67.6,70.6,70.2,69.4,74.1,71.4,72.6,72.4,75.2,77.6,76.6,78.6,81.4,81.2,80.5,85.2,87.7,85.0,85.6,90.2,93.4,94.5,89.8,91.6,93.0,96.6,97.5,100.5,101.5,104.4,106.1,108.9,106.7,114.0,114.3,112.9,121.1,115.6,123.7,118.0,121.3,122.9,120.5,122.2,123.2,126.9,129.6,133.9,127.6,129.0,123.6,126.6,123.3,127.0,127.2,117.5,113.3,110.8,93.6,92.9,89.6,90.7,89.3,90.4,85.3,86.5,88.9,89.1,89.7,91.6,86.5,89.2,90.8,96.3,97.6,98.4,105.2,105.5,107.8,110.2,106.1,106.4,109.2,108.6,111.5,113.3,115.5,118.9,118.8,119.0,120.6,121.5,123.9,117.5,127.0,123.8,127.1,126.5,131.0,126.9,129.8,135.6,134.3,129.8,129.6,133.3,134.3,127.5,129.2,122.1,128.7,132.8,132.6,135.3,132.5,134.6,139.1,135.3,131.1,136.0,132.6,134.0,129.3,129.6,130.5,127.4,131.8,130.7,130.0,129.2,129.8,126.4,131.7,135.6,129.5,130.7,131.0,127.7,128.0,129.5,129.6,127.8,128.4,133.3,130.8,130.4,131.8,128.6,127.5
Lithuania,38.5,38.3,42.0,37.8,36.5,39.4,40.3,41.2,44.3,39.0,42.5,44.3,45.2,43.5,40.9,40.3,45.9,43.1,41.8,41.0,41.4,43.6,41.2,40.7,39.7,39.7,45.4,43.7,45.6,44.4,41.4,43.3,44.9,44.6,45.0,47.2,47.9,53.9,47.2,42.8,43.4,44.2,47.8,51.9,49.5,52.2,54.0,53.4,50.9,55.2,53.6,57.1,52.5,55.9,56.8,58.8,61.4,66.7,61.7,64.8,69.3,65.1,71.5,72.1,73.3,70.4,70.9,76.3,84.6,78.0,84.7,87.7,87.3,85.7,90.3,88.6,94.7,90.1,87.5,84.3,89.3,82.9,84.1,84.7,86.4,85.5,89.7,94.6,95.5,99.4,102.6,101.5,96.5,93.9,97.4,107.8,112.2,117.2,121.0,130.5,126.3,132.2,131.6,126.7,123.2,105.5,99.2,88.3,85.4,83.9,76.9,78.1,81.1,85.7,84.4,85.5,81.5,80.0,83.1,84.3,83.3,88.9,86.4,95.0,96.5,101.1,101.4,104.2,100.8,109.7,111.3,117.7,126.5,123.9,117.1,118.0,127.4,126.7,127.1,127.0,127.2,126.4,128.0,129.6,138.2,128.7,133.6,136.4,100.9,126.9,132.6,146.5,145.2,145.3,143.5,141.4,148.4,147.5,148.1,136.6,127.9,134.1,134.5,140.9,139.4,140.2,136.9,133.7,130.6,136.5,127.5,139.3,137.2,129.9,134.8,129.6,134.9,138.0,138.7,124.4,120.1,132.0,131.2,132.6,137.2,136.1,133.6,127.0,122.4,133.0,134.3,123.0,122.2,125.9,122.8,122.2,128.2,125.6,:
,,,,,,,,,,,,,,,,,,,,,,,,,,,,,,,,,,,,,,,,,,,,,,,,,,,,,,,,,,,,,,,,,,,,,,,,,,,,,,,,,,,,,,,,,,,,,,,,,,,,,,,,,,,,,,,,,,,,,,,,,,,,,,,,,,,,,,,,,,,,,,,,,,,,,,,,,,,,,,,,,,,,,,,,,,,,,,,,,,,,,,,,,,,,,,,,,,,,,,,
Special value:,,,,,,,,,,,,,,,,,,,,,,,,,,,,,,,,,,,,,,,,,,,,,,,,,,,,,,,,,,,,,,,,,,,,,,,,,,,,,,,,,,,,,,,,,,,,,,,,,,,,,,,,,,,,,,,,,,,,,,,,,,,,,,,,,,,,,,,,,,,,,,,,,,,,,,,,,,,,,,,,,,,,,,,,,,,,,,,,,,,,,,,,,,,,,,,,,,,,,,,
:,not available,,,,,,,,,,,,,,,,,,,,,,,,,,,,,,,,,,,,,,,,,,,,,,,,,,,,,,,,,,,,,,,,,,,,,,,,,,,,,,,,,,,,,,,,,,,,,,,,,,,,,,,,,,,,,,,,,,,,,,,,,,,,,,,,,,,,,,,,,,,,,,,,,,,,,,,,,,,,,,,,,,,,,,,,,,,,,,,,,,,,,,,,,,,,,,,,,,,,,,
,,,,,,,,,,,,,,,,,,,,,,,,,,,,,,,,,,,,,,,,,,,,,,,,,,,,,,,,,,,,,,,,,,,,,,,,,,,,,,,,,,,,,,,,,,,,,,,,,,,,,,,,,,,,,,,,,,,,,,,,,,,,,,,,,,,,,,,,,,,,,,,,,,,,,,,,,,,,,,,,,,,,,,,,,,,,,,,,,,,,,,,,,,,,,,,,,,,,,,,
INDIC_BT,Index of turnover - Total,,,,,,,,,,,,,,,,,,,,,,,,,,,,,,,,,,,,,,,,,,,,,,,,,,,,,,,,,,,,,,,,,,,,,,,,,,,,,,,,,,,,,,,,,,,,,,,,,,,,,,,,,,,,,,,,,,,,,,,,,,,,,,,,,,,,,,,,,,,,,,,,,,,,,,,,,,,,,,,,,,,,,,,,,,,,,,,,,,,,,,,,,,,,,,,,,,,,,,
NACE_R2,Mining and quarrying; manufacturing,,,,,,,,,,,,,,,,,,,,,,,,,,,,,,,,,,,,,,,,,,,,,,,,,,,,,,,,,,,,,,,,,,,,,,,,,,,,,,,,,,,,,,,,,,,,,,,,,,,,,,,,,,,,,,,,,,,,,,,,,,,,,,,,,,,,,,,,,,,,,,,,,,,,,,,,,,,,,,,,,,,,,,,,,,,,,,,,,,,,,,,,,,,,,,,,,,,,,,
S_ADJ,Seasonally and calendar adjusted data,,,,,,,,,,,,,,,,,,,,,,,,,,,,,,,,,,,,,,,,,,,,,,,,,,,,,,,,,,,,,,,,,,,,,,,,,,,,,,,,,,,,,,,,,,,,,,,,,,,,,,,,,,,,,,,,,,,,,,,,,,,,,,,,,,,,,,,,,,,,,,,,,,,,,,,,,,,,,,,,,,,,,,,,,,,,,,,,,,,,,,,,,,,,,,,,,,,,,,
UNIT,Percentage change over previous period,,,,,,,,,,,,,,,,,,,,,,,,,,,,,,,,,,,,,,,,,,,,,,,,,,,,,,,,,,,,,,,,,,,,,,,,,,,,,,,,,,,,,,,,,,,,,,,,,,,,,,,,,,,,,,,,,,,,,,,,,,,,,,,,,,,,,,,,,,,,,,,,,,,,,,,,,,,,,,,,,,,,,,,,,,,,,,,,,,,,,,,,,,,,,,,,,,,,,,
,,,,,,,,,,,,,,,,,,,,,,,,,,,,,,,,,,,,,,,,,,,,,,,,,,,,,,,,,,,,,,,,,,,,,,,,,,,,,,,,,,,,,,,,,,,,,,,,,,,,,,,,,,,,,,,,,,,,,,,,,,,,,,,,,,,,,,,,,,,,,,,,,,,,,,,,,,,,,,,,,,,,,,,,,,,,,,,,,,,,,,,,,,,,,,,,,,,,,,,
GEO/TIME,2000M01,2000M02,2000M03,2000M04,2000M05,2000M06,2000M07,2000M08,2000M09,2000M10,2000M11,2000M12,2001M01,2001M02,2001M03,2001M04,2001M05,2001M06,2001M07,2001M08,2001M09,2001M10,2001M11,2001M12,2002M01,2002M02,2002M03,2002M04,2002M05,2002M06,2002M07,2002M08,2002M09,2002M10,2002M11,2002M12,2003M01,2003M02,2003M03,2003M04,2003M05,2003M06,2003M07,2003M08,2003M09,2003M10,2003M11,2003M12,2004M01,2004M02,2004M03,2004M04,2004M05,2004M06,2004M07,2004M08,2004M09,2004M10,2004M11,2004M12,2005M01,2005M02,2005M03,2005M04,2005M05,2005M06,2005M07,2005M08,2005M09,2005M10,2005M11,2005M12,2006M01,2006M02,2006M03,2006M04,2006M05,2006M06,2006M07,2006M08,2006M09,2006M10,2006M11,2006M12,2007M01,2007M02,2007M03,2007M04,2007M05,2007M06,2007M07,2007M08,2007M09,2007M10,2007M11,2007M12,2008M01,2008M02,2008M03,2008M04,2008M05,2008M06,2008M07,2008M08,2008M09,2008M10,2008M11,2008M12,2009M01,2009M02,2009M03,2009M04,2009M05,2009M06,2009M07,2009M08,2009M09,2009M10,2009M11,2009M12,2010M01,2010M02,2010M03,2010M04,2010M05,2010M06,2010M07,2010M08,2010M09,2010M10,2010M11,2010M12,2011M01,2011M02,2011M03,2011M04,2011M05,2011M06,2011M07,2011M08,2011M09,2011M10,2011M11,2011M12,2012M01,2012M02,2012M03,2012M04,2012M05,2012M06,2012M07,2012M08,2012M09,2012M10,2012M11,2012M12,2013M01,2013M02,2013M03,2013M04,2013M05,2013M06,2013M07,2013M08,2013M09,2013M10,2013M11,2013M12,2014M01,2014M02,2014M03,2014M04,2014M05,2014M06,2014M07,2014M08,2014M09,2014M10,2014M11,2014M12,2015M01,2015M02,2015M03,2015M04,2015M05,2015M06,2015M07,2015M08,2015M09,2015M10,2015M11,2015M12,2016M01,2016M02,2016M03,2016M04,2016M05,2016M06,2016M07
Estonia,0.3,0.1,0.9,2.5,0.3,4.4,-3.2,3.9,1.1,0.3,2.0,3.8,1.1,0.4,1.4,-1.4,1.2,4.3,1.1,-2.4,-0.1,2.6,0.8,-2.0,1.1,3.8,-0.4,0.6,2.3,-2.0,2.7,-0.2,4.3,-0.6,-1.0,-4.0,4.8,3.6,-0.2,0.4,0.4,-0.9,1.5,3.5,1.9,2.6,0.1,-2.1,-0.1,0.7,3.0,4.2,0.7,-0.8,3.0,-0.8,0.7,2.6,-0.1,2.0,-0.3,3.2,0.7,0.0,3.3,-0.7,3.0,-0.7,3.1,-0.9,1.7,6.8,-3.6,-3.7,5.9,2.2,2.5,2.9,-2.2,1.7,1.0,1.4,0.5,4.1,-3.3,5.0,1.8,1.9,-0.2,3.5,-4.5,3.2,0.8,0.1,-0.6,-0.2,3.3,1.8,-2.4,1.7,-2.6,0.9,2.7,-5.4,4.8,-8.3,-8.7,-5.6,-5.1,-2.7,-4.2,-2.6,0.2,1.0,0.7,4.9,-1.6,-1.0,1.2,1.4,-0.4,3.9,2.1,3.4,6.5,0.4,4.7,0.9,9.2,5.3,0.2,5.0,1.5,-0.2,4.0,1.3,-0.7,-3.7,9.3,-0.4,-10.2,1.4,-0.9,4.4,1.9,-2.4,-0.2,1.2,0.1,4.3,-3.7,2.7,3.9,-5.3,5.4,-3.2,8.9,-1.7,-2.3,-1.1,3.3,-0.2,-0.8,-1.6,-1.9,2.6,-0.3,-4.6,3.2,2.4,1.5,0.9,-1.4,0.2,5.1,-2.4,3.2,-0.9,1.6,-5.6,1.1,-0.7,1.7,-2.0,-2.3,0.2,-0.7,0.8,-1.5,2.3,-1.7,1.2,-2.6,2.9,0.4,0.7,0.6,-0.6,-3.5
Latvia,:,4.9,-2.6,-0.4,1.7,5.6,-5.7,3.6,1.2,1.0,0.7,9.2,-2.1,1.9,2.5,-4.9,7.7,-4.5,4.8,-1.1,-0.5,2.6,-2.2,0.4,5.4,-4.2,2.6,5.1,-0.8,-1.8,-1.9,8.7,-0.8,0.0,7.3,-3.8,-0.3,1.4,0.0,4.5,-1.0,4.8,3.0,-3.4,4.4,-1.0,2.2,1.4,1.7,4.7,-0.1,4.4,-0.6,-1.1,6.8,-3.7,1.6,-0.3,3.9,3.2,-1.3,2.5,3.6,-0.2,-0.8,5.8,2.9,-3.0,0.6,5.4,3.6,1.1,-4.9,1.9,1.6,3.9,0.9,3.1,1.0,2.8,1.7,2.6,-2.0,6.8,0.3,-1.2,7.2,-4.5,7.0,-4.6,2.8,1.4,-2.0,1.4,0.8,3.0,2.2,3.3,-4.7,1.1,-4.2,2.4,-2.6,3.0,0.1,-7.6,-3.6,-2.2,-15.5,-0.7,-3.6,1.1,-1.5,1.2,-5.6,1.5,2.8,0.2,0.7,2.1,-5.6,3.1,1.8,6.1,1.3,0.9,6.9,0.3,2.2,2.2,-3.7,0.2,2.7,-0.6,2.7,1.6,2.0,2.9,0.0,0.2,1.4,0.7,2.0,-5.2,8.2,-2.5,2.7,-0.5,3.6,-3.1,2.3,4.4,-1.0,-3.4,-0.1,2.8,0.8,-5.1,1.3,-5.4,5.3,3.2,-0.1,2.0,-2.1,1.6,3.3,-2.7,-3.1,3.8,-2.6,1.1,-3.5,0.2,0.7,-2.4,3.4,-0.8,-0.5,-0.6,0.5,-2.6,4.2,3.0,-4.5,0.9,0.2,-2.5,0.2,1.2,0.0,-1.4,0.5,3.8,-1.8,-0.3,1.1,-2.5,-0.9
Lithuania,5.9,-0.4,9.5,-9.9,-3.4,8.0,2.3,2.4,7.5,-11.9,9.0,4.1,2.0,-3.5,-6.1,-1.4,13.9,-6.1,-2.9,-2.1,1.1,5.4,-5.7,-1.0,-2.7,0.1,14.4,-3.8,4.5,-2.6,-6.9,4.7,3.7,-0.8,1.0,4.9,1.5,12.4,-12.4,-9.4,1.6,1.7,8.3,8.4,-4.5,5.4,3.4,-1.0,-4.8,8.5,-2.9,6.5,-8.1,6.6,1.5,3.6,4.4,8.7,-7.5,5.1,6.9,-6.0,9.9,0.7,1.7,-3.9,0.6,7.7,10.9,-7.8,8.5,3.5,-0.5,-1.9,5.4,-1.9,6.9,-4.9,-2.8,-3.7,5.9,-7.1,1.4,0.7,2.0,-1.0,4.9,5.4,1.0,4.1,3.1,-1.0,-5.0,-2.6,3.6,10.7,4.1,4.5,3.3,7.8,-3.2,4.6,-0.4,-3.8,-2.8,-14.3,-6.0,-11.0,-3.2,-1.8,-8.4,1.6,3.8,5.7,-1.5,1.3,-4.6,-1.8,3.8,1.5,-1.1,6.7,-2.8,9.9,1.7,4.7,0.3,2.8,-3.2,8.7,1.5,5.7,7.6,-2.1,-5.5,0.8,7.9,-0.5,0.3,-0.1,0.2,-0.7,1.3,1.3,6.7,-6.9,3.8,2.1,-26.0,25.8,4.5,10.5,-0.9,0.0,-1.3,-1.4,4.9,-0.6,0.4,-7.8,-6.4,4.9,0.3,4.8,-1.0,0.5,-2.3,-2.3,-2.3,4.6,-6.6,9.3,-1.5,-5.4,3.8,-3.9,4.1,2.3,0.5,-10.3,-3.5,9.9,-0.7,1.1,3.5,-0.8,-1.9,-4.9,-3.6,8.6,1.0,-8.4,-0.7,3.1,-2.4,-0.6,5.0,-2.0,:
,,,,,,,,,,,,,,,,,,,,,,,,,,,,,,,,,,,,,,,,,,,,,,,,,,,,,,,,,,,,,,,,,,,,,,,,,,,,,,,,,,,,,,,,,,,,,,,,,,,,,,,,,,,,,,,,,,,,,,,,,,,,,,,,,,,,,,,,,,,,,,,,,,,,,,,,,,,,,,,,,,,,,,,,,,,,,,,,,,,,,,,,,,,,,,,,,,,,,,,
Special value:,,,,,,,,,,,,,,,,,,,,,,,,,,,,,,,,,,,,,,,,,,,,,,,,,,,,,,,,,,,,,,,,,,,,,,,,,,,,,,,,,,,,,,,,,,,,,,,,,,,,,,,,,,,,,,,,,,,,,,,,,,,,,,,,,,,,,,,,,,,,,,,,,,,,,,,,,,,,,,,,,,,,,,,,,,,,,,,,,,,,,,,,,,,,,,,,,,,,,,,
:,not available,,,,,,,,,,,,,,,,,,,,,,,,,,,,,,,,,,,,,,,,,,,,,,,,,,,,,,,,,,,,,,,,,,,,,,,,,,,,,,,,,,,,,,,,,,,,,,,,,,,,,,,,,,,,,,,,,,,,,,,,,,,,,,,,,,,,,,,,,,,,,,,,,,,,,,,,,,,,,,,,,,,,,,,,,,,,,,,,,,,,,,,,,,,,,,,,,,,,,,
,,,,,,,,,,,,,,,,,,,,,,,,,,,,,,,,,,,,,,,,,,,,,,,,,,,,,,,,,,,,,,,,,,,,,,,,,,,,,,,,,,,,,,,,,,,,,,,,,,,,,,,,,,,,,,,,,,,,,,,,,,,,,,,,,,,,,,,,,,,,,,,,,,,,,,,,,,,,,,,,,,,,,,,,,,,,,,,,,,,,,,,,,,,,,,,,,,,,,,,
INDIC_BT,Index of turnover - Total,,,,,,,,,,,,,,,,,,,,,,,,,,,,,,,,,,,,,,,,,,,,,,,,,,,,,,,,,,,,,,,,,,,,,,,,,,,,,,,,,,,,,,,,,,,,,,,,,,,,,,,,,,,,,,,,,,,,,,,,,,,,,,,,,,,,,,,,,,,,,,,,,,,,,,,,,,,,,,,,,,,,,,,,,,,,,,,,,,,,,,,,,,,,,,,,,,,,,,
NACE_R2,Mining and quarrying; manufacturing,,,,,,,,,,,,,,,,,,,,,,,,,,,,,,,,,,,,,,,,,,,,,,,,,,,,,,,,,,,,,,,,,,,,,,,,,,,,,,,,,,,,,,,,,,,,,,,,,,,,,,,,,,,,,,,,,,,,,,,,,,,,,,,,,,,,,,,,,,,,,,,,,,,,,,,,,,,,,,,,,,,,,,,,,,,,,,,,,,,,,,,,,,,,,,,,,,,,,,
S_ADJ,Seasonally and calendar adjusted data,,,,,,,,,,,,,,,,,,,,,,,,,,,,,,,,,,,,,,,,,,,,,,,,,,,,,,,,,,,,,,,,,,,,,,,,,,,,,,,,,,,,,,,,,,,,,,,,,,,,,,,,,,,,,,,,,,,,,,,,,,,,,,,,,,,,,,,,,,,,,,,,,,,,,,,,,,,,,,,,,,,,,,,,,,,,,,,,,,,,,,,,,,,,,,,,,,,,,,
UNIT,Percentage change compared to same period in previous year,,,,,,,,,,,,,,,,,,,,,,,,,,,,,,,,,,,,,,,,,,,,,,,,,,,,,,,,,,,,,,,,,,,,,,,,,,,,,,,,,,,,,,,,,,,,,,,,,,,,,,,,,,,,,,,,,,,,,,,,,,,,,,,,,,,,,,,,,,,,,,,,,,,,,,,,,,,,,,,,,,,,,,,,,,,,,,,,,,,,,,,,,,,,,,,,,,,,,,
,,,,,,,,,,,,,,,,,,,,,,,,,,,,,,,,,,,,,,,,,,,,,,,,,,,,,,,,,,,,,,,,,,,,,,,,,,,,,,,,,,,,,,,,,,,,,,,,,,,,,,,,,,,,,,,,,,,,,,,,,,,,,,,,,,,,,,,,,,,,,,,,,,,,,,,,,,,,,,,,,,,,,,,,,,,,,,,,,,,,,,,,,,,,,,,,,,,,,,,
GEO/TIME,2000M01,2000M02,2000M03,2000M04,2000M05,2000M06,2000M07,2000M08,2000M09,2000M10,2000M11,2000M12,2001M01,2001M02,2001M03,2001M04,2001M05,2001M06,2001M07,2001M08,2001M09,2001M10,2001M11,2001M12,2002M01,2002M02,2002M03,2002M04,2002M05,2002M06,2002M07,2002M08,2002M09,2002M10,2002M11,2002M12,2003M01,2003M02,2003M03,2003M04,2003M05,2003M06,2003M07,2003M08,2003M09,2003M10,2003M11,2003M12,2004M01,2004M02,2004M03,2004M04,2004M05,2004M06,2004M07,2004M08,2004M09,2004M10,2004M11,2004M12,2005M01,2005M02,2005M03,2005M04,2005M05,2005M06,2005M07,2005M08,2005M09,2005M10,2005M11,2005M12,2006M01,2006M02,2006M03,2006M04,2006M05,2006M06,2006M07,2006M08,2006M09,2006M10,2006M11,2006M12,2007M01,2007M02,2007M03,2007M04,2007M05,2007M06,2007M07,2007M08,2007M09,2007M10,2007M11,2007M12,2008M01,2008M02,2008M03,2008M04,2008M05,2008M06,2008M07,2008M08,2008M09,2008M10,2008M11,2008M12,2009M01,2009M02,2009M03,2009M04,2009M05,2009M06,2009M07,2009M08,2009M09,2009M10,2009M11,2009M12,2010M01,2010M02,2010M03,2010M04,2010M05,2010M06,2010M07,2010M08,2010M09,2010M10,2010M11,2010M12,2011M01,2011M02,2011M03,2011M04,2011M05,2011M06,2011M07,2011M08,2011M09,2011M10,2011M11,2011M12,2012M01,2012M02,2012M03,2012M04,2012M05,2012M06,2012M07,2012M08,2012M09,2012M10,2012M11,2012M12,2013M01,2013M02,2013M03,2013M04,2013M05,2013M06,2013M07,2013M08,2013M09,2013M10,2013M11,2013M12,2014M01,2014M02,2014M03,2014M04,2014M05,2014M06,2014M07,2014M08,2014M09,2014M10,2014M11,2014M12,2015M01,2015M02,2015M03,2015M04,2015M05,2015M06,2015M07,2015M08,2015M09,2015M10,2015M11,2015M12,2016M01,2016M02,2016M03,2016M04,2016M05,2016M06,2016M07
Estonia,:,:,:,:,:,:,:,:,:,:,:,:,:,:,:,:,:,:,:,:,:,:,:,:,:,:,:,:,:,:,:,:,:,:,:,:,:,:,:,:,:,:,:,:,:,:,:,:,:,:,:,:,:,:,:,:,:,:,:,:,:,:,:,:,:,:,:,:,:,:,:,:,:,:,:,:,:,:,:,:,:,:,:,:,:,:,:,:,:,:,:,:,:,:,:,:,:,:,:,:,:,:,:,:,:,:,:,:,:,:,:,:,:,:,:,:,:,:,:,:,:,:,:,:,:,:,:,:,:,:,:,:,:,:,:,:,:,:,:,:,:,:,:,:,:,:,:,:,:,:,:,:,:,:,:,:,:,:,:,:,:,:,:,:,:,:,:,:,:,:,:,:,:,:,:,:,:,:,:,:,:,:,:,:,:,:,:,:,:,:,:,:,:,:,:,:,:,:,:
Latvia,:,:,:,:,:,:,:,:,:,:,:,:,:,:,:,:,:,:,:,:,:,:,:,:,:,:,:,:,:,:,:,:,:,:,:,:,:,:,:,:,:,:,:,:,:,:,:,:,:,:,:,:,:,:,:,:,:,:,:,:,:,:,:,:,:,:,:,:,:,:,:,:,:,:,:,:,:,:,:,:,:,:,:,:,:,:,:,:,:,:,:,:,:,:,:,:,:,:,:,:,:,:,:,:,:,:,:,:,:,:,:,:,:,:,:,:,:,:,:,:,:,:,:,:,:,:,:,:,:,:,:,:,:,:,:,:,:,:,:,:,:,:,:,:,:,:,:,:,:,:,:,:,:,:,:,:,:,:,:,:,:,:,:,:,:,:,:,:,:,:,:,:,:,:,:,:,:,:,:,:,:,:,:,:,:,:,:,:,:,:,:,:,:,:,:,:,:,:,:
Lithuania,:,:,:,:,:,:,:,:,:,:,:,:,:,:,:,:,:,:,:,:,:,:,:,:,:,:,:,:,:,:,:,:,:,:,:,:,:,:,:,:,:,:,:,:,:,:,:,:,:,:,:,:,:,:,:,:,:,:,:,:,:,:,:,:,:,:,:,:,:,:,:,:,:,:,:,:,:,:,:,:,:,:,:,:,:,:,:,:,:,:,:,:,:,:,:,:,:,:,:,:,:,:,:,:,:,:,:,:,:,:,:,:,:,:,:,:,:,:,:,:,:,:,:,:,:,:,:,:,:,:,:,:,:,:,:,:,:,:,:,:,:,:,:,:,:,:,:,:,:,:,:,:,:,:,:,:,:,:,:,:,:,:,:,:,:,:,:,:,:,:,:,:,:,:,:,:,:,:,:,:,:,:,:,:,:,:,:,:,:,:,:,:,:,:,:,:,:,:,:
,,,,,,,,,,,,,,,,,,,,,,,,,,,,,,,,,,,,,,,,,,,,,,,,,,,,,,,,,,,,,,,,,,,,,,,,,,,,,,,,,,,,,,,,,,,,,,,,,,,,,,,,,,,,,,,,,,,,,,,,,,,,,,,,,,,,,,,,,,,,,,,,,,,,,,,,,,,,,,,,,,,,,,,,,,,,,,,,,,,,,,,,,,,,,,,,,,,,,,,
Special value:,,,,,,,,,,,,,,,,,,,,,,,,,,,,,,,,,,,,,,,,,,,,,,,,,,,,,,,,,,,,,,,,,,,,,,,,,,,,,,,,,,,,,,,,,,,,,,,,,,,,,,,,,,,,,,,,,,,,,,,,,,,,,,,,,,,,,,,,,,,,,,,,,,,,,,,,,,,,,,,,,,,,,,,,,,,,,,,,,,,,,,,,,,,,,,,,,,,,,,,
:,not available,,,,,,,,,,,,,,,,,,,,,,,,,,,,,,,,,,,,,,,,,,,,,,,,,,,,,,,,,,,,,,,,,,,,,,,,,,,,,,,,,,,,,,,,,,,,,,,,,,,,,,,,,,,,,,,,,,,,,,,,,,,,,,,,,,,,,,,,,,,,,,,,,,,,,,,,,,,,,,,,,,,,,,,,,,,,,,,,,,,,,,,,,,,,,,,,,,,,,,
