INDIC,Construction confidence indicator,,,,,,,,,,,,,,,,,,,,,,,,,,,,,,,,,,,,,,,,,,,,,,,,,,,,,,,,,,,,,,,,,,,,,,,,,,,,,,,,,,,,,,,,,,,,,,,,,,,,,,,,,,,,,,,,,,,,,,,,,,,,,,,,,,,,,,,,,,,,,,,,,,,,,,,,,,,,,,,,,,,,,,,,,,,,,,,,,,,,,,,,,,,,,,,,,,,,,,,
S_ADJ,"Seasonally adjusted data, not calendar adjusted data",,,,,,,,,,,,,,,,,,,,,,,,,,,,,,,,,,,,,,,,,,,,,,,,,,,,,,,,,,,,,,,,,,,,,,,,,,,,,,,,,,,,,,,,,,,,,,,,,,,,,,,,,,,,,,,,,,,,,,,,,,,,,,,,,,,,,,,,,,,,,,,,,,,,,,,,,,,,,,,,,,,,,,,,,,,,,,,,,,,,,,,,,,,,,,,,,,,,,,,
,,,,,,,,,,,,,,,,,,,,,,,,,,,,,,,,,,,,,,,,,,,,,,,,,,,,,,,,,,,,,,,,,,,,,,,,,,,,,,,,,,,,,,,,,,,,,,,,,,,,,,,,,,,,,,,,,,,,,,,,,,,,,,,,,,,,,,,,,,,,,,,,,,,,,,,,,,,,,,,,,,,,,,,,,,,,,,,,,,,,,,,,,,,,,,,,,,,,,,,,
GEO/TIME,2000M01,2000M02,2000M03,2000M04,2000M05,2000M06,2000M07,2000M08,2000M09,2000M10,2000M11,2000M12,2001M01,2001M02,2001M03,2001M04,2001M05,2001M06,2001M07,2001M08,2001M09,2001M10,2001M11,2001M12,2002M01,2002M02,2002M03,2002M04,2002M05,2002M06,2002M07,2002M08,2002M09,2002M10,2002M11,2002M12,2003M01,2003M02,2003M03,2003M04,2003M05,2003M06,2003M07,2003M08,2003M09,2003M10,2003M11,2003M12,2004M01,2004M02,2004M03,2004M04,2004M05,2004M06,2004M07,2004M08,2004M09,2004M10,2004M11,2004M12,2005M01,2005M02,2005M03,2005M04,2005M05,2005M06,2005M07,2005M08,2005M09,2005M10,2005M11,2005M12,2006M01,2006M02,2006M03,2006M04,2006M05,2006M06,2006M07,2006M08,2006M09,2006M10,2006M11,2006M12,2007M01,2007M02,2007M03,2007M04,2007M05,2007M06,2007M07,2007M08,2007M09,2007M10,2007M11,2007M12,2008M01,2008M02,2008M03,2008M04,2008M05,2008M06,2008M07,2008M08,2008M09,2008M10,2008M11,2008M12,2009M01,2009M02,2009M03,2009M04,2009M05,2009M06,2009M07,2009M08,2009M09,2009M10,2009M11,2009M12,2010M01,2010M02,2010M03,2010M04,2010M05,2010M06,2010M07,2010M08,2010M09,2010M10,2010M11,2010M12,2011M01,2011M02,2011M03,2011M04,2011M05,2011M06,2011M07,2011M08,2011M09,2011M10,2011M11,2011M12,2012M01,2012M02,2012M03,2012M04,2012M05,2012M06,2012M07,2012M08,2012M09,2012M10,2012M11,2012M12,2013M01,2013M02,2013M03,2013M04,2013M05,2013M06,2013M07,2013M08,2013M09,2013M10,2013M11,2013M12,2014M01,2014M02,2014M03,2014M04,2014M05,2014M06,2014M07,2014M08,2014M09,2014M10,2014M11,2014M12,2015M01,2015M02,2015M03,2015M04,2015M05,2015M06,2015M07,2015M08,2015M09,2015M10,2015M11,2015M12,2016M01,2016M02,2016M03,2016M04,2016M05,2016M06,2016M07,2016M08
Estonia,-30.9,-31.6,-32.3,-11.8,-10.8,-9.8,-17.7,-17.2,-16.6,-5.5,-5.1,-4.8,10.8,11.3,11.7,1.6,1.8,2.1,-5.5,-4.1,-2.8,8.3,10.2,12.2,23.6,26.7,30,23.8,27.1,28.1,26.8,24.5,15.3,14.3,4.1,-5.3,2.5,4.3,3.1,1.8,6.3,9.3,11.8,8.1,12.2,9.3,6.9,4.4,4.4,5.3,11.1,12.3,19.6,19.9,13.9,15,16.8,14.8,15,19.9,21.3,25.6,29.2,31.8,34.9,31.8,30.9,35.2,30.6,32,39.3,46.4,44.9,44.3,43.6,44.8,48.8,47.1,39.6,37.8,41.6,44.7,43.1,44.7,40.6,42,39.2,37.4,24.1,22,17.2,12.3,6,4.9,2.3,-5,-3.1,-2.3,-11.6,-19,-36.3,-35.5,-29.5,-30.5,-35.2,-42.1,-54,-58.2,-64.7,-69.5,-75,-76,-69.5,-70.7,-70.3,-68,-63.7,-56.5,-53.7,-54.4,-49.5,-45.9,-39.6,-30.6,-25.2,-11.5,-19.5,-17.6,-18.8,-24.1,-17.1,-16.7,-13.4,-4.5,-3.4,-1.4,9.1,16,10.6,10,10.5,0.6,5.8,3.7,1,-1.1,8.3,9.5,8.6,4.1,3.4,-2.8,-1.5,8.3,3.8,3.9,1,-4.5,-2.1,-14.2,-10.5,-17.8,-10.8,-15.4,-15.5,-9.9,-14.7,-19.9,-19.1,-24.5,-21.7,-16.2,-20,-29.9,-30.2,-23.6,-24.2,-21.6,-15.6,-17.3,-15.5,-17.2,-21.7,-21.9,-19.8,-25.8,-19.9,-14.3,-19.2,-14.8,-9.2,-5.3,1.7,-0.5,-5.5,2.6,-0.4,-5.7,-0.1,-2.1
Latvia,-36.8,-36.9,-36.9,-35.3,-35.3,-35.1,-32.5,-31.8,-31,-32.5,-32.1,-31.5,-31.4,-30.6,-29.8,-33.1,-34.1,-36.2,-28.7,-34.3,-40,-29.4,-26,-22.3,-18.6,-14.7,-14.7,-21.3,-14.4,-8.7,-16.1,-16.9,-15.1,-6.7,-14.9,-19.5,-19.2,-11.3,-7.2,-11.6,-8.4,-9.6,-9.6,-10.9,-18.8,-10.3,-14.1,-18.2,-15.3,-8.2,-1.4,-2.4,-0.4,-3.1,-7.6,-6.3,-7,-3.7,-3.3,-7.8,1,-0.7,4.5,3.8,3.8,6.3,4.5,7.6,9.4,7.1,13.2,8.4,9.4,9.1,11.3,10.9,13.2,13.2,12.7,13,9.9,10.1,11.5,17.9,19.2,15,18.4,17.6,12.3,12.6,9.2,7.6,11.1,6.5,1.9,1.3,-5.4,-6.7,-13.4,-24,-27.9,-30.5,-36.3,-42.9,-47,-47.2,-52.3,-58.6,-62.4,-67.8,-75.4,-74.4,-78.7,-76.9,-79.4,-76.6,-72.4,-70.2,-69.2,-66.2,-65.9,-61.9,-61.2,-55.9,-51.2,-51.2,-45.5,-43.9,-44.9,-32.1,-42,-39.5,-39.3,-35,-27.2,-28.2,-24.9,-21.9,-17.1,-19.1,-21.7,-21.4,-12.4,-18.7,-22.2,-19,-11.2,-4.8,-7.9,-9.6,-13.4,-11.6,-12.4,-20.8,-20.4,-18.9,-18.4,-17.1,-19.9,-19.6,-16.4,-14.5,-15.1,-19.5,-18.6,-20.1,-19.6,-18.2,-15.6,-16,-12.5,-14,-17.1,-20.3,-21.8,-18.8,-18.2,-21.3,-20.7,-21.5,-16.8,-20,-21.4,-20.4,-23.8,-22.7,-25.2,-27.7,-32.7,-29.9,-32.7,-31.7,-27.2,-30,-32.2,-34,-36.4,-36.7,-35.9,-32.8
Lithuania,-55.8,-55.9,-55.9,-69.9,-70.1,-70.3,-76,-76.2,-76.4,-67.3,-67.7,-68.2,-67.2,-67.3,-67.6,-57.4,-56.9,-56.6,-48.2,-47.7,-47.3,-45.7,-45.4,-45.4,-44.2,-43.8,-43.6,-29.2,-20.3,-23.9,-24.9,-26.5,-38.2,-7.9,-29.6,-28.4,-26.2,-13.7,-10.5,-16.9,-20.4,-13.2,-16.6,-20.5,-22.1,-17.5,-10.7,-23.8,-25.8,-22.4,-11.2,-17.2,-14.8,-16.6,-21.2,-21.4,-12.5,-11.3,-9.6,-11,-9.7,-5.3,-2.4,-23.6,-10.7,-4.4,0.5,1.1,2,0.9,6.9,7.1,0,-7.1,8.6,1.6,4.2,3.8,5.8,4.9,-1.1,1.3,-0.3,8.3,13.4,12.2,11.3,10.3,7.1,2.5,1.2,1,5.3,-2.3,1.7,4.1,11.2,7.3,-4.6,-6.7,-19.1,-24.5,-27.8,-35.6,-33.5,-42.9,-49.2,-56.3,-64.1,-69.3,-85.2,-89,-92.9,-91.9,-86.2,-85.7,-80.5,-81.1,-76.1,-72.7,-66.1,-63.8,-56.6,-47.2,-40.4,-34.2,-33,-28.8,-29,-29.4,-33.1,-38.6,-36.5,-31.1,-22,-21.1,-19.3,-17.2,-23.8,-22.6,-29,-30.3,-33.4,-31.3,-33.5,-36.9,-36.9,-32.5,-34.9,-34,-36.4,-31.2,-31.2,-35.7,-31,-30.6,-24.4,-24.6,-21.9,-18.3,-21.8,-26.8,-21.5,-21.1,-25.3,-21.1,-23.5,-21.1,-19.3,-16,-14.1,-14.8,-13.6,-15.7,-20,-18,-14.5,-10.6,-15.3,-12.4,-15.3,-12,-18.1,-23,-22.5,-24.4,-20.9,-27.6,-27.1,-26.3,-27.8,-26.4,-26.7,-26.7,-25.6,-31.2,-30.7,-29.3,-36,-28.2
,,,,,,,,,,,,,,,,,,,,,,,,,,,,,,,,,,,,,,,,,,,,,,,,,,,,,,,,,,,,,,,,,,,,,,,,,,,,,,,,,,,,,,,,,,,,,,,,,,,,,,,,,,,,,,,,,,,,,,,,,,,,,,,,,,,,,,,,,,,,,,,,,,,,,,,,,,,,,,,,,,,,,,,,,,,,,,,,,,,,,,,,,,,,,,,,,,,,,,,,
,,,,,,,,,,,,,,,,,,,,,,,,,,,,,,,,,,,,,,,,,,,,,,,,,,,,,,,,,,,,,,,,,,,,,,,,,,,,,,,,,,,,,,,,,,,,,,,,,,,,,,,,,,,,,,,,,,,,,,,,,,,,,,,,,,,,,,,,,,,,,,,,,,,,,,,,,,,,,,,,,,,,,,,,,,,,,,,,,,,,,,,,,,,,,,,,,,,,,,,,
,,,,,,,,,,,,,,,,,,,,,,,,,,,,,,,,,,,,,,,,,,,,,,,,,,,,,,,,,,,,,,,,,,,,,,,,,,,,,,,,,,,,,,,,,,,,,,,,,,,,,,,,,,,,,,,,,,,,,,,,,,,,,,,,,,,,,,,,,,,,,,,,,,,,,,,,,,,,,,,,,,,,,,,,,,,,,,,,,,,,,,,,,,,,,,,,,,,,,,,,
,,,,,,,,,,,,,,,,,,,,,,,,,,,,,,,,,,,,,,,,,,,,,,,,,,,,,,,,,,,,,,,,,,,,,,,,,,,,,,,,,,,,,,,,,,,,,,,,,,,,,,,,,,,,,,,,,,,,,,,,,,,,,,,,,,,,,,,,,,,,,,,,,,,,,,,,,,,,,,,,,,,,,,,,,,,,,,,,,,,,,,,,,,,,,,,,,,,,,,,,
,,,,,,,,,,,,,,,,,,,,,,,,,,,,,,,,,,,,,,,,,,,,,,,,,,,,,,,,,,,,,,,,,,,,,,,,,,,,,,,,,,,,,,,,,,,,,,,,,,,,,,,,,,,,,,,,,,,,,,,,,,,,,,,,,,,,,,,,,,,,,,,,,,,,,,,,,,,,,,,,,,,,,,,,,,,,,,,,,,,,,,,,,,,,,,,,,,,,,,,,
,,,,,,,,,,,,,,,,,,,,,,,,,,,,,,,,,,,,,,,,,,,,,,,,,,,,,,,,,,,,,,,,,,,,,,,,,,,,,,,,,,,,,,,,,,,,,,,,,,,,,,,,,,,,,,,,,,,,,,,,,,,,,,,,,,,,,,,,,,,,,,,,,,,,,,,,,,,,,,,,,,,,,,,,,,,,,,,,,,,,,,,,,,,,,,,,,,,,,,,,
,,,,,,,,,,,,,,,,,,,,,,,,,,,,,,,,,,,,,,,,,,,,,,,,,,,,,,,,,,,,,,,,,,,,,,,,,,,,,,,,,,,,,,,,,,,,,,,,,,,,,,,,,,,,,,,,,,,,,,,,,,,,,,,,,,,,,,,,,,,,,,,,,,,,,,,,,,,,,,,,,,,,,,,,,,,,,,,,,,,,,,,,,,,,,,,,,,,,,,,,
,,,,,,,,,,,,,,,,,,,,,,,,,,,,,,,,,,,,,,,,,,,,,,,,,,,,,,,,,,,,,,,,,,,,,,,,,,,,,,,,,,,,,,,,,,,,,,,,,,,,,,,,,,,,,,,,,,,,,,,,,,,,,,,,,,,,,,,,,,,,,,,,,,,,,,,,,,,,,,,,,,,,,,,,,,,,,,,,,,,,,,,,,,,,,,,,,,,,,,,,
,,,,,,,,,,,,,,,,,,,,,,,,,,,,,,,,,,,,,,,,,,,,,,,,,,,,,,,,,,,,,,,,,,,,,,,,,,,,,,,,,,,,,,,,,,,,,,,,,,,,,,,,,,,,,,,,,,,,,,,,,,,,,,,,,,,,,,,,,,,,,,,,,,,,,,,,,,,,,,,,,,,,,,,,,,,,,,,,,,,,,,,,,,,,,,,,,,,,,,,,
,,,,,,,,,,,,,,,,,,,,,,,,,,,,,,,,,,,,,,,,,,,,,,,,,,,,,,,,,,,,,,,,,,,,,,,,,,,,,,,,,,,,,,,,,,,,,,,,,,,,,,,,,,,,,,,,,,,,,,,,,,,,,,,,,,,,,,,,,,,,,,,,,,,,,,,,,,,,,,,,,,,,,,,,,,,,,,,,,,,,,,,,,,,,,,,,,,,,,,,,
,,,,,,,,,,,,,,,,,,,,,,,,,,,,,,,,,,,,,,,,,,,,,,,,,,,,,,,,,,,,,,,,,,,,,,,,,,,,,,,,,,,,,,,,,,,,,,,,,,,,,,,,,,,,,,,,,,,,,,,,,,,,,,,,,,,,,,,,,,,,,,,,,,,,,,,,,,,,,,,,,,,,,,,,,,,,,,,,,,,,,,,,,,,,,,,,,,,,,,,,
,,,,,,,,,,,,,,,,,,,,,,,,,,,,,,,,,,,,,,,,,,,,,,,,,,,,,,,,,,,,,,,,,,,,,,,,,,,,,,,,,,,,,,,,,,,,,,,,,,,,,,,,,,,,,,,,,,,,,,,,,,,,,,,,,,,,,,,,,,,,,,,,,,,,,,,,,,,,,,,,,,,,,,,,,,,,,,,,,,,,,,,,,,,,,,,,,,,,,,,,
,,,,,,,,,,,,,,,,,,,,,,,,,,,,,,,,,,,,,,,,,,,,,,,,,,,,,,,,,,,,,,,,,,,,,,,,,,,,,,,,,,,,,,,,,,,,,,,,,,,,,,,,,,,,,,,,,,,,,,,,,,,,,,,,,,,,,,,,,,,,,,,,,,,,,,,,,,,,,,,,,,,,,,,,,,,,,,,,,,,,,,,,,,,,,,,,,,,,,,,,
,,,,,,,,,,,,,,,,,,,,,,,,,,,,,,,,,,,,,,,,,,,,,,,,,,,,,,,,,,,,,,,,,,,,,,,,,,,,,,,,,,,,,,,,,,,,,,,,,,,,,,,,,,,,,,,,,,,,,,,,,,,,,,,,,,,,,,,,,,,,,,,,,,,,,,,,,,,,,,,,,,,,,,,,,,,,,,,,,,,,,,,,,,,,,,,,,,,,,,,,
,,,,,,,,,,,,,,,,,,,,,,,,,,,,,,,,,,,,,,,,,,,,,,,,,,,,,,,,,,,,,,,,,,,,,,,,,,,,,,,,,,,,,,,,,,,,,,,,,,,,,,,,,,,,,,,,,,,,,,,,,,,,,,,,,,,,,,,,,,,,,,,,,,,,,,,,,,,,,,,,,,,,,,,,,,,,,,,,,,,,,,,,,,,,,,,,,,,,,,,,
INDIC,Economic sentiment indicator,,,,,,,,,,,,,,,,,,,,,,,,,,,,,,,,,,,,,,,,,,,,,,,,,,,,,,,,,,,,,,,,,,,,,,,,,,,,,,,,,,,,,,,,,,,,,,,,,,,,,,,,,,,,,,,,,,,,,,,,,,,,,,,,,,,,,,,,,,,,,,,,,,,,,,,,,,,,,,,,,,,,,,,,,,,,,,,,,,,,,,,,,,,,,,,,,,,,,,,
S_ADJ,"Seasonally adjusted data, not calendar adjusted data",,,,,,,,,,,,,,,,,,,,,,,,,,,,,,,,,,,,,,,,,,,,,,,,,,,,,,,,,,,,,,,,,,,,,,,,,,,,,,,,,,,,,,,,,,,,,,,,,,,,,,,,,,,,,,,,,,,,,,,,,,,,,,,,,,,,,,,,,,,,,,,,,,,,,,,,,,,,,,,,,,,,,,,,,,,,,,,,,,,,,,,,,,,,,,,,,,,,,,,
,,,,,,,,,,,,,,,,,,,,,,,,,,,,,,,,,,,,,,,,,,,,,,,,,,,,,,,,,,,,,,,,,,,,,,,,,,,,,,,,,,,,,,,,,,,,,,,,,,,,,,,,,,,,,,,,,,,,,,,,,,,,,,,,,,,,,,,,,,,,,,,,,,,,,,,,,,,,,,,,,,,,,,,,,,,,,,,,,,,,,,,,,,,,,,,,,,,,,,,,
GEO/TIME,2000M01,2000M02,2000M03,2000M04,2000M05,2000M06,2000M07,2000M08,2000M09,2000M10,2000M11,2000M12,2001M01,2001M02,2001M03,2001M04,2001M05,2001M06,2001M07,2001M08,2001M09,2001M10,2001M11,2001M12,2002M01,2002M02,2002M03,2002M04,2002M05,2002M06,2002M07,2002M08,2002M09,2002M10,2002M11,2002M12,2003M01,2003M02,2003M03,2003M04,2003M05,2003M06,2003M07,2003M08,2003M09,2003M10,2003M11,2003M12,2004M01,2004M02,2004M03,2004M04,2004M05,2004M06,2004M07,2004M08,2004M09,2004M10,2004M11,2004M12,2005M01,2005M02,2005M03,2005M04,2005M05,2005M06,2005M07,2005M08,2005M09,2005M10,2005M11,2005M12,2006M01,2006M02,2006M03,2006M04,2006M05,2006M06,2006M07,2006M08,2006M09,2006M10,2006M11,2006M12,2007M01,2007M02,2007M03,2007M04,2007M05,2007M06,2007M07,2007M08,2007M09,2007M10,2007M11,2007M12,2008M01,2008M02,2008M03,2008M04,2008M05,2008M06,2008M07,2008M08,2008M09,2008M10,2008M11,2008M12,2009M01,2009M02,2009M03,2009M04,2009M05,2009M06,2009M07,2009M08,2009M09,2009M10,2009M11,2009M12,2010M01,2010M02,2010M03,2010M04,2010M05,2010M06,2010M07,2010M08,2010M09,2010M10,2010M11,2010M12,2011M01,2011M02,2011M03,2011M04,2011M05,2011M06,2011M07,2011M08,2011M09,2011M10,2011M11,2011M12,2012M01,2012M02,2012M03,2012M04,2012M05,2012M06,2012M07,2012M08,2012M09,2012M10,2012M11,2012M12,2013M01,2013M02,2013M03,2013M04,2013M05,2013M06,2013M07,2013M08,2013M09,2013M10,2013M11,2013M12,2014M01,2014M02,2014M03,2014M04,2014M05,2014M06,2014M07,2014M08,2014M09,2014M10,2014M11,2014M12,2015M01,2015M02,2015M03,2015M04,2015M05,2015M06,2015M07,2015M08,2015M09,2015M10,2015M11,2015M12,2016M01,2016M02,2016M03,2016M04,2016M05,2016M06,2016M07,2016M08
Estonia,91.5,91.3,91.1,94.1,94.1,94.1,97.9,98.7,99.5,99.6,99.8,99.9,105,105.1,105.3,98.9,102.1,103.3,103.2,105.8,103.5,100.7,100.3,99,105.5,108.6,112.1,109.6,108.8,108.9,109,111.2,112.9,111.8,111.4,108.8,112.1,112.4,112.6,109.4,107.8,108,108.9,107.5,108.1,109.6,108,103.7,106.5,107.9,109.1,109.1,110.5,108.5,107,107.2,107.9,105.1,102.5,103.2,105.6,108.5,111.6,110.6,111.4,111,112.8,110.8,109.5,113.4,114.9,117.8,116.8,113.5,113.5,113.8,114.3,116.1,117.3,118.2,118.5,116.8,117.3,118.1,116.2,116.1,116,114.7,111,112.4,109,104.9,104.3,101.7,100.3,100.4,99,98.9,98.2,94.6,94.2,93.8,91.8,91.6,87.5,83.1,78.3,73.8,73.6,69.1,67.6,70,75.2,74.9,76.4,80.3,84.6,87.3,90.3,91.9,93.4,95.3,95.9,99.6,102.8,102.9,103.9,106.5,104.7,108.2,108.2,109.4,110.7,110.9,111.5,110.3,109.6,108.8,108,106.4,104.1,101,101.4,101.4,101.5,102.1,104.1,103.1,102,103,101.8,102.4,100.5,100,99.3,102,102.2,103.3,102.5,101.3,102.1,100.6,101.3,102.2,102.5,103.6,104.1,102.9,105.2,104,102.8,103.2,99.4,98.7,97.9,100,99.8,101.8,103,102.2,100.8,97.7,96.6,96.6,96.1,94.6,96,96.6,97.7,99.7,99.7,100.2,101.3,99,99.2,99.5,99.7,100.3,102.1,101.3
Latvia,97.2,97.3,97.5,105.3,105.5,105.7,105.2,105.4,105.5,110,110.2,110.4,109.5,109.7,109.7,108.5,102.6,104.7,107.8,107.9,106.5,107.3,106.7,104.4,109.8,109,109.3,105.6,105.8,105.9,106,106.4,107.1,108,107.4,107.3,106.6,109.1,110.8,110.1,109.4,108.3,109.6,108.7,108.4,109.5,108.6,108.1,108,108,108.5,108.6,110,109.1,109,109.6,109.7,107.7,108.3,109.1,107.7,109.1,109.3,109,109.9,109.7,110.2,110.9,110.4,110.8,111.6,111.8,111.4,110.8,112.3,111.4,111.8,111.8,113.2,113.2,115.3,114.7,114.2,114.7,115.3,115.3,114.6,113.4,113,113.1,112.1,111.9,110.9,109.6,108.8,107.5,105.4,105.2,102.7,99.7,96.7,95.2,94.3,94.3,91.6,88.4,85.2,79.3,73.8,70.4,70,75.1,76.5,75,73.9,73.7,75.9,77.7,78.6,81.2,83.3,86.6,90.8,93.7,95.5,97.1,97.9,98.7,98.8,100.5,100.9,101.2,101.3,102.4,102.4,100.7,102.2,102.7,102.9,102.3,103.2,101.8,102.4,102.1,105.1,105.3,103.4,102.4,101.7,104.2,102.5,103.7,103.9,103.6,103.7,104.6,106.3,105.9,105,103.4,104.1,103.6,103.5,102.3,102.8,102.8,104,104.4,105.6,105.9,103.9,104.7,103.4,103.4,104.5,102.6,101.7,102.7,104,102.9,102.6,101.8,103.5,104.1,103.4,101.7,102.4,103.6,101.4,102.6,101.6,102.2,103.1,102.7,103.6,104.2,104.3,104.7,104.4,103.1
Lithuania,96.1,97.7,96.3,94.7,98,95.2,91.8,95.8,99.7,98.2,99.3,98.1,100,100.2,102.5,106.3,100.6,96.9,98.7,100.3,98.5,99.5,99.4,100.6,100.9,101.1,100.9,101.8,104.3,101.2,102.1,103.7,104.5,105.1,106.5,106.3,106.4,108.9,107.9,106.3,105.9,104.3,102.7,103.7,103.2,107.1,107.9,106.7,105,104.4,106.8,108.6,108.8,108.8,110.8,109,110.9,111.1,108.2,107.2,106.6,106.4,108.1,108.3,107.6,110.4,114.2,110.2,113.3,115.2,115.3,114.7,115.7,114.8,113.9,112.8,114.3,116.5,118.7,116.2,115.3,115.6,114.3,114.3,114.2,117.4,116.1,117.5,117.1,118.2,117.5,117.9,115.9,110.9,115.4,112.1,112.9,110.6,107.1,104,106.1,103,99.1,100.1,96.7,93.4,86.8,78.6,75.6,73.4,69.9,68.3,72.1,74.8,74.1,76.2,76.1,78,79.7,82.7,89.3,87.8,90.4,93.2,94.4,94.4,95.1,98.3,99.1,101.7,103.9,107.4,105.5,104.8,106.7,107.8,108.5,110.2,110.5,106.6,101.3,99.3,99.9,101.3,100.1,100.2,99.5,100,99.6,99.9,99.5,97.4,98.8,99,99,101.1,101.9,102.7,103.6,104,102.5,104.4,102.6,106.5,104.9,102.4,101.7,103.2,105,105.3,105.5,104.8,103,101.7,99.4,100,99,104.2,104.9,101.5,100.8,102.3,104.6,104.6,102.1,101.8,103.5,102.9,104.6,105.6,106.2,105.7,106.1,105,105.4,104.1,104.1,103.7,103.8,106
,,,,,,,,,,,,,,,,,,,,,,,,,,,,,,,,,,,,,,,,,,,,,,,,,,,,,,,,,,,,,,,,,,,,,,,,,,,,,,,,,,,,,,,,,,,,,,,,,,,,,,,,,,,,,,,,,,,,,,,,,,,,,,,,,,,,,,,,,,,,,,,,,,,,,,,,,,,,,,,,,,,,,,,,,,,,,,,,,,,,,,,,,,,,,,,,,,,,,,,,
,,,,,,,,,,,,,,,,,,,,,,,,,,,,,,,,,,,,,,,,,,,,,,,,,,,,,,,,,,,,,,,,,,,,,,,,,,,,,,,,,,,,,,,,,,,,,,,,,,,,,,,,,,,,,,,,,,,,,,,,,,,,,,,,,,,,,,,,,,,,,,,,,,,,,,,,,,,,,,,,,,,,,,,,,,,,,,,,,,,,,,,,,,,,,,,,,,,,,,,,
,,,,,,,,,,,,,,,,,,,,,,,,,,,,,,,,,,,,,,,,,,,,,,,,,,,,,,,,,,,,,,,,,,,,,,,,,,,,,,,,,,,,,,,,,,,,,,,,,,,,,,,,,,,,,,,,,,,,,,,,,,,,,,,,,,,,,,,,,,,,,,,,,,,,,,,,,,,,,,,,,,,,,,,,,,,,,,,,,,,,,,,,,,,,,,,,,,,,,,,,
,,,,,,,,,,,,,,,,,,,,,,,,,,,,,,,,,,,,,,,,,,,,,,,,,,,,,,,,,,,,,,,,,,,,,,,,,,,,,,,,,,,,,,,,,,,,,,,,,,,,,,,,,,,,,,,,,,,,,,,,,,,,,,,,,,,,,,,,,,,,,,,,,,,,,,,,,,,,,,,,,,,,,,,,,,,,,,,,,,,,,,,,,,,,,,,,,,,,,,,,
,,,,,,,,,,,,,,,,,,,,,,,,,,,,,,,,,,,,,,,,,,,,,,,,,,,,,,,,,,,,,,,,,,,,,,,,,,,,,,,,,,,,,,,,,,,,,,,,,,,,,,,,,,,,,,,,,,,,,,,,,,,,,,,,,,,,,,,,,,,,,,,,,,,,,,,,,,,,,,,,,,,,,,,,,,,,,,,,,,,,,,,,,,,,,,,,,,,,,,,,
,,,,,,,,,,,,,,,,,,,,,,,,,,,,,,,,,,,,,,,,,,,,,,,,,,,,,,,,,,,,,,,,,,,,,,,,,,,,,,,,,,,,,,,,,,,,,,,,,,,,,,,,,,,,,,,,,,,,,,,,,,,,,,,,,,,,,,,,,,,,,,,,,,,,,,,,,,,,,,,,,,,,,,,,,,,,,,,,,,,,,,,,,,,,,,,,,,,,,,,,
,,,,,,,,,,,,,,,,,,,,,,,,,,,,,,,,,,,,,,,,,,,,,,,,,,,,,,,,,,,,,,,,,,,,,,,,,,,,,,,,,,,,,,,,,,,,,,,,,,,,,,,,,,,,,,,,,,,,,,,,,,,,,,,,,,,,,,,,,,,,,,,,,,,,,,,,,,,,,,,,,,,,,,,,,,,,,,,,,,,,,,,,,,,,,,,,,,,,,,,,
,,,,,,,,,,,,,,,,,,,,,,,,,,,,,,,,,,,,,,,,,,,,,,,,,,,,,,,,,,,,,,,,,,,,,,,,,,,,,,,,,,,,,,,,,,,,,,,,,,,,,,,,,,,,,,,,,,,,,,,,,,,,,,,,,,,,,,,,,,,,,,,,,,,,,,,,,,,,,,,,,,,,,,,,,,,,,,,,,,,,,,,,,,,,,,,,,,,,,,,,
,,,,,,,,,,,,,,,,,,,,,,,,,,,,,,,,,,,,,,,,,,,,,,,,,,,,,,,,,,,,,,,,,,,,,,,,,,,,,,,,,,,,,,,,,,,,,,,,,,,,,,,,,,,,,,,,,,,,,,,,,,,,,,,,,,,,,,,,,,,,,,,,,,,,,,,,,,,,,,,,,,,,,,,,,,,,,,,,,,,,,,,,,,,,,,,,,,,,,,,,
,,,,,,,,,,,,,,,,,,,,,,,,,,,,,,,,,,,,,,,,,,,,,,,,,,,,,,,,,,,,,,,,,,,,,,,,,,,,,,,,,,,,,,,,,,,,,,,,,,,,,,,,,,,,,,,,,,,,,,,,,,,,,,,,,,,,,,,,,,,,,,,,,,,,,,,,,,,,,,,,,,,,,,,,,,,,,,,,,,,,,,,,,,,,,,,,,,,,,,,,
,,,,,,,,,,,,,,,,,,,,,,,,,,,,,,,,,,,,,,,,,,,,,,,,,,,,,,,,,,,,,,,,,,,,,,,,,,,,,,,,,,,,,,,,,,,,,,,,,,,,,,,,,,,,,,,,,,,,,,,,,,,,,,,,,,,,,,,,,,,,,,,,,,,,,,,,,,,,,,,,,,,,,,,,,,,,,,,,,,,,,,,,,,,,,,,,,,,,,,,,
,,,,,,,,,,,,,,,,,,,,,,,,,,,,,,,,,,,,,,,,,,,,,,,,,,,,,,,,,,,,,,,,,,,,,,,,,,,,,,,,,,,,,,,,,,,,,,,,,,,,,,,,,,,,,,,,,,,,,,,,,,,,,,,,,,,,,,,,,,,,,,,,,,,,,,,,,,,,,,,,,,,,,,,,,,,,,,,,,,,,,,,,,,,,,,,,,,,,,,,,
,,,,,,,,,,,,,,,,,,,,,,,,,,,,,,,,,,,,,,,,,,,,,,,,,,,,,,,,,,,,,,,,,,,,,,,,,,,,,,,,,,,,,,,,,,,,,,,,,,,,,,,,,,,,,,,,,,,,,,,,,,,,,,,,,,,,,,,,,,,,,,,,,,,,,,,,,,,,,,,,,,,,,,,,,,,,,,,,,,,,,,,,,,,,,,,,,,,,,,,,
,,,,,,,,,,,,,,,,,,,,,,,,,,,,,,,,,,,,,,,,,,,,,,,,,,,,,,,,,,,,,,,,,,,,,,,,,,,,,,,,,,,,,,,,,,,,,,,,,,,,,,,,,,,,,,,,,,,,,,,,,,,,,,,,,,,,,,,,,,,,,,,,,,,,,,,,,,,,,,,,,,,,,,,,,,,,,,,,,,,,,,,,,,,,,,,,,,,,,,,,
,,,,,,,,,,,,,,,,,,,,,,,,,,,,,,,,,,,,,,,,,,,,,,,,,,,,,,,,,,,,,,,,,,,,,,,,,,,,,,,,,,,,,,,,,,,,,,,,,,,,,,,,,,,,,,,,,,,,,,,,,,,,,,,,,,,,,,,,,,,,,,,,,,,,,,,,,,,,,,,,,,,,,,,,,,,,,,,,,,,,,,,,,,,,,,,,,,,,,,,,
INDIC,Industrial confidence indicator,,,,,,,,,,,,,,,,,,,,,,,,,,,,,,,,,,,,,,,,,,,,,,,,,,,,,,,,,,,,,,,,,,,,,,,,,,,,,,,,,,,,,,,,,,,,,,,,,,,,,,,,,,,,,,,,,,,,,,,,,,,,,,,,,,,,,,,,,,,,,,,,,,,,,,,,,,,,,,,,,,,,,,,,,,,,,,,,,,,,,,,,,,,,,,,,,,,,,,,
S_ADJ,"Seasonally adjusted data, not calendar adjusted data",,,,,,,,,,,,,,,,,,,,,,,,,,,,,,,,,,,,,,,,,,,,,,,,,,,,,,,,,,,,,,,,,,,,,,,,,,,,,,,,,,,,,,,,,,,,,,,,,,,,,,,,,,,,,,,,,,,,,,,,,,,,,,,,,,,,,,,,,,,,,,,,,,,,,,,,,,,,,,,,,,,,,,,,,,,,,,,,,,,,,,,,,,,,,,,,,,,,,,,
,,,,,,,,,,,,,,,,,,,,,,,,,,,,,,,,,,,,,,,,,,,,,,,,,,,,,,,,,,,,,,,,,,,,,,,,,,,,,,,,,,,,,,,,,,,,,,,,,,,,,,,,,,,,,,,,,,,,,,,,,,,,,,,,,,,,,,,,,,,,,,,,,,,,,,,,,,,,,,,,,,,,,,,,,,,,,,,,,,,,,,,,,,,,,,,,,,,,,,,,
GEO/TIME,2000M01,2000M02,2000M03,2000M04,2000M05,2000M06,2000M07,2000M08,2000M09,2000M10,2000M11,2000M12,2001M01,2001M02,2001M03,2001M04,2001M05,2001M06,2001M07,2001M08,2001M09,2001M10,2001M11,2001M12,2002M01,2002M02,2002M03,2002M04,2002M05,2002M06,2002M07,2002M08,2002M09,2002M10,2002M11,2002M12,2003M01,2003M02,2003M03,2003M04,2003M05,2003M06,2003M07,2003M08,2003M09,2003M10,2003M11,2003M12,2004M01,2004M02,2004M03,2004M04,2004M05,2004M06,2004M07,2004M08,2004M09,2004M10,2004M11,2004M12,2005M01,2005M02,2005M03,2005M04,2005M05,2005M06,2005M07,2005M08,2005M09,2005M10,2005M11,2005M12,2006M01,2006M02,2006M03,2006M04,2006M05,2006M06,2006M07,2006M08,2006M09,2006M10,2006M11,2006M12,2007M01,2007M02,2007M03,2007M04,2007M05,2007M06,2007M07,2007M08,2007M09,2007M10,2007M11,2007M12,2008M01,2008M02,2008M03,2008M04,2008M05,2008M06,2008M07,2008M08,2008M09,2008M10,2008M11,2008M12,2009M01,2009M02,2009M03,2009M04,2009M05,2009M06,2009M07,2009M08,2009M09,2009M10,2009M11,2009M12,2010M01,2010M02,2010M03,2010M04,2010M05,2010M06,2010M07,2010M08,2010M09,2010M10,2010M11,2010M12,2011M01,2011M02,2011M03,2011M04,2011M05,2011M06,2011M07,2011M08,2011M09,2011M10,2011M11,2011M12,2012M01,2012M02,2012M03,2012M04,2012M05,2012M06,2012M07,2012M08,2012M09,2012M10,2012M11,2012M12,2013M01,2013M02,2013M03,2013M04,2013M05,2013M06,2013M07,2013M08,2013M09,2013M10,2013M11,2013M12,2014M01,2014M02,2014M03,2014M04,2014M05,2014M06,2014M07,2014M08,2014M09,2014M10,2014M11,2014M12,2015M01,2015M02,2015M03,2015M04,2015M05,2015M06,2015M07,2015M08,2015M09,2015M10,2015M11,2015M12,2016M01,2016M02,2016M03,2016M04,2016M05,2016M06,2016M07,2016M08
Estonia,-3.4,-3.5,-3.8,0.4,0.4,0.2,4.9,6.6,8.1,10.7,11.1,11.3,18.4,18.8,19.2,10.6,9.1,10.4,8.7,9,7.1,2.1,2.7,-0.4,5.6,11,17.7,14.9,15.1,14.5,14.6,15,17.6,17.5,12.3,7.4,16.6,18.1,16.9,10.6,6.6,7.1,11.4,11.1,11.6,12.4,8.6,4.1,9.8,12.3,13.4,13.5,18.2,16.6,10,10.1,12.2,6.7,4.5,6.3,12.2,14.6,17.4,13.4,14.5,11.3,11.9,14.5,13,19,16.7,20.7,13.6,12.7,18.3,18.3,16.1,20.2,22,23,20.8,22,25.4,28.5,22.8,25.9,23.8,22.2,20,20.6,15.4,9.5,8,6.1,5.2,1.1,4,2.4,-0.4,-3.9,-5.5,-10.7,-8.7,-11.4,-17.9,-23,-26.3,-31.1,-28.3,-36,-39.1,-35.5,-32.2,-33.3,-27.5,-24.1,-23.9,-22.5,-19.8,-14.2,-12.3,-10.8,-8,-2.4,0.9,-2.3,1.4,4.3,2.7,11.7,8.3,12.6,10.9,11.3,11.7,10,9,10.6,6.1,4.7,5.3,-0.6,2.4,0.8,-1.2,1,3.9,-0.8,-2.4,3.8,-1.3,2,-2.2,-4.1,-6,-6.9,-3.4,1.1,0.2,-4.7,-0.5,-2.9,-4.5,-1.6,0.9,1,-0.2,-3.5,3.8,1.4,-2.3,-1.2,-2,-3.9,-2,-0.5,-3.2,-0.6,0.5,-1.2,-1.3,-2.1,-4.1,-3.1,-2.4,-4.9,-2,-4.5,-4.6,-1.6,-1.6,-0.2,0.8,-0.2,0.6,-0.4,-1.9,-0.4,0.9,2.4
Latvia,-13.7,-13.4,-13.1,-9.8,-9.5,-9.1,-9.4,-9.1,-8.9,-1.6,-1.2,-1,-1.1,-0.7,-0.6,-2.7,-6,-2.7,2.3,3.1,1,-0.6,-1.3,-4.9,4.5,4.5,6.8,-1.3,-0.9,-0.9,0.2,-0.3,0.1,2,1.3,2.4,0.9,3,7.1,4.4,4.4,1.5,4.7,4.6,5.2,4.9,4.8,4.9,2.9,4.3,5.2,5.4,6.8,4.9,4.3,4.8,4.7,3.8,2.5,3.7,1.1,3.7,3.3,4.3,6.4,5,5.7,7.5,8.4,7.1,9,8.9,5.2,4.9,6.3,5.5,5.8,5,7,7.4,8.9,9.3,7.6,8.1,9.7,11.8,9.4,6.8,6.2,6,4.4,5.1,2.8,0.4,0.1,-0.2,-0.9,-2,-5.6,-7.8,-13.1,-12.3,-14.1,-13.6,-17.6,-22.8,-25.7,-28,-31.5,-36.3,-35.6,-28.2,-27.2,-26.5,-26.3,-28.3,-26.4,-23.4,-22.5,-19.7,-18.1,-14.2,-10.7,-8.1,-5.4,-5.3,-5.1,-5.1,-5.7,-4.4,-4.7,-4.6,-5.9,-3,-2.8,-3,-3.8,-5.2,-3.4,-6.8,-4.8,-4.9,-4.9,-5.7,-2.8,-3.1,-2.6,-6,-5.1,-4.2,-7.3,-5.3,-3.7,-3.9,-3.9,-3.4,-2.1,-1.4,-3.9,-5.9,-3.9,-4.1,-3.6,-4.1,-4,-4.4,-2.4,-2.6,-1.5,-0.9,-4.7,-3.2,-5.5,-4.2,-3.5,-4.7,-4.7,-5.2,-4.2,-7.1,-6,-8.1,-7.5,-5.4,-6.2,-7.7,-6.5,-4.4,-6.8,-5.4,-7.1,-6.2,-5.9,-7.2,-5.4,-4.5,-4.8,-3.2,-4.5,-5.7
Lithuania,-16.6,-15.7,-17.2,-17.3,-12.8,-16.2,-19.5,-14.9,-10.1,-12.9,-11.3,-12.5,-11.2,-11.2,-7.4,-2.3,-2.9,-10,-10.3,-6.1,-9.5,-6.9,-7.5,-6.3,-7.2,-6.9,-7.6,-8.1,-8.8,-13.5,-13.2,-9.5,-9.5,-5.2,-6.8,-8,-8.8,-8.4,-13.4,-13.5,-10.7,-16.8,-14.1,-14.3,-10,-7.3,-2.7,-1,-6.7,-6.5,-5.1,-3.9,-2.5,-4.1,1.4,-4.7,-3.1,-0.4,-2.5,-11.8,-8.6,-6.8,-2.8,-3.8,-7.2,-1.7,4.3,-2.3,4.1,4.6,0.4,4,4.2,4.2,6.1,5.7,7.5,8.4,6.5,5.9,5.8,8.1,2.6,-0.5,1.4,2.5,3,8.1,5.7,9.4,8.3,9.8,5.1,2.9,9.5,4.7,5.3,-1.5,-5.2,-9.5,-3.8,-3.6,-8.3,-7,-11.6,-15.1,-25.9,-27.6,-28.8,-32.1,-36.8,-41.4,-37.1,-35.1,-35.3,-31.8,-37.2,-31.6,-30.2,-25.2,-15.7,-17.1,-14.7,-12.5,-13.9,-18.1,-17.4,-14.5,-13.6,-10.2,-6.6,-3.2,-5.2,-6,-3.1,2.1,0.1,3.6,5.3,-4.8,-10.9,-16.7,-14,-7.6,-11.8,-9.9,-13.8,-12.9,-10.7,-11.1,-10.9,-16.6,-12.2,-13.8,-16.4,-11.4,-9.6,-7.1,-6.9,-6.6,-7,-2.5,-6.6,0.3,0.3,-6.3,-7.8,-7.6,-4.5,-4.9,-2.9,-4.9,-6.9,-9,-10.2,-8,-8.4,-3.4,-5.2,-7.9,-10.3,-10.8,-5.1,-3.6,-11.1,-13,-14.2,-13.8,-7.3,-3.7,-1.5,-7.6,-7.2,-7.9,-9.5,-12.2,-10.8,-12.6,-10.5,-6.1
,,,,,,,,,,,,,,,,,,,,,,,,,,,,,,,,,,,,,,,,,,,,,,,,,,,,,,,,,,,,,,,,,,,,,,,,,,,,,,,,,,,,,,,,,,,,,,,,,,,,,,,,,,,,,,,,,,,,,,,,,,,,,,,,,,,,,,,,,,,,,,,,,,,,,,,,,,,,,,,,,,,,,,,,,,,,,,,,,,,,,,,,,,,,,,,,,,,,,,,,
,,,,,,,,,,,,,,,,,,,,,,,,,,,,,,,,,,,,,,,,,,,,,,,,,,,,,,,,,,,,,,,,,,,,,,,,,,,,,,,,,,,,,,,,,,,,,,,,,,,,,,,,,,,,,,,,,,,,,,,,,,,,,,,,,,,,,,,,,,,,,,,,,,,,,,,,,,,,,,,,,,,,,,,,,,,,,,,,,,,,,,,,,,,,,,,,,,,,,,,,
,,,,,,,,,,,,,,,,,,,,,,,,,,,,,,,,,,,,,,,,,,,,,,,,,,,,,,,,,,,,,,,,,,,,,,,,,,,,,,,,,,,,,,,,,,,,,,,,,,,,,,,,,,,,,,,,,,,,,,,,,,,,,,,,,,,,,,,,,,,,,,,,,,,,,,,,,,,,,,,,,,,,,,,,,,,,,,,,,,,,,,,,,,,,,,,,,,,,,,,,
,,,,,,,,,,,,,,,,,,,,,,,,,,,,,,,,,,,,,,,,,,,,,,,,,,,,,,,,,,,,,,,,,,,,,,,,,,,,,,,,,,,,,,,,,,,,,,,,,,,,,,,,,,,,,,,,,,,,,,,,,,,,,,,,,,,,,,,,,,,,,,,,,,,,,,,,,,,,,,,,,,,,,,,,,,,,,,,,,,,,,,,,,,,,,,,,,,,,,,,,
,,,,,,,,,,,,,,,,,,,,,,,,,,,,,,,,,,,,,,,,,,,,,,,,,,,,,,,,,,,,,,,,,,,,,,,,,,,,,,,,,,,,,,,,,,,,,,,,,,,,,,,,,,,,,,,,,,,,,,,,,,,,,,,,,,,,,,,,,,,,,,,,,,,,,,,,,,,,,,,,,,,,,,,,,,,,,,,,,,,,,,,,,,,,,,,,,,,,,,,,
,,,,,,,,,,,,,,,,,,,,,,,,,,,,,,,,,,,,,,,,,,,,,,,,,,,,,,,,,,,,,,,,,,,,,,,,,,,,,,,,,,,,,,,,,,,,,,,,,,,,,,,,,,,,,,,,,,,,,,,,,,,,,,,,,,,,,,,,,,,,,,,,,,,,,,,,,,,,,,,,,,,,,,,,,,,,,,,,,,,,,,,,,,,,,,,,,,,,,,,,
,,,,,,,,,,,,,,,,,,,,,,,,,,,,,,,,,,,,,,,,,,,,,,,,,,,,,,,,,,,,,,,,,,,,,,,,,,,,,,,,,,,,,,,,,,,,,,,,,,,,,,,,,,,,,,,,,,,,,,,,,,,,,,,,,,,,,,,,,,,,,,,,,,,,,,,,,,,,,,,,,,,,,,,,,,,,,,,,,,,,,,,,,,,,,,,,,,,,,,,,
,,,,,,,,,,,,,,,,,,,,,,,,,,,,,,,,,,,,,,,,,,,,,,,,,,,,,,,,,,,,,,,,,,,,,,,,,,,,,,,,,,,,,,,,,,,,,,,,,,,,,,,,,,,,,,,,,,,,,,,,,,,,,,,,,,,,,,,,,,,,,,,,,,,,,,,,,,,,,,,,,,,,,,,,,,,,,,,,,,,,,,,,,,,,,,,,,,,,,,,,
,,,,,,,,,,,,,,,,,,,,,,,,,,,,,,,,,,,,,,,,,,,,,,,,,,,,,,,,,,,,,,,,,,,,,,,,,,,,,,,,,,,,,,,,,,,,,,,,,,,,,,,,,,,,,,,,,,,,,,,,,,,,,,,,,,,,,,,,,,,,,,,,,,,,,,,,,,,,,,,,,,,,,,,,,,,,,,,,,,,,,,,,,,,,,,,,,,,,,,,,
,,,,,,,,,,,,,,,,,,,,,,,,,,,,,,,,,,,,,,,,,,,,,,,,,,,,,,,,,,,,,,,,,,,,,,,,,,,,,,,,,,,,,,,,,,,,,,,,,,,,,,,,,,,,,,,,,,,,,,,,,,,,,,,,,,,,,,,,,,,,,,,,,,,,,,,,,,,,,,,,,,,,,,,,,,,,,,,,,,,,,,,,,,,,,,,,,,,,,,,,
,,,,,,,,,,,,,,,,,,,,,,,,,,,,,,,,,,,,,,,,,,,,,,,,,,,,,,,,,,,,,,,,,,,,,,,,,,,,,,,,,,,,,,,,,,,,,,,,,,,,,,,,,,,,,,,,,,,,,,,,,,,,,,,,,,,,,,,,,,,,,,,,,,,,,,,,,,,,,,,,,,,,,,,,,,,,,,,,,,,,,,,,,,,,,,,,,,,,,,,,
,,,,,,,,,,,,,,,,,,,,,,,,,,,,,,,,,,,,,,,,,,,,,,,,,,,,,,,,,,,,,,,,,,,,,,,,,,,,,,,,,,,,,,,,,,,,,,,,,,,,,,,,,,,,,,,,,,,,,,,,,,,,,,,,,,,,,,,,,,,,,,,,,,,,,,,,,,,,,,,,,,,,,,,,,,,,,,,,,,,,,,,,,,,,,,,,,,,,,,,,
,,,,,,,,,,,,,,,,,,,,,,,,,,,,,,,,,,,,,,,,,,,,,,,,,,,,,,,,,,,,,,,,,,,,,,,,,,,,,,,,,,,,,,,,,,,,,,,,,,,,,,,,,,,,,,,,,,,,,,,,,,,,,,,,,,,,,,,,,,,,,,,,,,,,,,,,,,,,,,,,,,,,,,,,,,,,,,,,,,,,,,,,,,,,,,,,,,,,,,,,
,,,,,,,,,,,,,,,,,,,,,,,,,,,,,,,,,,,,,,,,,,,,,,,,,,,,,,,,,,,,,,,,,,,,,,,,,,,,,,,,,,,,,,,,,,,,,,,,,,,,,,,,,,,,,,,,,,,,,,,,,,,,,,,,,,,,,,,,,,,,,,,,,,,,,,,,,,,,,,,,,,,,,,,,,,,,,,,,,,,,,,,,,,,,,,,,,,,,,,,,
,,,,,,,,,,,,,,,,,,,,,,,,,,,,,,,,,,,,,,,,,,,,,,,,,,,,,,,,,,,,,,,,,,,,,,,,,,,,,,,,,,,,,,,,,,,,,,,,,,,,,,,,,,,,,,,,,,,,,,,,,,,,,,,,,,,,,,,,,,,,,,,,,,,,,,,,,,,,,,,,,,,,,,,,,,,,,,,,,,,,,,,,,,,,,,,,,,,,,,,,
INDIC,Retail confidence indicator,,,,,,,,,,,,,,,,,,,,,,,,,,,,,,,,,,,,,,,,,,,,,,,,,,,,,,,,,,,,,,,,,,,,,,,,,,,,,,,,,,,,,,,,,,,,,,,,,,,,,,,,,,,,,,,,,,,,,,,,,,,,,,,,,,,,,,,,,,,,,,,,,,,,,,,,,,,,,,,,,,,,,,,,,,,,,,,,,,,,,,,,,,,,,,,,,,,,,,,
S_ADJ,"Seasonally adjusted data, not calendar adjusted data",,,,,,,,,,,,,,,,,,,,,,,,,,,,,,,,,,,,,,,,,,,,,,,,,,,,,,,,,,,,,,,,,,,,,,,,,,,,,,,,,,,,,,,,,,,,,,,,,,,,,,,,,,,,,,,,,,,,,,,,,,,,,,,,,,,,,,,,,,,,,,,,,,,,,,,,,,,,,,,,,,,,,,,,,,,,,,,,,,,,,,,,,,,,,,,,,,,,,,,
,,,,,,,,,,,,,,,,,,,,,,,,,,,,,,,,,,,,,,,,,,,,,,,,,,,,,,,,,,,,,,,,,,,,,,,,,,,,,,,,,,,,,,,,,,,,,,,,,,,,,,,,,,,,,,,,,,,,,,,,,,,,,,,,,,,,,,,,,,,,,,,,,,,,,,,,,,,,,,,,,,,,,,,,,,,,,,,,,,,,,,,,,,,,,,,,,,,,,,,,
GEO/TIME,2000M01,2000M02,2000M03,2000M04,2000M05,2000M06,2000M07,2000M08,2000M09,2000M10,2000M11,2000M12,2001M01,2001M02,2001M03,2001M04,2001M05,2001M06,2001M07,2001M08,2001M09,2001M10,2001M11,2001M12,2002M01,2002M02,2002M03,2002M04,2002M05,2002M06,2002M07,2002M08,2002M09,2002M10,2002M11,2002M12,2003M01,2003M02,2003M03,2003M04,2003M05,2003M06,2003M07,2003M08,2003M09,2003M10,2003M11,2003M12,2004M01,2004M02,2004M03,2004M04,2004M05,2004M06,2004M07,2004M08,2004M09,2004M10,2004M11,2004M12,2005M01,2005M02,2005M03,2005M04,2005M05,2005M06,2005M07,2005M08,2005M09,2005M10,2005M11,2005M12,2006M01,2006M02,2006M03,2006M04,2006M05,2006M06,2006M07,2006M08,2006M09,2006M10,2006M11,2006M12,2007M01,2007M02,2007M03,2007M04,2007M05,2007M06,2007M07,2007M08,2007M09,2007M10,2007M11,2007M12,2008M01,2008M02,2008M03,2008M04,2008M05,2008M06,2008M07,2008M08,2008M09,2008M10,2008M11,2008M12,2009M01,2009M02,2009M03,2009M04,2009M05,2009M06,2009M07,2009M08,2009M09,2009M10,2009M11,2009M12,2010M01,2010M02,2010M03,2010M04,2010M05,2010M06,2010M07,2010M08,2010M09,2010M10,2010M11,2010M12,2011M01,2011M02,2011M03,2011M04,2011M05,2011M06,2011M07,2011M08,2011M09,2011M10,2011M11,2011M12,2012M01,2012M02,2012M03,2012M04,2012M05,2012M06,2012M07,2012M08,2012M09,2012M10,2012M11,2012M12,2013M01,2013M02,2013M03,2013M04,2013M05,2013M06,2013M07,2013M08,2013M09,2013M10,2013M11,2013M12,2014M01,2014M02,2014M03,2014M04,2014M05,2014M06,2014M07,2014M08,2014M09,2014M10,2014M11,2014M12,2015M01,2015M02,2015M03,2015M04,2015M05,2015M06,2015M07,2015M08,2015M09,2015M10,2015M11,2015M12,2016M01,2016M02,2016M03,2016M04,2016M05,2016M06,2016M07,2016M08
Estonia,0.3,0.4,0.2,-2,-1.8,-1.6,2.5,2.7,2.7,3.6,3.9,4.2,9.7,9.5,9.3,4.1,4,4.1,4.1,4.5,4.9,-0.2,0.2,0.5,11.6,12.7,14,10.6,11.5,17,16.6,17.3,15,6.8,6.9,4.5,8.6,8.6,8,4.2,16.7,15.6,16.5,15.6,20.9,16.5,16.1,0.9,5.3,22.4,27.3,32.9,33.3,27.2,21.1,23,21.2,22.5,21.1,9.3,12.6,18.9,21.4,25.6,23.9,23.3,28.9,21.9,23.3,24.5,23.1,24.3,24.7,25.8,25.2,30.9,32.1,34.5,33.4,35,35.3,34.6,34.2,32.2,31,33.1,32.4,35.6,30.3,30.1,24.8,26.5,26,18,21.7,21.9,16.8,7.5,6.9,-3.6,-2.5,-3.4,-9.3,-8.8,-15.8,-21.8,-31.2,-32.6,-34.3,-41.6,-43.6,-44.8,-41.5,-45.6,-38.4,-34.3,-32.2,-30.3,-28.6,-24.2,-17.7,-16,-14.4,-3.5,-3.4,2.6,8.9,7,7.1,13.3,17.9,12.9,19,23,25.1,28.8,28.8,29,27.2,18.5,17,19.6,13.5,12,14.8,16.3,22.6,23.7,19.2,14.3,12.6,9.5,10.8,12.7,14.9,15.8,14.6,13.3,11.6,6.9,5.7,13.7,8.7,10.1,8.7,9.2,11,18.5,14.2,16.3,16.9,16.2,14.1,13,10.3,13.8,10,14.3,16.6,17.7,9.2,7,7.5,7.4,6.2,5.7,10.1,10.8,9.1,9.9,8.2,13.1,18.9,18.2,17.2,14.1,13.2,14.1,13.8,11.4
Latvia,2.3,2.2,2.1,7.5,7.6,7.7,9,9.2,9.5,9.6,9.8,10,7.2,7.2,7.2,6.9,6.8,6.8,3.9,3.8,3.8,6.4,6.3,6.4,7.4,7.4,7.4,8.1,11.2,9.2,11.4,9.1,14.2,10.5,11.5,11.9,10.6,11,11.7,12.8,14.6,17.2,15.9,15.5,11.3,13.6,11,10.9,7.7,9.4,11.9,15.5,13.4,14.3,15.2,15.1,13.2,14.1,12.8,9.4,10.5,13,9.9,10.1,12.4,15.2,16.8,16.3,14.9,15.8,17.3,14.1,17.1,17.6,17.2,19.3,17.3,17.4,16.3,17.5,18,18.8,20.6,20.3,21.8,22.2,22.4,22.8,21.1,18.9,18.4,16.2,18.3,15.4,15.1,11,9.1,6.9,4.5,0.3,1.5,-2.5,-4.3,-5.5,-9.4,-13,-19.5,-28.5,-31.3,-35.2,-32.9,-28.6,-27.3,-28.3,-27,-26,-23.8,-20.8,-17.7,-15.1,-16,-15.5,-5.8,1.2,4.2,8.8,7.3,7.4,3.6,5,6.5,3.3,5.9,7.6,6.9,6.8,7.8,9.2,7.2,5.2,2.8,3,2.8,7.1,9.3,9.1,7.6,6.4,2.4,8.7,3.8,6.3,8.3,6.3,3.6,6.1,11.2,8.7,6.2,3,5.1,3.8,3.3,6,5.1,5.6,8.3,9,7.8,10.3,10.5,9.5,10.2,6.1,8.6,7.4,6.6,8.9,7.4,7.5,5.4,3.6,4.8,3.5,3.7,3.1,5.2,5.4,3.8,3,6,3.5,4.4,6.3,9.6,9,10.2,7.9,7.9,5.2
Lithuania,-12.4,-12.4,-12.4,-16.3,-16.4,-16.4,-24.1,-24.4,-24.6,-19.9,-20.1,-20.2,-13.9,-13.8,-13.8,-12.9,-12.7,-12.5,-16.6,-16.8,-17.1,-5.1,-4.8,-4.5,-7.4,-7.2,-6.6,1.9,4,3.1,2.9,3.9,6.9,5.8,6.8,7,2.2,4.1,3.1,0.6,-0.1,3.4,0.6,2.2,3.4,0.3,3.2,1.9,-0.6,4.6,25.8,24.9,23.3,26.2,11.3,8.6,11,13,10.9,11,5.6,9.8,-4.5,-0.9,3,6.3,13.4,12.5,12.1,12.6,17,15.3,15.9,13.6,12.1,17.1,12.5,21.9,36.7,39.4,35.3,36.7,40.5,38.5,41.7,37.4,36,40.1,26.5,25.1,35.3,26.8,28.6,31.8,36.7,26,26.6,23.8,20.3,14.5,21,7.4,9,10.1,2.6,-10.4,-25.7,-32.4,-47.6,-52.9,-50.5,-57.8,-35.4,-37,-41.5,-41.5,-45.6,-36,-41.9,-40.2,-28.7,-24.8,-22.9,-17.3,-13.1,-4.7,-2.2,5,8.3,7.3,8,15.6,-2.1,2.4,2.6,5,9.7,9.3,3.2,2.1,-0.1,-3.2,-5.6,-4.1,-10.4,-1.4,-2.3,4.8,-12.3,-3.7,-19,-19.9,-12.2,-14.4,-14.8,-9.9,-3.6,-8.2,0.3,3,-0.8,0,-5.2,-0.2,-7.9,-4.1,-2,-4.8,8.7,7.2,7.8,6.6,5.7,-1.8,0.4,5.3,1.6,0.7,2.4,1.6,7.1,3.4,0,-8.6,-1.6,-4.4,2.7,1.9,1.1,1.9,5.1,15.1,16.2,15.1,13.8,10.3,10.9,7.1,6.3,0.8
,,,,,,,,,,,,,,,,,,,,,,,,,,,,,,,,,,,,,,,,,,,,,,,,,,,,,,,,,,,,,,,,,,,,,,,,,,,,,,,,,,,,,,,,,,,,,,,,,,,,,,,,,,,,,,,,,,,,,,,,,,,,,,,,,,,,,,,,,,,,,,,,,,,,,,,,,,,,,,,,,,,,,,,,,,,,,,,,,,,,,,,,,,,,,,,,,,,,,,,,
,,,,,,,,,,,,,,,,,,,,,,,,,,,,,,,,,,,,,,,,,,,,,,,,,,,,,,,,,,,,,,,,,,,,,,,,,,,,,,,,,,,,,,,,,,,,,,,,,,,,,,,,,,,,,,,,,,,,,,,,,,,,,,,,,,,,,,,,,,,,,,,,,,,,,,,,,,,,,,,,,,,,,,,,,,,,,,,,,,,,,,,,,,,,,,,,,,,,,,,,
,,,,,,,,,,,,,,,,,,,,,,,,,,,,,,,,,,,,,,,,,,,,,,,,,,,,,,,,,,,,,,,,,,,,,,,,,,,,,,,,,,,,,,,,,,,,,,,,,,,,,,,,,,,,,,,,,,,,,,,,,,,,,,,,,,,,,,,,,,,,,,,,,,,,,,,,,,,,,,,,,,,,,,,,,,,,,,,,,,,,,,,,,,,,,,,,,,,,,,,,
,,,,,,,,,,,,,,,,,,,,,,,,,,,,,,,,,,,,,,,,,,,,,,,,,,,,,,,,,,,,,,,,,,,,,,,,,,,,,,,,,,,,,,,,,,,,,,,,,,,,,,,,,,,,,,,,,,,,,,,,,,,,,,,,,,,,,,,,,,,,,,,,,,,,,,,,,,,,,,,,,,,,,,,,,,,,,,,,,,,,,,,,,,,,,,,,,,,,,,,,
,,,,,,,,,,,,,,,,,,,,,,,,,,,,,,,,,,,,,,,,,,,,,,,,,,,,,,,,,,,,,,,,,,,,,,,,,,,,,,,,,,,,,,,,,,,,,,,,,,,,,,,,,,,,,,,,,,,,,,,,,,,,,,,,,,,,,,,,,,,,,,,,,,,,,,,,,,,,,,,,,,,,,,,,,,,,,,,,,,,,,,,,,,,,,,,,,,,,,,,,
,,,,,,,,,,,,,,,,,,,,,,,,,,,,,,,,,,,,,,,,,,,,,,,,,,,,,,,,,,,,,,,,,,,,,,,,,,,,,,,,,,,,,,,,,,,,,,,,,,,,,,,,,,,,,,,,,,,,,,,,,,,,,,,,,,,,,,,,,,,,,,,,,,,,,,,,,,,,,,,,,,,,,,,,,,,,,,,,,,,,,,,,,,,,,,,,,,,,,,,,
,,,,,,,,,,,,,,,,,,,,,,,,,,,,,,,,,,,,,,,,,,,,,,,,,,,,,,,,,,,,,,,,,,,,,,,,,,,,,,,,,,,,,,,,,,,,,,,,,,,,,,,,,,,,,,,,,,,,,,,,,,,,,,,,,,,,,,,,,,,,,,,,,,,,,,,,,,,,,,,,,,,,,,,,,,,,,,,,,,,,,,,,,,,,,,,,,,,,,,,,
,,,,,,,,,,,,,,,,,,,,,,,,,,,,,,,,,,,,,,,,,,,,,,,,,,,,,,,,,,,,,,,,,,,,,,,,,,,,,,,,,,,,,,,,,,,,,,,,,,,,,,,,,,,,,,,,,,,,,,,,,,,,,,,,,,,,,,,,,,,,,,,,,,,,,,,,,,,,,,,,,,,,,,,,,,,,,,,,,,,,,,,,,,,,,,,,,,,,,,,,
,,,,,,,,,,,,,,,,,,,,,,,,,,,,,,,,,,,,,,,,,,,,,,,,,,,,,,,,,,,,,,,,,,,,,,,,,,,,,,,,,,,,,,,,,,,,,,,,,,,,,,,,,,,,,,,,,,,,,,,,,,,,,,,,,,,,,,,,,,,,,,,,,,,,,,,,,,,,,,,,,,,,,,,,,,,,,,,,,,,,,,,,,,,,,,,,,,,,,,,,
,,,,,,,,,,,,,,,,,,,,,,,,,,,,,,,,,,,,,,,,,,,,,,,,,,,,,,,,,,,,,,,,,,,,,,,,,,,,,,,,,,,,,,,,,,,,,,,,,,,,,,,,,,,,,,,,,,,,,,,,,,,,,,,,,,,,,,,,,,,,,,,,,,,,,,,,,,,,,,,,,,,,,,,,,,,,,,,,,,,,,,,,,,,,,,,,,,,,,,,,
,,,,,,,,,,,,,,,,,,,,,,,,,,,,,,,,,,,,,,,,,,,,,,,,,,,,,,,,,,,,,,,,,,,,,,,,,,,,,,,,,,,,,,,,,,,,,,,,,,,,,,,,,,,,,,,,,,,,,,,,,,,,,,,,,,,,,,,,,,,,,,,,,,,,,,,,,,,,,,,,,,,,,,,,,,,,,,,,,,,,,,,,,,,,,,,,,,,,,,,,
,,,,,,,,,,,,,,,,,,,,,,,,,,,,,,,,,,,,,,,,,,,,,,,,,,,,,,,,,,,,,,,,,,,,,,,,,,,,,,,,,,,,,,,,,,,,,,,,,,,,,,,,,,,,,,,,,,,,,,,,,,,,,,,,,,,,,,,,,,,,,,,,,,,,,,,,,,,,,,,,,,,,,,,,,,,,,,,,,,,,,,,,,,,,,,,,,,,,,,,,
,,,,,,,,,,,,,,,,,,,,,,,,,,,,,,,,,,,,,,,,,,,,,,,,,,,,,,,,,,,,,,,,,,,,,,,,,,,,,,,,,,,,,,,,,,,,,,,,,,,,,,,,,,,,,,,,,,,,,,,,,,,,,,,,,,,,,,,,,,,,,,,,,,,,,,,,,,,,,,,,,,,,,,,,,,,,,,,,,,,,,,,,,,,,,,,,,,,,,,,,
,,,,,,,,,,,,,,,,,,,,,,,,,,,,,,,,,,,,,,,,,,,,,,,,,,,,,,,,,,,,,,,,,,,,,,,,,,,,,,,,,,,,,,,,,,,,,,,,,,,,,,,,,,,,,,,,,,,,,,,,,,,,,,,,,,,,,,,,,,,,,,,,,,,,,,,,,,,,,,,,,,,,,,,,,,,,,,,,,,,,,,,,,,,,,,,,,,,,,,,,
,,,,,,,,,,,,,,,,,,,,,,,,,,,,,,,,,,,,,,,,,,,,,,,,,,,,,,,,,,,,,,,,,,,,,,,,,,,,,,,,,,,,,,,,,,,,,,,,,,,,,,,,,,,,,,,,,,,,,,,,,,,,,,,,,,,,,,,,,,,,,,,,,,,,,,,,,,,,,,,,,,,,,,,,,,,,,,,,,,,,,,,,,,,,,,,,,,,,,,,,
INDIC,Consumer confidence indicator,,,,,,,,,,,,,,,,,,,,,,,,,,,,,,,,,,,,,,,,,,,,,,,,,,,,,,,,,,,,,,,,,,,,,,,,,,,,,,,,,,,,,,,,,,,,,,,,,,,,,,,,,,,,,,,,,,,,,,,,,,,,,,,,,,,,,,,,,,,,,,,,,,,,,,,,,,,,,,,,,,,,,,,,,,,,,,,,,,,,,,,,,,,,,,,,,,,,,,,
S_ADJ,"Seasonally adjusted data, not calendar adjusted data",,,,,,,,,,,,,,,,,,,,,,,,,,,,,,,,,,,,,,,,,,,,,,,,,,,,,,,,,,,,,,,,,,,,,,,,,,,,,,,,,,,,,,,,,,,,,,,,,,,,,,,,,,,,,,,,,,,,,,,,,,,,,,,,,,,,,,,,,,,,,,,,,,,,,,,,,,,,,,,,,,,,,,,,,,,,,,,,,,,,,,,,,,,,,,,,,,,,,,,
,,,,,,,,,,,,,,,,,,,,,,,,,,,,,,,,,,,,,,,,,,,,,,,,,,,,,,,,,,,,,,,,,,,,,,,,,,,,,,,,,,,,,,,,,,,,,,,,,,,,,,,,,,,,,,,,,,,,,,,,,,,,,,,,,,,,,,,,,,,,,,,,,,,,,,,,,,,,,,,,,,,,,,,,,,,,,,,,,,,,,,,,,,,,,,,,,,,,,,,,
GEO/TIME,2000M01,2000M02,2000M03,2000M04,2000M05,2000M06,2000M07,2000M08,2000M09,2000M10,2000M11,2000M12,2001M01,2001M02,2001M03,2001M04,2001M05,2001M06,2001M07,2001M08,2001M09,2001M10,2001M11,2001M12,2002M01,2002M02,2002M03,2002M04,2002M05,2002M06,2002M07,2002M08,2002M09,2002M10,2002M11,2002M12,2003M01,2003M02,2003M03,2003M04,2003M05,2003M06,2003M07,2003M08,2003M09,2003M10,2003M11,2003M12,2004M01,2004M02,2004M03,2004M04,2004M05,2004M06,2004M07,2004M08,2004M09,2004M10,2004M11,2004M12,2005M01,2005M02,2005M03,2005M04,2005M05,2005M06,2005M07,2005M08,2005M09,2005M10,2005M11,2005M12,2006M01,2006M02,2006M03,2006M04,2006M05,2006M06,2006M07,2006M08,2006M09,2006M10,2006M11,2006M12,2007M01,2007M02,2007M03,2007M04,2007M05,2007M06,2007M07,2007M08,2007M09,2007M10,2007M11,2007M12,2008M01,2008M02,2008M03,2008M04,2008M05,2008M06,2008M07,2008M08,2008M09,2008M10,2008M11,2008M12,2009M01,2009M02,2009M03,2009M04,2009M05,2009M06,2009M07,2009M08,2009M09,2009M10,2009M11,2009M12,2010M01,2010M02,2010M03,2010M04,2010M05,2010M06,2010M07,2010M08,2010M09,2010M10,2010M11,2010M12,2011M01,2011M02,2011M03,2011M04,2011M05,2011M06,2011M07,2011M08,2011M09,2011M10,2011M11,2011M12,2012M01,2012M02,2012M03,2012M04,2012M05,2012M06,2012M07,2012M08,2012M09,2012M10,2012M11,2012M12,2013M01,2013M02,2013M03,2013M04,2013M05,2013M06,2013M07,2013M08,2013M09,2013M10,2013M11,2013M12,2014M01,2014M02,2014M03,2014M04,2014M05,2014M06,2014M07,2014M08,2014M09,2014M10,2014M11,2014M12,2015M01,2015M02,2015M03,2015M04,2015M05,2015M06,2015M07,2015M08,2015M09,2015M10,2015M11,2015M12,2016M01,2016M02,2016M03,2016M04,2016M05,2016M06,2016M07,2016M08
Estonia,-36.8,-37,-37.2,-33.7,-33.8,-33.8,-30.4,-30.2,-30,-33.8,-33.9,-34.1,-31.5,-31.6,-31.8,-36.2,-20.7,-17.9,-16.8,-7.2,-14.9,-16.3,-18.5,-18.2,-10.6,-9.8,-8.9,-7.6,-7.5,-6.6,-6.6,-8.1,-4.4,-5.8,-4.6,-6.8,-3.5,-4.8,-0.4,-4,-6.1,-9.3,-10.4,-12.9,-10.6,-10.8,-12.5,-18,-11.5,-15.9,-15,-15.8,-20.3,-17.7,-13.8,-13.5,-10.6,-11.2,-7.8,-12,-12.1,-10.8,-4.4,-7.7,-7.1,-6,-1.1,-3.5,-9.7,1,2.5,6.1,8.7,8.1,9.1,12.8,12.4,10.3,8.5,6.2,10.7,11.9,9.7,10.3,11.9,11.7,9.2,10.5,5.7,6.9,2.8,-1.9,-2.5,-7.4,-8,-8.3,-12.5,-16,-13.6,-16.5,-19.5,-17.9,-20.9,-19.9,-20.9,-27.3,-30.6,-31,-32.3,-34.7,-38,-32,-28.1,-29.8,-29.4,-25.1,-18.4,-15,-14.2,-18.2,-15.8,-13.5,-12.9,-10.5,-5.4,-3.3,-2.7,-0.7,-1.6,-4.5,-6.2,-3.7,0.7,-0.7,0.3,-1.6,-2.5,-2.1,0.4,-3.6,-7.2,-10.2,-17.1,-15.6,-14.8,-13.8,-12.9,-11.5,-8.1,-9.4,-9.8,-9.2,-10.4,-13.5,-14.6,-8,-6.4,-6.5,-5.6,-4,-4.9,-7.9,-8.6,-6.3,-6.9,-2.8,-1.5,-2.3,-3.9,-2.6,-4.3,-2.7,-5,-3.7,-1.4,-4,-5.7,-2.7,-0.3,-0.6,-3.4,-8,-1.3,-3.8,-8.8,-7.3,-8.4,-7.4,-5.9,-5.2,-5.6,-6,-6.6,-13.7,-15,-12.9,-8.4,-8.9,-6.3,-6.2
Latvia,-21.1,-20.9,-20.9,:,:,:,:,:,:,:,:,:,:,:,:,:,-15,-11.5,-13.2,-13.6,-12.1,-11,-12.1,-12.9,-12.3,-14.1,-11.7,-13,-13.7,-13.8,-14.7,-11.1,-12.1,-12.6,-10.1,-11.9,-13.5,-12.6,-13.3,-11.6,-11.2,-14.3,-12.7,-17.5,-14,-13.3,-14.1,-13.1,-16.6,-18.9,-22.7,-19.3,-19.8,-15.6,-14,-12.9,-15.7,-18.4,-18.6,-17.5,-15.9,-11.9,-11.8,-14.8,-12,-14.4,-15.9,-13.7,-14.8,-13.8,-10.9,-10.3,-7.7,-8.8,-5.4,-7.1,-5.2,-4.9,-4.5,-5.2,1,-3.8,-4,-5.2,-5,-6.3,-6.2,-6.8,-7,-3.4,-5.3,-7.6,-8.5,-10,-14.3,-13.4,-18.2,-18.3,-18.6,-23.1,-23.5,-26.6,-24.9,-26.1,-30.8,-32.8,-36.4,-47.4,-52.9,-53.8,-51.4,-40.9,-38.7,-50.3,-54.9,-53.8,-51.1,-52.6,-49.2,-51.8,-40,-37.8,-31.9,-33.7,-29.1,-27.3,-29.3,-26.6,-27.5,-23.1,-24,-26.4,-23.2,-24.4,-25.3,-29.7,-26.2,-21.2,-20.9,-17.6,-17.1,-19.6,-19.6,-19.4,-17.5,-11.6,-18.1,-19.9,-19.8,-12.2,-14.3,-12.7,-12.8,-11.7,-11.5,-7.6,-8.3,-11.9,-10.1,-9.6,-10.7,-9.6,-11.9,-15.9,-13.7,-14.5,-13.9,-9.1,-9.6,-12.2,-10.4,-7.5,-8,-9.3,-6.1,-11.7,-13.2,-10.6,-8.3,-7.5,-9.2,-9.1,-5.1,-4,-5.5,-9.1,-7,-7,-11.5,-8.3,-8.9,-8.4,-8.2,-7,-9.5,-8.1,-8.6,-8.7,-8.7,-9.8
Lithuania,:,:,:,:,:,:,:,:,:,:,:,:,:,:,:,:,-32.2,-29.4,-24.2,-24.6,-25.7,-29.2,-27.2,-25.5,-24.5,-24.5,-24.4,-22.4,-20.4,-20.9,-21.6,-20.7,-18.5,-17.3,-16.4,-14.5,-8.5,-8.9,-9.2,-10.9,-8.1,-9.8,-10.8,-9.7,-13,-10,-12.2,-11.9,-13.3,-13.3,-10,-11.9,-12.4,-6.7,-6.1,-6,-2.6,-1.1,-2.8,-3.3,-4.2,-3.4,-5.3,-1.6,-4.3,-2.3,-3.8,-4.3,-7.9,-5.1,-1.7,-2.6,-1.7,-0.9,-1.1,0.5,0,0.4,0.5,-1.2,2,0.9,2.6,2.5,6,7.4,8.5,8.4,9.2,9.2,6.9,5.9,2.8,-1.4,-5.8,-4.4,-4.7,-4.5,-6.6,-11.1,-15.2,-21.5,-24.2,-27,-26.7,-33.5,-39.9,-50,-56.1,-53.5,-53.3,-53,-49.6,-44.5,-45.2,-48.6,-42.1,-46.4,-48.6,-47.7,-44.2,-41.2,-38.9,-38.7,-37.7,-36.6,-31,-25.8,-27.3,-23.5,-22,-21.8,-20.9,-22.8,-21,-18.3,-15.6,-16,-15.3,-17.1,-19.3,-21.1,-19.3,-25.2,-19.9,-22.2,-21.3,-21.7,-19.5,-17.2,-20.1,-19.4,-22.2,-18.9,-13.9,-13,-13.7,-14.5,-11.6,-12.1,-10,-9.3,-11.3,-8.9,-10.1,-9.3,-10.2,-5.7,-7.4,-8.7,-10.7,-11.5,-12.1,-11.5,-14.6,-21.1,-20.1,-17,-16.2,-14.4,-10.3,-8.5,-4.7,-5.8,-6,-8.3,-8.7,-8,-10.4,-7.5,-7.3,-5.6,-6.6,-8.5,-8.2,-8.8,-11.8,-8.1,-8.9,-9.3
